:020000040800F2
:10000000000004207D650008555900085D5900086E
:10001000655900086D590008755900080000000076
:100020000000000000000000000000007D590008F2
:100030008B5900080000000099590008A7590008D2
:10004000CD650008CD650008CD650008CD650008C8
:10005000CD650008CD650008CD650008CD650008B8
:10006000CD650008CD650008CD650008CD650008A8
:10007000CD650008CD650008B5590008C9590008CC
:10008000CD650008CD650008CD650008CD65000888
:10009000CD650008CD650008CD650008CD65000878
:1000A000CD650008CD650008CD650008CD65000868
:1000B000CD650008CD650008CD650008CD65000858
:1000C000CD650008CD650008CD650008CD65000848
:1000D000CD650008E5590008CD650008CD6500082C
:1000E000CD650008CD650008CD650008CD65000828
:1000F000CD650008CD650008CD650008CD65000818
:10010000CD650008CD650008CD650008CD65000807
:10011000CD650008CD650008CD650008CD650008F7
:10012000CD650008CD650008CD650008CD650008E7
:10013000CD650008CD650008CD650008CD650008D7
:10014000CD650008CD650008CD650008CD650008C7
:10015000CD650008CD650008CD650008CD650008B7
:10016000CD650008CD650008CD650008CD650008A7
:10017000CD650008CD650008CD65000800000000D1
:10018000CD650008CD650008CD650008CD65000887
:10019000CD650008CD650008CD650008CD65000877
:1001A000CD650008CD6500080000000000000000DB
:1001B00081F0004102E000BF83F0004330B54FEA18
:1001C00041044FEA430594EA050F08BF90EA020F85
:1001D0001FBF54EA000C55EA020C7FEA645C7FEA18
:1001E000655C00F0E2804FEA5454D4EB5555B8BF3B
:1001F0006D420CDD2C4480EA020281EA030382EAAC
:10020000000083EA010180EA020281EA0303362D3D
:1002100088BF30BD11F0004F4FEA01314FF4801C10
:100220004CEA113102D0404261EB410113F0004F22
:100230004FEA03334CEA133302D0524263EB4303D9
:1002400094EA050F00F0A780A4F10104D5F1200E77
:100250000DDB02FA0EFC22FA05F2801841F10001D2
:1002600003FA0EF2801843FA05F359410EE0A5F1A6
:1002700020050EF1200E012A03FA0EFC28BF4CF0D7
:10028000020C43FA05F3C01851EBE37101F000458D
:1002900007D54FF0000EDCF1000C7EEB00006EEB9A
:1002A0000101B1F5801F1BD3B1F5001F0CD3490824
:1002B0005FEA30004FEA3C0C04F101044FEA44527B
:1002C00012F5800F80F09A80BCF1004F08BF5FEA02
:1002D000500C50F1000041EB045141EA050130BDE2
:1002E0005FEA4C0C404141EB0101013C28BFB1F5F4
:1002F000801FE9D291F0000F04BF01460020B1FA3F
:1003000081F308BF2033A3F10B03B3F120020CDA11
:100310000C3208DD02F1140CC2F10C0201FA0CF0EF
:1003200021FA02F10CE002F11402D8BFC2F1200C54
:1003300001FA02F120FA0CFCDCBF41EA0C0190400A
:10034000E41AA2BF01EB0451294330BD6FEA040453
:100350001F3C1CDA0C340EDC04F11404C4F120023E
:1003600020FA04F001FA02F340EA030021FA04F350
:1003700045EA030130BDC4F10C04C4F1200220FAA7
:1003800002F001FA04F340EA0300294630BD21FAE5
:1003900004F0294630BD94F0000F83F4801306BFAB
:1003A00081F480110134013D4EE77FEA645C18BF9F
:1003B0007FEA655C29D094EA050F08BF90EA020F36
:1003C00005D054EA000C04BF1946104630BD91EA2E
:1003D000030F1EBF0021002030BD5FEA545C05D131
:1003E0004000494128BF41F0004130BD14F5800470
:1003F0003CBF01F5801130BD01F0004545F0FE41E4
:1004000041F470014FF0000030BD7FEA645C1ABF18
:10041000194610467FEA655C1CBF0B46024650EA4F
:10042000013406BF52EA033591EA030F41F400217B
:1004300030BD00BF90F0000F04BF0021704730B501
:100440004FF4806404F132044FF000054FF00001D6
:1004500050E700BF90F0000F04BF0021704730B597
:100460004FF4806404F1320410F0004548BF40426C
:100470004FF000013EE700BF42004FEAE2014FEAC1
:1004800031014FEA02701FBF12F07F4393F07F4F9C
:1004900081F06051704732F07F4208BF704793F09F
:1004A0007F4F04BF41F40021704730B54FF46074B2
:1004B00001F0004521F000411CE700BF50EA0102B5
:1004C00008BF704730B54FF000050AE050EA01025E
:1004D00008BF704730B511F0004502D5404261EBCE
:1004E00041014FF4806404F132045FEA915C3FF40F
:1004F000D8AE4FF003025FEADC0C18BF03325FEAAC
:10050000DC0C18BF033202EBDC02C2F1200300FA5C
:1005100003FC20FA02F001FA03FE40EA0E0021FA81
:1005200002F11444BDE600BF70B54FF0FF0C4CF46F
:10053000E06C1CEA11541DBF1CEA135594EA0C0F21
:1005400095EA0C0F00F0DEF82C4481EA030621EA5C
:100550004C5123EA4C5350EA013518BF52EA033597
:1005600041F4801143F4801338D0A0FB02CE4FF049
:100570000005E1FB02E506F00042E0FB03E54FF079
:100580000006E1FB03569CF0000F18BF4EF0010E71
:10059000A4F1FF04B6F5007F64F5407404D25FEA6D
:1005A0004E0E6D4146EB060642EAC62141EA555120
:1005B0004FEAC52040EA5E504FEACE2EB4F1FD0C62
:1005C00088BFBCF5E06F1ED8BEF1004F08BF5FEAE0
:1005D000500E50F1000041EB045170BD06F0004692
:1005E00046EA010140EA020081EA0301B4EB5C043F
:1005F000C2BFD4EB0C0541EA045170BD41F4801137
:100600004FF0000E013C00F3AB8014F1360FDEBF5B
:10061000002001F0004170BDC4F10004203C35DA37
:100620000C341BDC04F11404C4F1200500FA05F3BA
:1006300020FA04F001FA05F240EA020001F000425B
:1006400021F0004110EBD37021FA04F642EB0601D1
:100650005EEA430E08BF20EAD37070BDC4F10C04FB
:10066000C4F1200500FA04F320FA05F001FA04F2BF
:1006700040EA020001F0004110EBD37041F10001AB
:100680005EEA430E08BF20EAD37070BDC4F12005B6
:1006900000FA05F24EEA020E20FA04F301FA05F21E
:1006A00043EA020321FA04F001F0004121FA04F2C6
:1006B00020EA020000EBD3705EEA430E08BF20EA96
:1006C000D37070BD94F0000F0FD101F000464000D0
:1006D00041EB010111F4801F08BF013CF7D041EA52
:1006E000060195F0000F18BF704703F00046520056
:1006F00043EB030313F4801F08BF013DF7D043EA27
:100700000603704794EA0C0F0CEA135518BF95EADC
:100710000C0F0CD050EA410618BF52EA4306D1D163
:1007200081EA030101F000414FF0000070BD50EA82
:10073000410606BF1046194652EA430619D094EA0C
:100740000C0F02D150EA013613D195EA0C0F05D1F6
:1007500052EA03361CBF104619460AD181EA03014A
:1007600001F0004141F0FE4141F470014FF0000002
:1007700070BD41F0FE4141F4780170BD70B54FF09D
:10078000FF0C4CF4E06C1CEA11541DBF1CEA13551D
:1007900094EA0C0F95EA0C0F00F0A7F8A4EB0504FF
:1007A00081EA030E52EA03354FEA013100F08880F6
:1007B0004FEA03334FF0805545EA131343EA1263BF
:1007C0004FEA022245EA111545EA10654FEA002674
:1007D0000EF000419D4208BF964244F1FD0404F52D
:1007E000407402D25B084FEA3202B61A65EB030589
:1007F0005B084FEA32024FF480104FF4002CB6EB46
:10080000020E75EB030E22BFB61A754640EA0C00C5
:100810005B084FEA3202B6EB020E75EB030E22BF05
:10082000B61A754640EA5C005B084FEA3202B6EB46
:10083000020E75EB030E22BFB61A754640EA9C0005
:100840005B084FEA3202B6EB020E75EB030E22BFD5
:10085000B61A754640EADC0055EA060E18D04FEA93
:10086000051545EA16754FEA06164FEAC30343EA33
:1008700052734FEAC2025FEA1C1CC0D111F4801F00
:100880000BD141EA00014FF000004FF0004CB6E7F9
:1008900011F4801F04BF01430020B4F1FD0C88BF98
:1008A000BCF5E06F3FF6AFAEB5EB030C04BFB6EBA3
:1008B000020C5FEA500C50F1000041EB045170BD96
:1008C0000EF0004E4EEA113114EB5C04C2BFD4EBC3
:1008D0000C0541EA045170BD41F480114FF0000E47
:1008E000013C90E645EA060E8DE60CEA135594EAC3
:1008F0000C0F08BF95EA0C0F3FF43BAF94EA0C0FC6
:100900000AD150EA01347FF434AF95EA0C0F7FF43A
:1009100025AF104619462CE795EA0C0F06D152EA8E
:1009200003353FF4FDAE1046194622E750EA410672
:1009300018BF52EA43067FF4C5AE50EA41047FF483
:100940000DAF52EA43057FF4EBAE12E74FF0FF3CE8
:1009500006E000BF4FF0010C02E000BF4FF0010CB9
:100960004DF804CD4FEA410C7FEA6C5C4FEA430C32
:1009700018BF7FEA6C5C1BD001B050EA410C0CBF81
:1009800052EA430C91EA030F02BF90EA020F0020E3
:10099000704710F1000F91EA030F58BF994208BF4A
:1009A00090422CBFD8176FEAE37040F00100704707
:1009B0004FEA410C7FEA6C5C02D150EA013C07D15E
:1009C0004FEA430C7FEA6C5CD6D152EA033CD3D0A9
:1009D0005DF8040B704700BF8446104662468C46A3
:1009E0001946634600E000BF01B5FFF7B7FF0028D6
:1009F00048BF10F1000F01BD4DF808EDFFF7F4FFFF
:100A00000CBF012000205DF808FB00BF4DF808ED89
:100A1000FFF7EAFF34BF012000205DF808FB00BFAC
:100A20004DF808EDFFF7E0FF94BF012000205DF8CE
:100A300008FB00BF4DF808EDFFF7CEFF94BF012083
:100A400000205DF808FB00BF4DF808EDFFF7C4FF7C
:100A500034BF012000205DF808FB00BF4FEA410CC5
:100A60007FEA6C5C02D150EA013C0AD14FEA430CA8
:100A70007FEA6C5C02D152EA033C02D14FF00000E5
:100A800070474FF0010070474FEA410212F5001223
:100A900015D211D56FF47873B3EB625212D94FEAC5
:100AA000C12343F0004343EA505311F0004F23FAAF
:100AB00002F018BF404270474FF00000704750EA04
:100AC000013005D111F0004008BF6FF000407047C1
:100AD0004FF00000704700BF4FEA4102B2F1E0431F
:100AE00024BFB3F5001CDCF1FE5C0DD901F0004C15
:100AF0004FEAC0024CEA5070B2F1004F40EB830065
:100B000008BF20F00100704711F0804F21D113F190
:100B10003872BCBF01F00040704741F480114FEAC9
:100B20005252C2F11802C2F1200C10FA0CF320FA52
:100B300002F018BF40F001004FEAC1234FEAD3236F
:100B400003FA0CFC40EA0C0023FA02F34FEA4303D9
:100B5000CCE77FEA625307D150EA01331EBF4FF062
:100B6000FE4040F44000704701F0004040F0FE407D
:100B700040F40000704700BF80F0004002E000BF7A
:100B800081F0004142001FBF5FEA410392EA030F78
:100B90007FEA226C7FEA236C6AD04FEA1262D2EBC2
:100BA0001363C1BFD218414048404140B8BF5B42C7
:100BB000192B88BF704710F0004F40F4000020F060
:100BC0007F4018BF404211F0004F41F4000121F076
:100BD0007F4118BF494292EA030F3FD0A2F10102C0
:100BE00041FA03FC10EB0C00C3F1200301FA03F1FE
:100BF00000F0004302D5494260EB4000B0F5000F21
:100C000013D3B0F1807F06D340084FEA310102F1DF
:100C10000102FE2A51D2B1F1004F40EBC25008BF91
:100C200020F0010040EA03007047490040EB00005B
:100C3000013A28BFB0F5000FEDD2B0FA80FCACF15C
:100C4000080CB2EB0C0200FA0CF0AABF00EBC25089
:100C500052421843BCBFD0401843704792F0000F77
:100C600081F4000106BF80F400000132013BB5E7CA
:100C70004FEA41037FEA226C18BF7FEA236C21D040
:100C800092EA030F04D092F0000F08BF08467047A5
:100C900090EA010F1CBF0020704712F07F4F04D173
:100CA000400028BF40F00040704712F100723CBF86
:100CB00000F50000704700F0004343F0FE4040F4B0
:100CC000000070477FEA226216BF08467FEA23636E
:100CD0000146420206BF5FEA412390EA010F40F459
:100CE000800070474FF0000304E000BF10F00043A5
:100CF00048BF40425FEA000C08BF704743F096438C
:100D000001464FF000001CE050EA010208BF7047A6
:100D10004FF000030AE000BF50EA010208BF70472D
:100D200011F0004302D5404261EB41015FEA010C42
:100D300002BF84460146002043F0B64308BFA3F13A
:100D40008053A3F50003BCFA8CF2083AA3EBC2531C
:100D500010DB01FA02FC634400FA02FCC2F120023B
:100D6000BCF1004F20FA02F243EB020008BF20F072
:100D70000100704702F1200201FA02FCC2F12002D8
:100D800050EA4C0021FA02F243EB020008BF20EACD
:100D9000DC70704753B94AB9002908BF00281CBF4E
:100DA0004FF0FF314FF0FF3000F00CB8ADF1080C00
:100DB0006DE904CE0AF0C0F9DDF804E0DDE90223B4
:100DC00004B07047704700BF000000000000000042
:100DD00001F0FF01102A2BDB10F0070F08D010F8EC
:100DE000013B013A8B422DD010F0070F42B3F6D1F0
:100DF000F0B441EA012141EA014122F007047FF009
:100E000000070023F0E80256083C85EA010586EA5F
:100E1000010685FA47F5A3FA87F586FA47F6A5FA9B
:100E200087F68EB9EED1F0BC01F0FF0102F00702A7
:100E300032B110F8013B013A83EA010313B1F8D152
:100E40000020704701387047002D06BF3546033833
:100E5000073815F0010F07D1013015F4807F02BF6C
:100E6000013015F4C03F0130F0BC0138704700BFBD
:100E7000034613F8012B002AFBD1181A01387047DA
:100E80000348044B834202D0034B03B11847704719
:100E90001809002018090020000000000548064B32
:100EA0001B1AD90F01EBA301491002D0034B03B168
:100EB000184770471809002018090020000000009A
:100EC00010B5064C237843B9FFF7DAFF044B13B192
:100ED0000448AFF300800123237010BD20090020D7
:100EE0000000000044DE000808B5054B1BB10549B1
:100EF0000548AFF30080BDE80840FFF7CFBF00BF53
:100F0000000000002409002044DE000880B400AF87
:100F1000064BD3F88830054A43F47003C2F8883092
:100F200000BFBD465DF8047B704700BF00ED00E0E8
:100F3000B0B59EB000AFF860B9607A6001237B67FE
:100F4000FAE04FF000024FF00003C7E91A234FF018
:100F500000024FF00003C7E918234FF000027E4B58
:100F6000C7E916234FF000024FF00003C7E914232E
:100F7000786FFFF76FFA76A3D3E90023FFF7D4FA6F
:100F800002460B4614461D46B868FFF763FA024650
:100F90000B4620462946FFF7F1FB02460B46C7E900
:100FA000102397ED100B08F06BFA87ED0E0B97ED01
:100FB000100B08F0A9FA87ED0C0B0023FB6466E028
:100FC000FB6C9B00FA6813441B681846FFF754FA41
:100FD00002460B46C7E90A23D7E91623D7E90A01D7
:100FE000FFF7A2FA02460B46D7E91A01FFF7E6F827
:100FF00002460B46C7E91A23D7E91423D7E90A01A9
:10100000FFF792FA02460B46D7E91801FFF7D6F828
:1010100002460B46C7E91823D7E90E23D7E9160184
:10102000FFF782FA02460B4614461D46D7E90C2309
:10103000D7E91401FFF778FA02460B462046294605
:10104000FFF7BAF802460B46C7E90823D7E90C2395
:10105000D7E91601FFF768FA02460B4614461D460B
:10106000D7E90E23D7E91401FFF75EFA02460B46D3
:1010700020462946FFF7A2F802460B46C7E914238B
:10108000D7E90823C7E91623FB6C0133FB64FA6C2C
:10109000BB689A4294DBD7E91A23D7E91A01FFF714
:1010A00043FA02460B4614461D46D7E91823D7E9F2
:1010B0001801FFF739FA02460B4620462946FFF78A
:1010C0007DF802460B4610461946FFF705FD03461C
:1010D000FB6107F11403BB61D7ED077AF5EEC07A27
:1010E000F1EE10FA09DB97ED070A08F091FAF0EE3D
:1010F000407ABB69C3ED007A04E0BB694FF000029F
:101100001A6000BF7B691846FFF7B6F902460B4626
:1011100043EC102B08F0A0FA51EC100B7B6F03F19D
:101120008043013B9B007A68D418FFF7D5FC034647
:1011300023607B6F01337B677B6F402B7FF701AFB1
:1011400000BF00BF7837BD46B0BD00BFAFF3008021
:10115000182D4454FB2119C00000F03F80B598B011
:1011600000AFF860B9607A60BB68002B00DA033327
:101170009B10FB630023FB6543E1FB6DFA6B02FBF5
:1011800003F3BB63BA6BFB6B13447B63FA6D1346CB
:10119000DB00134440333B634FF00003BB654FF06B
:1011A00000037B659B4B3B659B4BFB640023BB644F
:1011B00000237B64BB6B3B6464E03B6C9B00FA6880
:1011C00013441B687B6197ED167AD7ED057A77EEAD
:1011D000277AC7ED167AD7ED057A67EEA77A97EDED
:1011E000157A77EE277AC7ED157A97ED057AD7ED60
:1011F000147AB4EEE77AF1EE10FA01D57B693B651B
:1012000097ED057AD7ED137AB4EEE77AF1EE10FA9E
:1012100001DD7B69FB64D7ED057AF5EE407AF1EEEE
:1012200010FA02D0BB6C0133BB643A6CBB6B9A42C0
:1012300025DD3B6C03F18043013B9B00FA681344BE
:10124000D3ED007AF5EEC07AF1EE10FAACBF0123CF
:101250000023DAB23B6C9B00F9680B44D3ED007AB3
:10126000F5EEC07AF1EE10FAACBF01230023DBB239
:101270005340DBB2002B02D07B6C01337B643B6CB0
:1012800001333B643A6C7B6B9A4296DB7A6BBB6BA7
:10129000D31AFB62FB6A07EE903AB8EEE77AD7ED15
:1012A000166AC6EE877AC7ED0A7AFB6A07EE903AAD
:1012B000F8EEE77AD7ED156A86EEA77AD7ED0A7AC7
:1012C00067EEA77A77EE677AC7ED097AD7ED097AE4
:1012D000F5EEC07AF1EE10FA02DDD7ED097A01E001
:1012E000DFED4E7AB0EE670A08F092F987ED080A52
:1012F000FB6A07EE903AF8EEE77A97ED157AC7EEBB
:10130000276AB0EE660A08F083F987ED070AD7ED81
:10131000147AB0EEE77AD7ED137AF0EEE77AB4EE0E
:10132000E77AF1EE10FA04DDD7ED147AF0EEE77A01
:1013300003E0D7ED137AF0EEE77AC7ED067A3B6B60
:101340009B007A681344BA6A1A603B6B01339B00B6
:101350007A6813443A6A1A603B6B02339B007A68DE
:1013600013443A6D1A603B6B03339B007A68134455
:10137000FA6C1A603B6B04339B007A681344FA6979
:101380001A603B6B05339B007A681344BA691A6094
:101390007B6C07EE903AF8EEE76AFB6A07EE903A4C
:1013A000B8EEE77A3B6B06339B007A681344C6EECF
:1013B000877AC3ED007AFB6A07EE903AB8EEE77AD7
:1013C0003B6B07339B007A681344D7ED156AC6EE72
:1013D000877AC3ED007ABB6C07EE903AF8EEE76AC5
:1013E000FB6A07EE903AB8EEE77A3B6B08339B0056
:1013F0007A681344C6EE877AC3ED007AFB6D013339
:10140000FB65FB6D032B7FF7B8AE00BF00BF6037F5
:10141000BD4680BDF9021550F90215D0000000004C
:1014200080B584B000AF786039603A6841F270717D
:101430007868FFF77DFD3A6841F270717868FFF7D0
:101440008DFE0023FB602AE0FB689B003A68134492
:101450001B68BB6097ED027AD7ED027AB4EE677A2B
:10146000F1EE10FA11D1D7ED027A9FED117AF4EE78
:10147000C77AF1EE10FA08DCD7ED027A9FED0D7A0B
:10148000F4EEC77AF1EE10FA06D5FB689B003A68D5
:1014900013444FF000021A60FB680133FB60FB68E5
:1014A000632BD1DD00BF00BF1037BD4680BD00BF3C
:1014B000FDFF7F7FFDFF7FFF80B588B000AFF86044
:1014C000B9600023FB614DE0FB699B00FA6813449F
:1014D00093ED007A274AFB699B001344D3ED007A11
:1014E00077EE676A244AFB699B00134493ED007A08
:1014F000C6EE877AC7ED057A97ED057ADFED1F6AAC
:10150000C7EE267A9FED1E7A77EEC77AC7ED067A88
:10151000D7ED067A9FED1B7AF4EEC77AF1EE10FA5A
:1015200001DD194BBB61D7ED067A9FED187AF4EE19
:10153000C77AF1EE10FA02D54FF04343BB6197ED45
:10154000060A08F049FBF0EE407AFB69BA681344DA
:10155000FDEEE77AC7ED017A3A7952B21A70FB696B
:101560000133FB61FB69632BAEDD00BF00BF203799
:10157000BD4680BDF4E2000884E40008C255CE3DBB
:10158000000030420000FE420000FE42000000C3A6
:1015900080B5E6B000AF07F5CC73A3F5CA73186049
:1015A00007F5CC73A3F5CC73196007F1080207F5B2
:1015B000CC73A3F5CA7311461868FFF731FF07F51E
:1015C000CC73A3F5CC7307F1080219681046FFF736
:1015D00073FF00BF07F5CC77BD4680BD2DE9B04F46
:1015E00092B000AF78623962FA61BB6187ED050A9B
:1015F000C7ED040A00237B647CE07B6C9B00BA6926
:1016000013441B68DA17BB60FA60D7E90223C7E905
:101610000E2300237B632FE07B6C3A6A03FB02F20C
:101620007B6B13441A46FB69134493F900305BB299
:10163000DA17984691467B6B7A6A134493F9003027
:101640001A463B6FD31ADA179A4693460AFB09F2F9
:1016500008FB0BF31344A8FB0A452B441D46D7E9AE
:101660000E23111939606B417B60D7E90023C7E96C
:101670000E237B6B01337B637A6B3B6A9A42CBDB35
:10168000D7E90E01FFF748FB07EE100A7B6C9B00C1
:10169000BA6E1344D3ED007A27EE277AD7ED057A98
:1016A00067EE276A97ED047AC6EE877AC7ED0B7A64
:1016B00097ED0B0A08F090FAF0EE407AFDEEE77A2B
:1016C00017EE902A7B6F13443B633B6B7F2B01DD4E
:1016D0007F233B633B6B13F1800F02DA6FF07F03D4
:1016E0003B637B6CBA6F13443A6B52B21A707B6CDB
:1016F00001337B647A6CFB6E9A42FFF67EAF00BFCB
:1017000000BF4837BD46BDE8B08F80B487B000AF9A
:10171000F860B9607A6000237B6111E07B69FA6848
:10172000134493F900301A467B68934205DD7B69C8
:10173000FA6813447A6852B21A707B6901337B618C
:101740007A69BB689A42E9DB00BF00BF1C37BD461F
:101750005DF8047B7047000090B595B000AF7861EC
:101760003961FA6087ED020A7B60594BFB644FF0E8
:101770000003BB6400237B6432E07B6C7A69134412
:1017800093F9003007EE903AB8EEE77AFB6807EE7F
:10179000903AF8EEE77A37EE677AD7ED027A67EE9D
:1017A000277A7B6C9B0050333B44383BC3ED007A77
:1017B0007B6C9B0050333B44383BD3ED007A97ED74
:1017C000137AB4EEE77AF1EE10FA06D57B6C9B0043
:1017D00050333B44383B1B68FB647B6C01337B64B8
:1017E0007A6C3B699A42C8DB00233B6425E03B6C82
:1017F0009B0050333B44383B93ED007AD7ED137A8E
:1018000077EE677A3B6C9B007A68D418B0EE670A73
:1018100007F0C2FEF0EE407AC4ED007A3B6C9B000C
:101820007A681344D3ED007A97ED127A77EE277A2F
:10183000C7ED127A3B6C01333B643A6C3B699A42C8
:10184000D5DBD7ED127AF5EEC07AF1EE10FA19DD9C
:101850000023FB6312E0FB6B9B007A681344D3ED1B
:10186000006AFB6B9B007A68134497ED127AC6EE10
:10187000877AC3ED007AFB6B0133FB63FA6B3B693C
:101880009A42E8DB0023BB637B68043393ED007A64
:101890007B68D3ED007AB4EEE77AF1EE10FA01DD61
:1018A0000123BB637B68083393ED007ABB6B9B001D
:1018B0007A681344D3ED007AB4EEE77AF1EE10FAC9
:1018C00001DD0223BB63BB6B18465437BD4690BD98
:1018D000CAF249F180B596B006AFF860B9607A6097
:1018E00007F12C0304936FF07F0303936FF02B0336
:1018F0000293102301933E4B0093DFED3E0A9FEDD0
:101900003E0A3E4B3E4A6421F868FFF767FE07F146
:101910002C036FF07F0210211846FFF7F6FE07F147
:101920002C0007F1240304936FF07F0303936FF0FF
:101930007F03029308230193324B0093DFED320AB9
:101940009FED2C0A314B324A1021FFF747FE07F179
:1019500024036FF07F0208211846FFF7D6FE07F137
:10196000240007F1200304936FF0220303936FF028
:101970007F03029303230193264B0093DFED260A96
:101980009FED210A254B264A0821FFF727FE07F184
:10199000140307F120009FED200A6FF022020321BB
:1019A000FFF7DAFEF863BB68002B0DD097F9202013
:1019B000BB681A70BB68013397F921201A70BB68A5
:1019C000023397F922201A707B68002B0AD07A69BB
:1019D0007B681A607B680433BA691A607B680833D5
:1019E000FA691A60FB6B18464037BD4680BD00BFE0
:1019F00014E600087DE5AC3DC255CE3D58ED00082B
:101A000080E6000854E60008715C633D98ED00082C
:101A1000C0EC000874E60008117BD73DB8ED000863
:101A200040ED000880B582B000AF0023FB710C4B85
:101A30001B680B4A43F480731360032002F0D6F84E
:101A40000F2000F00FF80346002B02D00123FB719A
:101A500001E003F0D5FFFB7918460837BD4680BD8D
:101A60000020024080B584B000AF78600023FB7393
:101A7000174B1B78002B23D0164B1A68144B1B787E
:101A800019464FF47A73B3FBF1F3B2FBF3F3184644
:101A900002F0E1F80346002B0FD17B680F2B09D829
:101AA000002279684FF0FF3002F0ABF80A4A7B68F9
:101AB000136007E00123FB7304E00123FB7301E0E3
:101AC0000123FB73FB7B18461037BD4680BD00BF6A
:101AD00008000020000000200400002080B400AFB7
:101AE000064B1B781A46064B1B681344044A1360C6
:101AF00000BFBD465DF8047B704700BF08000020B2
:101B00003C09002080B400AF034B1B681846BD465B
:101B10005DF8047B704700BF3C09002080B584B0AD
:101B200000AF7860FFF7EEFFB8607B68FB60FB6892
:101B3000B3F1FF3F05D00A4B1B781A46FB681344EC
:101B4000FB6000BFFFF7DEFF0246BB68D31AFA68EE
:101B50009A42F7D800BF00BF1037BD4680BD00BF16
:101B60000800002080B588B000AF78607B68002B4B
:101B700002D1012300F008BC964B9B6803F00C03D4
:101B8000BB61944BDB6803F003037B617B681B68DC
:101B900003F01003002B00F0E480BB69002B07D09A
:101BA000BB690C2B40F08B807B69012B40F0878058
:101BB000884B1B6803F00203002B05D07B689B69F0
:101BC000002B01D10123DFE37B681A6A814B1B687C
:101BD00003F00803002B04D07E4B1B6803F0F003D6
:101BE00005E07C4BD3F894301B0903F0F0039342DB
:101BF00023D27B681B6A184600F092FD0346002B37
:101C000001D00123C0E3734B1B68724A43F0080301
:101C10001360704B1B6823F0F0027B681B6A6D49F0
:101C200013430B606B4B5B6823F47F427B68DB697B
:101C30001B02684913434B6025E0664B1B68654AED
:101C400043F008031360634B1B6823F0F0027B68CA
:101C50001B6A604913430B605E4B5B6823F47F4251
:101C60007B68DB691B025B4913434B60BB69002B3C
:101C700009D17B681B6A184600F052FD0346002B11
:101C800001D0012380E300F087FC0246514B9B68A2
:101C90001B0903F00F035049CB5C03F01F0322FA2A
:101CA00003F34E4A13604E4B1B681846FFF7DAFEEB
:101CB0000346FB73FB7B002B52D0FB7B64E37B680A
:101CC0009B69002B32D0434B1B68424A43F001030F
:101CD0001360FFF717FF386108E0FFF713FF0246B4
:101CE0003B69D31A022B01D903234DE3394B1B68FF
:101CF00003F00203002BF0D0364B1B68354A43F04B
:101D000008031360334B1B6823F0F0027B681B6AE7
:101D1000304913430B602F4B5B6823F47F427B6891
:101D2000DB691B022B4913434B601AE0294B1B68EC
:101D3000284A23F001031360FFF7E4FE386108E04E
:101D4000FFF7E0FE02463B69D31A022B01D90323B9
:101D50001AE3204B1B6803F00203002BF0D100E0D4
:101D600000BF7B681B6803F00103002B73D0BB69C5
:101D7000082B05D0BB690C2B0ED17B69032B0BD133
:101D8000144B1B6803F40033002B63D07B685B6843
:101D9000002B5FD10123F7E27B685B68B3F5803FDE
:101DA00006D10C4B1B680B4A43F48033136025E0CB
:101DB0007B685B68B3F5A02F14D1064B1B68054AFE
:101DC00043F480231360034B1B68024A43F48033BF
:101DD000136013E000100240ACE200080000002095
:101DE00004000020A04B1B689F4A23F4803313603B
:101DF0009D4B1B689C4A23F4802313607B685B68BF
:101E0000002B13D0FFF77EFE386108E0FFF77AFE63
:101E100002463B69D31A642B01D90323B4E2924BE7
:101E20001B6803F40033002BF0D014E0FFF76AFEC8
:101E3000386108E0FFF766FE02463B69D31A642B5F
:101E400001D90323A0E2884B1B6803F40033002B65
:101E5000F0D100E000BF7B681B6803F00203002B99
:101E600060D0BB69042B05D0BB690C2B19D17B69F1
:101E7000022B16D17C4B1B6803F48063002B05D02A
:101E80007B68DB68002B01D101237DE2764B5B6828
:101E900023F0FE427B681B691B06734913434B60AA
:101EA00040E07B68DB68002B23D06F4B1B686E4AD9
:101EB00043F480731360FFF725FE386108E0FFF7F5
:101EC00021FE02463B69D31A022B01D903235BE2B0
:101ED000654B1B6803F48063002BF0D0624B5B689A
:101EE00023F0FE427B681B691B065F4913434B606E
:101EF00018E05D4B1B685C4A23F480731360FFF7A6
:101F000001FE386108E0FFF7FDFD02463B69D31A88
:101F1000022B01D9032337E2534B1B6803F4806380
:101F2000002BF0D17B681B6803F00803002B3CD02A
:101F30007B685B69002B1CD04B4BD3F894304A4A2A
:101F400043F00103C2F89430FFF7DCFD386108E08C
:101F5000FFF7D8FD02463B69D31A022B01D90323B0
:101F600012E2414BD3F8943003F00203002BEFD080
:101F70001BE03D4BD3F894303B4A23F00103C2F8F9
:101F80009430FFF7BFFD386108E0FFF7BBFD024664
:101F90003B69D31A022B01D90323F5E1324BD3F865
:101FA000943003F00203002BEFD17B681B6803F031
:101FB0000403002B00F0A6800023FB772A4B9B6DC7
:101FC00003F08053002B0DD1274B9B6D264A43F025
:101FD00080539365244B9B6D03F08053BB60BB68BB
:101FE0000123FB77214B1B6803F48073002B18D16E
:101FF0001E4B1B681D4A43F480731360FFF782FD7C
:10200000386108E0FFF77EFD02463B69D31A022BD8
:1020100001D90323B8E1154B1B6803F48073002B2F
:10202000F0D07B689B68012B08D10F4BD3F8903020
:102030000D4A43F00103C2F8903029E07B689B68A9
:10204000052B15D1084BD3F89030074A43F0040311
:10205000C2F89030044BD3F89030034A43F00103A8
:10206000C2F8903014E000BF001002400070004041
:102070009D4BD3F890309C4A23F00103C2F8903076
:10208000994BD3F89030984A23F00403C2F890306B
:102090007B689B68002B16D0FFF734FD38610AE09F
:1020A000FFF730FD02463B69D31A41F28832934272
:1020B00001D9032368E18C4BD3F8903003F002037D
:1020C000002BEDD015E0FFF71DFD38610AE0FFF7AA
:1020D00019FD02463B69D31A41F28832934201D975
:1020E000032351E1804BD3F8903003F00203002B1F
:1020F000EDD1FB7F012B05D17B4B9B6D7A4A23F001
:10210000805393657B681B6803F02003002B3CD051
:102110007B685B6A002B1CD0734BD3F89830724AF3
:1021200043F00103C2F89830FFF7ECFC386108E097
:10213000FFF7E8FC02463B69D31A022B01D90323BF
:1021400022E1694BD3F8983003F00203002BEFD063
:102150001BE0654BD3F89830634A23F00103C2F8C3
:102160009830FFF7CFFC386108E0FFF7CBFC024660
:102170003B69D31A022B01D9032305E15A4BD3F84B
:10218000983003F00203002BEFD17B689B6A002B91
:1021900000F0F9807B689B6A022B40F0CF80524BA5
:1021A000DB687B617B6903F003027B68DB6A9A4230
:1021B0002CD17B6903F070027B681B6B013B1B0118
:1021C0009A4223D17B6903F4FE427B685B6B1B025E
:1021D0009A421BD17B6903F078427B689B6BDB06DC
:1021E0009A4213D17B6903F4C0027B68DB6B5B0806
:1021F000013B5B059A4209D17B6903F0C0627B68B1
:102200001B6C5B08013B5B069A4271D0BB690C2BCF
:1022100068D0354B1B6803F08063002B05D1324B2F
:102220001B6803F08053002B01D00123ACE02E4B40
:102230001B682D4A23F080731360FFF763FC38613D
:1022400008E0FFF75FFC02463B69D31A022B01D975
:10225000032399E0244B1B6803F00073002BF0D19B
:10226000214BDA68214B13407A68D16A7A68126B85
:10227000013A120111437A68526B120211437A68D3
:10228000D26B5208013A520511437A68126C520817
:10229000013A520611437A68926BD2060A431249F8
:1022A0001343CB60104B1B680F4A43F080731360DD
:1022B0000D4BDB680C4A43F08073D360FFF722FCC0
:1022C000386108E0FFF71EFC02463B69D31A022B77
:1022D00001D9032358E0044B1B6803F00073002B63
:1022E000F0D050E001234FE0001002408C809D01AF
:1022F000274B1B6803F00073002B44D1244B1B6851
:10230000234A43F080731360214BDB68204A43F07B
:102310008073D360FFF7F6FB386108E0FFF7F2FB4C
:1023200002463B69D31A022B01D903232CE0184B38
:102330001B6803F00073002BF0D024E0BB690C2B6A
:102340001FD0134B1B68124A23F080731360FFF7F2
:10235000D9FB386108E0FFF7D5FB02463B69D31A89
:10236000022B01D903230FE0094B1B6803F0007314
:10237000002BF0D1064BDA680549064B1340CB60C1
:1023800001E0012300E0002318462037BD4680BD50
:1023900000100240FCFFEEFE80B584B000AF786014
:1023A00039607B68002B01D10123E7E0754B1B6886
:1023B00003F007033A689A4210D9724B1B6823F066
:1023C000070270493B6813430B606E4B1B6803F0B8
:1023D00007033A689A4201D00123CFE07B681B686B
:1023E00003F00203002B10D07B689A68664B9B6851
:1023F00003F0F0039A4208D9634B9B6823F0F00284
:102400007B689B68604913438B607B681B6803F0A3
:102410000103002B4CD07B685B68032B07D15A4B20
:102420001B6803F00073002B21D10123A6E07B6819
:102430005B68022B07D1544B1B6803F40033002B5D
:1024400015D101239AE07B685B68002B07D14E4BC6
:102450001B6803F00203002B09D101238EE04A4BD5
:102460001B6803F48063002B01D1012386E0464BF7
:102470009B6823F003027B685B68434913438B60CE
:10248000FFF740FBF8600AE0FFF73CFB0246FB6801
:10249000D31A41F28832934201D903236EE03A4BBA
:1024A0009B6803F00C027B685B689B009A42EBD14F
:1024B0007B681B6803F00203002B10D07B689A68CE
:1024C000314B9B6803F0F0039A4208D22E4B9B6875
:1024D00023F0F0027B689B682B4913438B60294BE8
:1024E0001B6803F007033A689A4210D2254B1B6819
:1024F00023F0070223493B6813430B60214B1B6801
:1025000003F007033A689A4201D0012336E07B6862
:102510001B6803F00403002B08D01B4B9B6823F4BB
:10252000E0627B68DB68184913438B607B681B683B
:1025300003F00803002B09D0134B9B6823F460526F
:102540007B681B69DB00104913438B6000F024F8A3
:1025500002460D4B9B681B0903F00F030B49CB5C34
:1025600003F01F0322FA03F3094A1360094B1B68A7
:102570001846FFF777FA0346FB72FB7A18461037C6
:10258000BD4680BD0020024000100240ACE20008C1
:10259000000000200400002080B489B000AF0023B8
:1025A000FB610023BB613E4B9B6803F00C033B6166
:1025B0003B4BDB6803F00303FB603B69002B05D05A
:1025C0003B690C2B21D1FB68012B1ED1344B1B68BE
:1025D00003F00803002B07D1314BD3F894301B0ACA
:1025E00003F00F03FB6105E02D4B1B681B0903F093
:1025F0000F03FB612B4AFB6952F82330FB613B69F7
:10260000002B0DD1FB69BB610AE03B69042B02D1B1
:10261000254BBB6104E03B69082B01D1234BBB6117
:102620003B690C2B34D11E4BDB6803F00303BB600A
:10263000BB68022B03D0BB68032B03D005E01A4B09
:102640007B6105E0194B7B6102E0FB697B6100BFA8
:10265000134BDB681B0903F0070301337B60104B4E
:10266000DB681B0A03F07F037A6903FB02F27B68D5
:10267000B2FBF3F37B610A4BDB685B0E03F00303F1
:1026800001335B003B607A693B68B2FBF3F3BB61EB
:10269000BB6918462437BD465DF8047B704700BF10
:1026A00000100240C4E200080024F40000127A0086
:1026B00080B400AF034B1B681846BD465DF8047B31
:1026C000704700BF0000002080B500AFFFF7F0FFAB
:1026D0000246064B9B681B0A03F007030449CB5CC8
:1026E00003F01F0322FA03F3184680BD00100240D6
:1026F000BCE2000880B500AFFFF7DAFF0246064BE8
:102700009B68DB0A03F007030449CB5C03F01F035B
:1027100022FA03F3184680BD00100240BCE2000814
:1027200080B586B000AF786000233B612A4B9B6D7B
:1027300003F08053002B03D001F024F9786114E0FA
:10274000254B9B6D244A43F080539365224B9B6D30
:1027500003F08053FB60FB6801F014F978611E4BB5
:102760009B6D1D4A23F0805393657B69B3F5007F11
:102770000BD17B68802B19D97B68A02B02D902234F
:102780003B6113E001233B6110E07B68802B02D9A1
:1027900003233B610AE07B68802B02D102233B616B
:1027A00004E07B68702B01D101233B610B4B1B685C
:1027B00023F0070209493B6913430B60074B1B6871
:1027C00003F007033A699A4201D0012300E0002395
:1027D00018461837BD4680BD001002400020024058
:1027E00080B586B000AF78600023FB740023BB7413
:1027F0007B681B6803F40063002B41D07B689B6EF1
:10280000B3F5400F2AD0B3F5400F24D8B3F5000F2D
:1028100008D0B3F5000F1ED8002B0AD0B3F5800FF7
:1028200010D018E0864BDB68854A43F48033D360D0
:1028300015E07B6804330021184600F0CDFA03460A
:10284000FB740CE07B6820330021184600F0B6FBD7
:102850000346FB7403E00123FB7400E000BFFB7C34
:10286000002B0BD1764BD3F8883023F440027B68E1
:102870009B6E73491343C1F8883001E0FB7CBB7445
:102880007B681B6803F48053002B41D07B68DB6EB0
:10289000B3F1407F2AD0B3F1407F24D8B3F1007F59
:1028A00008D0B3F1007F1ED8002B0AD0B3F1807F8F
:1028B00010D018E0624BDB68614A43F48033D36088
:1028C00015E07B6804330021184600F085FA0346C2
:1028D000FB740CE07B6820330021184600F06EFB8F
:1028E0000346FB7403E00123FB7400E000BFFB7CA4
:1028F000002B0BD1524BD3F8883023F040727B6809
:10290000DB6E4F491343C1F8883001E0FB7CBB7498
:102910007B681B6803F40033002B00F0A0800023C9
:102920007B74474B9B6D03F08053002B01D1012337
:1029300000E00023002B0DD0414B9B6D404A43F03B
:10294000805393653E4B9B6D03F08053BB60BB6827
:1029500001237B743B4B1B683A4A43F4807313603A
:10296000FFF7D0F8F86009E0FFF7CCF80246FB6803
:10297000D31A022B02D90323FB7405E0314B1B68E9
:1029800003F48073002BEFD0FB7C002B5CD12C4B2D
:10299000D3F8903003F440737B617B69002B1FD028
:1029A0007B68D3F888307A699A4219D0244BD3F8DF
:1029B000903023F440737B61214BD3F89030204A50
:1029C00043F48033C2F890301D4BD3F890301C4A4A
:1029D00023F48033C2F89030194A7B69C2F89030F2
:1029E0007B6903F00103002B16D0FFF78BF8F8602A
:1029F0000BE0FFF787F80246FB68D31A41F28832F2
:102A0000934202D90323FB7406E00D4BD3F89030B8
:102A100003F00203002BECD0FB7C002B0CD1084B05
:102A2000D3F8903023F440727B68D3F8883004499F
:102A30001343C1F8903009E0FB7CBB7406E000BF93
:102A40000010024000700040FB7CBB747B7C012BBB
:102A500005D1A64B9B6DA54A23F0805393657B68F7
:102A60001B6803F00103002B0AD0A04BD3F8883079
:102A700023F003027B689B6B9C491343C1F88830A9
:102A80007B681B6803F00203002B0AD0974BD3F836
:102A9000883023F00C027B68DB6B94491343C1F848
:102AA00088307B681B6803F00403002B0AD08F4B2F
:102AB000D3F8883023F030027B681B6C8B491343BA
:102AC000C1F888307B681B6803F00803002B0AD02C
:102AD000864BD3F8883023F0C0027B685B6C834957
:102AE0001343C1F888307B681B6803F01003002B88
:102AF0000AD07E4BD3F8883023F440727B689B6CFD
:102B00007A491343C1F888307B681B6803F02003BF
:102B1000002B0AD0754BD3F8883023F440627B68D1
:102B2000DB6C72491343C1F888307B681B6803F47F
:102B30000073002B0AD06D4BD3F8883023F4402269
:102B40007B681B6E69491343C1F888307B681B683A
:102B500003F48063002B0AD0644BD3F8883023F44D
:102B600040127B685B6E61491343C1F888307B6813
:102B70001B6803F04003002B0AD05C4BD3F888306D
:102B800023F440527B681B6D58491343C1F88830C9
:102B90007B681B6803F08003002B0AD0534BD3F8EB
:102BA000883023F440427B685B6D50491343C1F881
:102BB00088307B681B6803F48073002B0AD04B4B72
:102BC000D3F8883023F440327B689B6D4749134328
:102BD000C1F888307B681B6803F48013002B0AD08F
:102BE000424BD3F89C3023F003027B68DB6D3F49F6
:102BF0001343C1F89C307B681B6803F40053002B1F
:102C000028D03A4BD3F8883023F040627B681B6FA2
:102C100036491343C1F888307B681B6FB3F1006FEE
:102C200006D1324BDB68314A43F48013D36011E0A4
:102C30007B681B6FB3F1806F0CD17B68043301217B
:102C4000184600F0C9F80346FB74FB7C002B01D04A
:102C5000FB7CBB747B681B6803F40023002B28D02B
:102C6000224BD3F8883023F040627B685B6F1F49AA
:102C70001343C1F888307B685B6FB3F1006F06D1F6
:102C80001A4BDB68194A43F48013D36011E07B6868
:102C90005B6FB3F1806F0CD17B6804330121184660
:102CA00000F09AF80346FB74FB7C002B01D0FB7C00
:102CB000BB747B681B6803F48023002B2AD00B4B6A
:102CC000D3F8883023F040627B689B6F0749134339
:102CD000C1F888307B689B6FB3F1006F08D1034B5C
:102CE000DB68024A43F48013D36013E00010024013
:102CF0007B689B6FB3F1806F0CD17B68043301213B
:102D0000184600F069F80346FB74FB7C002B01D0E9
:102D1000FB7CBB747B681B6803F48043002B2FD0C3
:102D20002C4BD3F8883023F040527B68DB6F294965
:102D30001343C1F888307B68DB6FB3F1805F0DD13E
:102D40007B6804330221184600F046F80346FB7402
:102D5000FB7C002B14D0FB7CBB7411E07B68DB6F29
:102D6000B3F1005F0CD17B6820330221184600F0DC
:102D700025F90346FB74FB7C002B01D0FB7CBB7464
:102D80007B681B6803F40043002B0BD0114BD3F876
:102D9000883023F080427B68D3F880300D4913439C
:102DA000C1F888307B681B6803F48033002B0BD09C
:102DB000084BD3F8883023F000427B68D3F8843086
:102DC00004491343C1F88830BB7C18461837BD4608
:102DD00080BD00BF0010024080B584B000AF7860B5
:102DE00039600023FB73744BDB6803F00303002B93
:102DF00018D0714BDB6803F003027B681B689A42B2
:102E00000DD17B681B68002B09D06B4BDB681B095D
:102E100003F007035A1C7B685B689A4247D0012382
:102E2000FB7344E07B681B68032B18D0032B25D869
:102E3000012B02D0022B09D020E05F4B1B6803F06E
:102E40000203002B1DD10123FB731AE05A4B1B68B0
:102E500003F48063002B16D10123FB7313E0564B60
:102E60001B6803F40033002B0FD1534B1B6803F492
:102E70008023002B09D10123FB7306E00123FB73A0
:102E800004E000BF02E000BF00E000BFFB7B002BBE
:102E90000DD1494BDB6823F073027B6819687B68AE
:102EA0005B68013B1B010B4343491343CB60FB7B36
:102EB000002B7CD1404B1B683F4A23F0806313609A
:102EC000FEF720FEB86009E0FEF71CFE0246BB6874
:102ED000D31A022B02D90323FB7305E0364B1B6880
:102EE00003F00063002BEFD1FB7B002B5FD13B682D
:102EF000002B10D1304B1B6923F0784323F4FE43A1
:102F00007A68926811027A68D268D2060A432A491E
:102F100013430B6127E03B68012B12D1264B1B6941
:102F200023F4C00323F4FE437A68926811027A689E
:102F300012695208013A52050A431F4913430B61B3
:102F400011E01D4B1B6923F0C06323F4FE437A6834
:102F5000926811027A6852695208013A52060A438D
:102F6000154913430B61144B1B68134A43F08063EC
:102F70001360FEF7C7FDB86009E0FEF7C3FD024627
:102F8000BB68D31A022B02D90323FB7305E00A4B5B
:102F90001B6803F00063002BEFD0FB7B002B06D1F6
:102FA000054B1A697B689B69034913430B61FB7BE3
:102FB00018461037BD4680BD0010024080B584B071
:102FC00000AF786039600023FB73694BDB6803F066
:102FD0000303002B18D0664BDB6803F003027B6809
:102FE0001B689A420DD17B681B68002B09D0604B8F
:102FF000DB681B0903F007035A1C7B685B689A4275
:1030000047D00123FB7344E07B681B68032B18D077
:10301000032B25D8012B02D0022B09D020E0544BE2
:103020001B6803F00203002B1DD10123FB731AE080
:103030004F4B1B6803F48063002B16D10123FB73F5
:1030400013E04B4B1B6803F40033002B0FD1484BAC
:103050001B6803F48023002B09D10123FB7306E0D6
:103060000123FB7304E000BF02E000BF00E000BFEB
:10307000FB7B002B0DD13E4BDB6823F073027B689A
:1030800019687B685B68013B1B010B43384913439C
:10309000CB60FB7B002B66D1354B1B68344A23F099
:1030A00080531360FEF72EFDB86009E0FEF72AFD9D
:1030B0000246BB68D31A022B02D90323FB7305E037
:1030C0002B4B1B6803F00053002BEFD1FB7B002B35
:1030D00049D13B68002B10D1254B5B6923F0784325
:1030E00023F4FE437A68926811027A68D268D206A5
:1030F0000A431F4913434B6111E01D4B5B6923F0E9
:10310000C06323F4FE437A68926811027A681269F8
:103110005208013A52060A43154913434B61144BB6
:103120001B68134A43F080531360FEF7EBFCB86052
:1031300009E0FEF7E7FC0246BB68D31A022B02D96E
:103140000323FB7305E00A4B1B6803F00053002BBD
:10315000EFD0FB7B002B06D1054B5A697B685B697E
:10316000034913434B61FB7B18461037BD4680BDB6
:103170000010024080B487B000AF7860396000234F
:103180007B6166E13B681A6801217B6901FA03F300
:103190001340FB60FB68002B00F058813B685B68C4
:1031A00003F00303012B05D03B685B6803F00303C6
:1031B000022B30D17B689B683B617B695B000322FB
:1031C00002FA03F3DB433A6913403B613B68DA6878
:1031D0007B695B0002FA03F33A6913433B617B6846
:1031E0003A699A607B685B683B6101227B6902FAFD
:1031F00003F3DB433A6913403B613B685B681B099F
:1032000003F001027B6902FA03F33A6913433B615D
:103210007B683A695A603B685B6803F00303032BE1
:1032200017D07B68DB683B617B695B00032202FA95
:1032300003F3DB433A6913403B613B689A687B695F
:103240005B0002FA03F33A6913433B617B683A6916
:10325000DA603B685B6803F00303022B23D17B69D0
:10326000DA087B68083253F822303B617B6903F04F
:1032700007039B000F2202FA03F3DB433A69134072
:103280003B613B681A697B6903F007039B0002FA04
:1032900003F33A6913433B617B69DA087B680832C0
:1032A000396943F822107B681B683B617B695B00CE
:1032B000032202FA03F3DB433A6913403B613B68A4
:1032C0005B6803F003027B695B0002FA03F33A696F
:1032D00013433B617B683A691A603B685B6803F49F
:1032E0004033002B00F0B280614B1B6E604A43F00C
:1032F000010313665E4B1B6E03F00103BB60BB68EA
:103300005C4A7B699B08023352F823303B617B693E
:1033100003F003039B000F2202FA03F3DB433A6935
:1033200013403B617B68B3F1904F2BD07B68524ACE
:10333000934225D07B68514A93421FD07B68504A04
:10334000934219D07B684F4A934213D07B684E4A10
:1033500093420DD07B684D4A934207D07B684C4A1C
:10336000934201D107230EE008230CE006230AE074
:10337000052308E0042306E0032304E0022302E01F
:10338000012300E000237A6902F0030292009340D7
:103390003A6913433B6137497B699B0802333A69B9
:1033A00041F823203B4B9B683B61FB68DB433A6958
:1033B00013403B613B685B6803F48013002B03D030
:1033C0003A69FB6813433B61324A3B699360314B76
:1033D000DB683B61FB68DB433A6913403B613B6858
:1033E0005B6803F40013002B03D03A69FB681343B6
:1033F0003B61284A3B69D360264B5B683B61FB68B5
:10340000DB433A6913403B613B685B6803F400337C
:10341000002B03D03A69FB6813433B611D4A3B69AB
:1034200053601C4B1B683B61FB68DB433A691340EC
:103430003B613B685B6803F48033002B03D03A693F
:10344000FB6813433B61134A3B6913607B6901339B
:103450007B613B681A687B6922FA03F3002B7FF4D7
:1034600091AE00BF00BF1C37BD465DF8047B7047BE
:10347000001002400000014000040048000800481D
:10348000000C0048001000480014004800180048D4
:10349000001C00480004014080B485B000AF786093
:1034A0007B68002B01D1012398E07B681B681A46DA
:1034B0004D4B9A420FD87B681B681A464B4B1344FE
:1034C0004B4AA2FB03231B099A007B685A647B6862
:1034D000484A1A640EE07B681B681A46464B134440
:1034E000434AA2FB03231B099A007B685A647B684A
:1034F000424A1A647B68022283F825207B681B6895
:103500001B68FB60FB6823F4FF4323F07003FB6040
:103510007B689A687B68DB681A437B681B691A437F
:103520007B685B691A437B689B691A437B68DB692C
:103530001A437B681B6A1343FA681343FB607B687A
:103540001B68FA681A607B689B68B3F5804F39D0B6
:103550007B681B6C274A93421AD1294B1A687B68F7
:103560005B6C03F01C030F2101FA03F3DB432449D6
:1035700013400B60224B1A687B6859687B685B6C50
:1035800003F01C0301FA03F31D4913430B6019E018
:103590001C4B1A687B685B6C03F01C030F2101FA5B
:1035A00003F3DB43174913400B60164B1A687B6823
:1035B00059687B685B6C03F01C0301FA03F3114943
:1035C00013430B607B680022DA637B68012283F877
:1035D00025207B68002283F8242000231846143716
:1035E000BD465DF8047B704707040240F8FFFDBF4D
:1035F000CDCCCCCC00000240F8FBFDBF0004024063
:10360000A8000240A804024080B586B000AFF86070
:10361000B9607A603B600023FB75FB6893F8243047
:10362000012B01D102234BE0FB68012283F8242007
:10363000FB6893F82530DBB2012B3AD1FB680222FC
:1036400083F82520FB680022DA63FB681B681A6890
:10365000FB681B6822F001021A603B687A68B9684F
:10366000F86800F05FF9FB681B6B002B08D0FB6863
:103670001B681A68FB681B6842F00E021A600FE0B4
:10368000FB681B681A68FB681B6822F004021A605A
:10369000FB681B681A68FB681B6842F00A021A6024
:1036A000FB681B681A68FB681B6842F001021A601D
:1036B00005E0FB68002283F824200223FB75FB7DD4
:1036C00018461837BD4680BD80B485B000AF78601D
:1036D0000023FB737B6893F82530DBB2022B08D004
:1036E0007B680422DA637B68002283F824200123AC
:1036F00022E07B681B681A687B681B6822F00E0258
:103700001A607B681B681A687B681B6822F00102DC
:103710001A607B685B6C03F01C027B681B6C0121E8
:1037200001FA02F25A607B68012283F825207B6847
:10373000002283F82420FB7B18461437BD465DF831
:10374000047B704780B584B000AF78600023FB73C2
:103750007B6893F82530DBB2022B05D07B6804220E
:10376000DA630123FB7329E07B681B681A687B68B6
:103770001B6822F00E021A607B681B681A687B685F
:103780001B6822F001021A607B685B6C03F01C026C
:103790007B681B6C012101FA02F25A607B680122EE
:1037A00083F825207B68002283F824207B689B6BAC
:1037B000002B03D07B689B6B78689847FB7B18468F
:1037C0001037BD4680BD80B584B000AF78607B689F
:1037D0001B6C1B68FB607B681B681B68BB607B689D
:1037E0005B6C03F01C0304229A40FB681340002B1F
:1037F00026D0BB6803F00403002B21D07B681B6834
:103800001B6803F02003002B07D17B681B681A6834
:103810007B681B6822F004021A607B685B6C03F013
:103820001C027B681B6C042101FA02F25A607B685F
:103830001B6B002B71D07B681B6B786898476CE022
:103840007B685B6C03F01C0302229A40FB68134008
:10385000002B2ED0BB6803F00203002B29D07B681D
:103860001B681B6803F02003002B0BD17B681B68CF
:103870001A687B681B6822F00A021A607B680122C2
:1038800083F825207B685B6C03F01C027B681B6C53
:10389000022101FA02F25A607B68002283F8242098
:1038A0007B68DB6A002B38D07B68DB6A78689847D6
:1038B00033E07B685B6C03F01C0308229A40FB68D2
:1038C0001340002B2AD0BB6803F00803002B25D03F
:1038D0007B681B681A687B681B6822F00E021A60FE
:1038E0007B685B6C03F01C027B681B6C012101FA96
:1038F00002F25A607B680122DA637B68012283F856
:1039000025207B68002283F824207B685B6B002BDA
:1039100004D07B685B6B7868984700BF00BF1037A6
:10392000BD4680BD80B485B000AFF860B9607A60F4
:103930003B60FB685B6C03F01C02FB681B6C0121A5
:1039400001FA02F25A60FB681B683A685A60FB6829
:103950009B68102B08D1FB681B687A689A60FB682B
:103960001B68BA68DA6007E0FB681B68BA689A608F
:10397000FB681B687A68DA6000BF1437BD465DF8E3
:10398000047B704780B400AF044B1B6803F4C06332
:103990001846BD465DF8047B704700BF00700040CC
:1039A00080B485B000AF78607B68B3F5007F30D11C
:1039B000234B1B6803F4C063B3F5007F38D0204B62
:1039C0001B6823F4C0631E4A43F4007313601D4B4D
:1039D0001B68322202FB03F31B4AA2FB03239B0C4E
:1039E0000133FB6002E0FB68013BFB60144B5B6949
:1039F00003F48063B3F5806F02D1FB68002BF2D132
:103A00000F4B5B6903F48063B3F5806F10D1032320
:103A10000FE00B4B1B6803F4C063B3F5806F07D056
:103A2000074B1B6823F4C063054A43F480631360AB
:103A3000002318461437BD465DF8047B704700BF6D
:103A4000007000400000002083DE1B4380B485B07E
:103A500000AF78607B6803F00703FB600C4BDB680A
:103A6000BB60BA684FF6FF031340BB60FB681A02E5
:103A7000BB68134343F0BF6343F40033BB60044AA5
:103A8000BB68D36000BF1437BD465DF8047B704748
:103A900000ED00E080B400AF044BDB681B0A03F0CC
:103AA00007031846BD465DF8047B704700ED00E053
:103AB00080B483B000AF0346FB7197F90730002B49
:103AC0000BDBFB7903F01F02074997F907305B090D
:103AD000012000FA02F241F8232000BF0C37BD4656
:103AE0005DF8047B704700BF00E100E080B483B064
:103AF00000AF03463960FB7197F90730002B0ADBF2
:103B00003B68DAB20C4997F907301201D2B20B4484
:103B100083F800230AE03B68DAB20849FB7903F036
:103B20000F03043B1201D2B20B441A7600BF0C37CC
:103B3000BD465DF8047B704700E100E000ED00E069
:103B400080B489B000AFF860B9607A60FB6803F0B8
:103B50000703FB61FB69C3F10703042B28BF0423A0
:103B6000BB61FB690433062B02D9FB69033B00E010
:103B700000237B614FF0FF32BB6902FA03F3DA43A3
:103B8000BB681A407B699A404FF0FF317B6901FAAC
:103B900003F3D9437B680B40134318462437BD46D3
:103BA0005DF8047B7047000080B582B000AF78609C
:103BB0007B68013BB3F1807F01D301230FE00A4A08
:103BC0007B68013B53600F214FF0FF30FFF78EFF02
:103BD000054B00229A60044B07221A600023184606
:103BE0000837BD4680BD00BF10E000E080B582B060
:103BF00000AF78607868FFF729FF00BF0837BD463F
:103C000080BD80B586B000AF0346B9607A60FB73B3
:103C100000237B61FFF73EFF78617A68B9687869B5
:103C2000FFF78EFF024697F90F3011461846FFF74F
:103C30005DFF00BF1837BD4680BD80B582B000AFC4
:103C40000346FB7197F907301846FFF731FF00BFB5
:103C50000837BD4680BD80B582B000AF7860786817
:103C6000FFF7A2FF034618460837BD4680BD80B562
:103C700082B000AF78607B68002B01D1012340E067
:103C80007B68DB6F002B06D17B68002283F87820ED
:103C9000786801F09FFD7B682422DA677B681B68E7
:103CA0001A687B681B6822F001021A607B685B6AF5
:103CB000002B02D0786800F06BFF786800F0B0FC51
:103CC0000346012B01D101231BE07B681B685A6866
:103CD0007B681B6822F490425A607B681B689A6874
:103CE0007B681B6822F02A029A607B681B681A684E
:103CF0007B681B6842F001021A60786800F0EAFFF6
:103D0000034618460837BD4680BD80B58AB002AF6D
:103D1000F860B9603B601346FB80FB68DB6F202BCB
:103D200077D1BB68002B02D0FB88002B01D1012387
:103D300070E0FB680022C3F88420FB682122DA6768
:103D4000FDF7E0FE7861FB68FA88A3F85020FB6875
:103D5000FA88A3F85220FB689B68B3F5805F08D10E
:103D6000FB681B69002B04D10023FB61BB68BB61AE
:103D700003E0BB68FB610023BB612FE03B6800935D
:103D80007B6900228021F86801F04CF80346002B83
:103D900004D0FB682022DA6703233BE0FB69002B99
:103DA0000BD1BB691A88FB681B68C2F3080292B288
:103DB0001A85BB690233BB6107E0FB691A78FB68AF
:103DC0001B681A85FB690133FB61FB68B3F852304D
:103DD0009BB2013B9AB2FB68A3F85220FB68B3F890
:103DE00052309BB2002BC9D13B6800937B69002203
:103DF0004021F86801F016F80346002B04D0FB6858
:103E00002022DA67032305E0FB682022DA6700231B
:103E100000E0022318462037BD4680BD80B58AB039
:103E200000AFF860B9601346FB80FB68DB6F202BA6
:103E300065D1BB68002B02D0FB88002B01D1012388
:103E40005EE0FB68BA68DA64FB68FA88A3F8502081
:103E5000FB68FA88A3F85220FB680022C3F884208C
:103E6000FB682122DA67FB681B6F002B27D0FB68F9
:103E70001B6F254ADA62FB681B6F244A1A63FB68D2
:103E80001B6F234A5A63FB681B6F00229A63FB680F
:103E9000186FFB68DB6C1946FB681B6828331A46F1
:103EA000FB88FFF7B1FB0346002B08D0FB6810220C
:103EB000C3F88420FB682022DA67012320E0FB6836
:103EC0001B6840221A62FB681B6808337B617B69B0
:103ED00053E8003F3B613B6943F080037B62FB6832
:103EE0001B6808337A6A3A62FB61F9693A6A41E809
:103EF0000023BB61BB69002BE5D1002300E0022356
:103F000018462837BD4680BD55510008EF510008BE
:103F10007553000880B58AB000AFF860B9601346E9
:103F2000FB80FB68D3F88030202B37D1BB68002B97
:103F300002D0FB88002B01D1012330E0FB68002276
:103F40001A66FB681B68184A93421FD0FB681B68FF
:103F50005B6803F40003002B18D0FB681B687B61CF
:103F60007B6953E8003F3B613B6943F080637B62C0
:103F7000FB681B681A467B6A3B62FA61F9693A6A18
:103F800041E80023BB61BB69002BE6D1FB881A46E0
:103F9000B968F86800F0B4FF034600E00223184651
:103FA0002837BD4680BD00BF0080004080B5BAB054
:103FB00000AF78607B681B68DB69C7F8E4307B681A
:103FC0001B681B68C7F8E0307B681B689B68C7F8F4
:103FD000DC30D7F8E42040F60F031340C7F8D830A0
:103FE000D7F8D830002B15D1D7F8E43003F02003F0
:103FF000002B0FD0D7F8E03003F02003002B09D0BE
:104000007B689B6E002B00F0CA827B689B6E786891
:104010009847C4E2D7F8D830002B00F01781D7F8C2
:10402000DC3003F00103002B06D1D7F8E020854BEC
:104030001340002B00F00A81D7F8E43003F00103AD
:10404000002B11D0D7F8E03003F48073002B0BD095
:104050007B681B6801221A627B68D3F8843043F0C6
:1040600001027B68C3F88420D7F8E43003F0020330
:10407000002B11D0D7F8DC3003F00103002B0BD05C
:104080007B681B6802221A627B68D3F8843043F095
:1040900004027B68C3F88420D7F8E43003F00403FB
:1040A000002B11D0D7F8DC3003F00103002B0BD02C
:1040B0007B681B6804221A627B68D3F8843043F063
:1040C00002027B68C3F88420D7F8E43003F00803C9
:1040D000002B17D0D7F8E03003F02003002B05D1D8
:1040E000D7F8DC3003F00103002B0BD07B681B6892
:1040F00008221A627B68D3F8843043F008027B6898
:10410000C3F88420D7F8E43003F40063002B12D006
:10411000D7F8E03003F08063002B0CD07B681B687D
:104120004FF400621A627B68D3F8843043F02002B7
:104130007B68C3F884207B68D3F88430002B00F0C0
:104140003082D7F8E43003F02003002B0DD0D7F8ED
:10415000E03003F02003002B07D07B689B6E002B20
:1041600003D07B689B6E786898477B68D3F884306F
:10417000C7F8D4307B681B689B6803F04003402B72
:1041800005D0D7F8D43003F02803002B4FD078683F
:1041900000F07CFF7B681B689B6803F04003402BAA
:1041A00041D17B681B680833C7F89C30D7F89C3036
:1041B00053E8003FC7F89830D7F8983023F0400311
:1041C000C7F8D0307B681B680833D7F8D020C7F811
:1041D000A820C7F8A430D7F8A410D7F8A82041E841
:1041E0000023C7F8A030D7F8A030002BD9D17B68C6
:1041F0005B6F002B13D07B685B6F134A9A637B68FD
:104200005B6F1846FFF79EFA0346002B17D07B68BA
:104210005B6F9B6B7A68526F104698470FE0786827
:1042200000F0E8F90BE0786800F0E4F907E078685E
:1042300000F0E0F97B680022C3F88420B1E100BF00
:10424000AFE100BF20010004F35300087B681B6E40
:10425000012B40F06A81D7F8E43003F01003002B03
:1042600000F06381D7F8E03003F01003002B00F07A
:104270005C817B681B6810221A627B681B689B68E4
:1042800003F04003402B40F0D4807B685B6F1B68D9
:104290005B68A7F8BE30B7F8BE30002B00F0AD80E9
:1042A0007B68B3F85830B7F8BE209A4280F0A580FA
:1042B0007B68B7F8BE20A3F85A207B685B6F1B6849
:1042C0001B6803F02003002B40F086807B681B688E
:1042D000C7F88830D7F8883053E8003FC7F88430F3
:1042E000D7F8843023F48073C7F8B8307B681B6834
:1042F0001A46D7F8B830C7F89430C7F89020D7F8E6
:104300009010D7F8942041E80023C7F88C30D7F8F4
:104310008C30002BDAD17B681B6808337B677B6F9E
:1043200053E8003F3B673B6F23F00103C7F8B4300D
:104330007B681B680833D7F8B420C7F88020FB6778
:10434000F96FD7F8802041E80023BB67BB6F002BD3
:10435000E1D17B681B6808333B663B6E53E8003F46
:10436000FB65FB6D23F04003C7F8B0307B681B682A
:104370000833D7F8B020FA66BB66B96EFA6E41E82A
:1043800000237B667B6E002BE3D17B682022C3F881
:1043900080207B6800221A667B681B68FB64FB6CCC
:1043A00053E8003FBB64BB6C23F01003C7F8AC308C
:1043B0007B681B681A46D7F8AC30BB657A65796DA7
:1043C000BA6D41E800233B653B6D002BE4D17B686F
:1043D0005B6F1846FFF778F97B6802225A667B68A4
:1043E000B3F858207B68B3F85A309BB2D31A9BB20B
:1043F0001946786800F008F9D5E07B68B3F85830C2
:10440000B7F8BE209A4240F0CE807B685B6F1B6895
:104410001B6803F02003202B40F0C5807B6802223C
:104420005A667B68B3F858301946786800F0ECF8A3
:10443000B9E07B68B3F858207B68B3F85A309BB278
:10444000D31AA7F8CE307B68B3F85A309BB2002B52
:1044500000F0AB80B7F8CE30002B00F0A6807B6870
:104460001B68BB63BB6B53E8003F7B637B6B23F430
:104470009073C7F8C8307B681B681A46D7F8C830F5
:104480007B643A64396C7A6C41E80023FB63FB6B14
:10449000002BE4D17B681B6808337B627B6A53E89E
:1044A000003F3B623B6A23F00103C7F8C4307B68DE
:1044B0001B680833D7F8C4203A63FB62F96A3A6B89
:1044C00041E80023BB62BB6A002BE3D17B6820225A
:1044D000C3F880207B6800221A667B6800229A66F7
:1044E0007B681B683B613B6953E8003FFB60FB68EE
:1044F00023F01003C7F8C0307B681B681A46D7F852
:10450000C030FB61BA61B969FA6941E800237B6197
:104510007B69002BE4D17B6802225A66B7F8CE3063
:104520001946786800F070F83FE0D7F8E43003F4FB
:104530008013002B0ED0D7F8DC3003F48003002B5F
:1045400008D07B681B684FF480121A62786800F00C
:1045500090FF2DE0D7F8E43003F08003002B0ED05D
:10456000D7F8E03003F08003002B08D07B68DB6EC7
:10457000002B1CD07B68DB6E7868984717E0D7F873
:10458000E43003F04003002B12D0D7F8E03003F002
:104590004003002B0CD0786800F041FF08E000BF1A
:1045A00006E000BF04E000BF02E000BF00E000BF83
:1045B000E837BD4680BD00BF80B483B000AF7860EF
:1045C00000BF0C37BD465DF8047B704780B483B0F4
:1045D00000AF786000BF0C37BD465DF8047B7047C4
:1045E00080B483B000AF786000BF0C37BD465DF883
:1045F000047B704780B483B000AF786000BF0C3795
:10460000BD465DF8047B704780B483B000AF78602E
:104610000B467B8000BF0C37BD465DF8047B7047BE
:104620002DE9B04F8AB000AFF860002387F8223040
:10463000FB689A68FB681B691A43FB685B691A434D
:10464000FB68DB6913437B62FB681B681A68A44B39
:104650001340FA681268796A0B431360FB681B68A1
:104660005B6823F44051FB68DA68FB681B680A4307
:104670005A60FB689B697B62FB681B68994A93429E
:1046800004D0FB681B6A7A6A13437B62FB681B6871
:104690009B6823F43061FB681B687A6A0A439A605E
:1046A000FB681B68904A934226D1904BD3F8883020
:1046B00003F00303032B1BD801A252F823F000BF21
:1046C000D1460008E1460008D9460008E94600083E
:1046D000012387F8233016E1022387F8233012E103
:1046E000042387F823300EE1082387F823300AE1FA
:1046F000102387F8233006E1FB681B687C4A93424D
:1047000038D17A4BD3F8883003F00C030C2B2DD81A
:1047100001A252F823F000BF4D4700086D47000882
:104720006D4700086D4700085D4700086D470008A9
:104730006D4700086D470008554700086D470008A1
:104740006D4700086D47000865470008002387F89B
:104750002330D8E0022387F82330D4E0042387F8FD
:104760002330D0E0082387F82330CCE0102387F8EB
:104770002330C8E0FB681B685E4A934225D15B4B3F
:10478000D3F8883003F03003302B16D0302B18D8F4
:10479000202B0AD0202B14D8002B02D0102B08D0AD
:1047A0000FE0002387F82330ADE0022387F82330A1
:1047B000A9E0042387F82330A5E0082387F82330F5
:1047C000A1E0102387F823309DE0FB681B684A4A6C
:1047D000934225D1454BD3F8883003F0C003C02B5A
:1047E00016D0C02B18D8802B0AD0802B14D8002BC1
:1047F00002D0402B08D00FE0002387F8233082E05E
:10480000022387F823307EE0042387F823307AE000
:10481000082387F8233076E0102387F8233072E0EE
:10482000FB681B68354A93422AD1304BD3F8883055
:1048300003F44073B3F5407F1AD0B3F5407F1BD823
:10484000B3F5007F0CD0B3F5007F15D8002B03D053
:10485000B3F5807F08D00FE0002387F8233052E0C3
:10486000022387F823304EE0042387F823304AE000
:10487000082387F8233046E0102387F8233042E0EE
:10488000FB681B68174A93423AD1184BD3F888301B
:1048900003F44063B3F5406F1AD0B3F5406F1BD8F3
:1048A000B3F5006F0CD0B3F5006F15D8002B03D013
:1048B000B3F5806F08D00FE0002387F8233022E0A3
:1048C000022387F823301EE0042387F823301AE000
:1048D000082387F8233016E0102387F8233012E0EE
:1048E000F369FFEF008000400038014000100240F3
:1048F0000044004000480040004C00400050004090
:10490000102387F82330FB681B689F4A93427AD1B3
:1049100097F82330082B24D801A252F823F000BFC7
:1049200045490008634900084D49000863490008EB
:1049300053490008634900086349000863490008B7
:104940005B490008FDF7C0FEF86110E08F4BFB618A
:104950000DE0FDF721FEF86109E04FF40043FB6133
:1049600005E00023FB61012387F8223000BFFB69CB
:10497000002B00F0FB80FB685A6813465B00134471
:10498000FA699A4205D3FB685B681B03FA699A428D
:1049900003D9012387F82230E8E0FB6900221C4696
:1049A00015464FF000024FF000032B0243EA146358
:1049B0002202F9684968490800208846814612EBBE
:1049C000080A43EB090BFB685B6800223B607A60D6
:1049D000D7E9002350465946FCF7DCF902460B465E
:1049E0001346BB61BB69B3F5407F08D3BB69B3F520
:1049F000801F04D2FB681B68BA69DA60B6E0012345
:104A000087F82230B2E0FB68DB69B3F5004F5ED176
:104A100097F82330082B28D801A252F823F000BFC2
:104A2000454A00084D4A0008554A00086B4A0008EC
:104A30005B4A00086B4A00086B4A00086B4A000892
:104A4000634A0008FDF740FEF86114E0FDF752FEEE
:104A5000F86110E04D4BFB610DE0FDF79DFDF86145
:104A600009E04FF40043FB6105E00023FB610123F3
:104A700087F8223000BFFB69002B77D0FB695A0012
:104A8000FB685B685B081A44FB685B68B2FBF3F386
:104A9000BB61BB690F2B16D9BB69B3F5803F12D23E
:104AA000BB699BB223F00F03FB82BB695B089BB21F
:104AB00003F007039AB2FB8A1343FB82FB681B686F
:104AC000FA8ADA6052E0012387F822304EE097F844
:104AD0002330082B27D801A252F823F0014B0008FD
:104AE000094B0008114B0008274B0008174B000822
:104AF000274B0008274B0008274B00081F4B0008D6
:104B0000FDF7E2FDF86114E0FDF7F4FDF86110E057
:104B10001E4BFB610DE0FDF73FFDF86109E04FF42E
:104B20000043FB6105E00023FB61012387F822308D
:104B300000BFFB69002B19D0FB685B685A08FB6952
:104B40001A44FB685B68B2FBF3F3BB61BB690F2BD4
:104B500009D9BB69B3F5803F05D2BB699AB2FB683E
:104B60001B68DA6002E0012387F82230FB6800222C
:104B70009A66FB680022DA6697F8223018462837D2
:104B8000BD46BDE8B08F00BF008000400024F400A7
:104B900080B483B000AF78607B685B6A03F0080381
:104BA000002B0AD07B681B685B6823F400417B689C
:104BB0005A6B7B681B680A435A607B685B6A03F028
:104BC0000103002B0AD07B681B685B6823F400316B
:104BD0007B689A6A7B681B680A435A607B685B6AD9
:104BE00003F00203002B0AD07B681B685B6823F488
:104BF00080317B68DA6A7B681B680A435A607B688D
:104C00005B6A03F00403002B0AD07B681B685B68B7
:104C100023F480217B681A6B7B681B680A435A6007
:104C20007B685B6A03F01003002B0AD07B681B686B
:104C30009B6823F480517B689A6B7B681B680A43EE
:104C40009A607B685B6A03F02003002B0AD07B68C4
:104C50001B689B6823F400517B68DA6B7B681B68D8
:104C60000A439A607B685B6A03F04003002B1AD00A
:104C70007B681B685B6823F480117B681A6C7B6817
:104C80001B680A435A607B681B6CB3F5801F0AD10E
:104C90007B681B685B6823F4C0017B685A6C7B6887
:104CA0001B680A435A607B685B6A03F08003002B31
:104CB0000AD07B681B685B6823F400217B689A6CD0
:104CC0007B681B680A435A6000BF0C37BD465DF81D
:104CD000047B704780B598B002AF78607B68002293
:104CE000C3F88420FCF70EFF78657B681B681B689F
:104CF00003F00803082B2ED16FF07E4300937B6DE9
:104D000000224FF40011786800F08CF80346002B65
:104D100021D07B681B68BB63BB6B53E8003F7B63A0
:104D20007B6B23F080033B657B681B681A463B6DF9
:104D30007B643A64396C7A6C41E80023FB63FB6B5B
:104D4000002BE6D17B682022DA677B68002283F89B
:104D50007820032362E07B681B681B6803F0040370
:104D6000042B49D16FF07E4300937B6D00224FF4FA
:104D70008001786800F056F80346002B3CD07B6831
:104D80001B687B627B6A53E8003F3B623B6A23F40B
:104D90009073FB647B681B681A46FB6C3B63FA628A
:104DA000F96A3A6B41E80023BB62BB6A002BE6D18B
:104DB0007B681B6808333B613B6953E8003FFB603D
:104DC000FB6823F00103BB647B681B680833BA6C83
:104DD000FA61BB61B969FA6941E800237B617B69CB
:104DE000002BE5D17B682022C3F880207B6800225D
:104DF00083F87820032311E07B682022DA677B6840
:104E00002022C3F880207B6800221A667B6800227B
:104E10005A667B68002283F87820002318465837AA
:104E2000BD4680BD80B584B000AFF860B9603B601E
:104E30001346FB714FE0BB69B3F1FF3F4BD0FCF76A
:104E400061FE02463B68D31ABA699A4202D3BB6933
:104E5000002B01D103234EE0FB681B681B6803F0A5
:104E60000403002B37D0BB68802B34D0BB68402BA9
:104E700031D0FB681B68DB6903F00803082B10D1F5
:104E8000FB681B6808221A62F86800F0FFF8FB68EC
:104E90000822C3F88420FB68002283F878200123CD
:104EA00029E0FB681B68DB6903F40063B3F5006F5E
:104EB00011D1FB681B684FF400621A62F86800F0B9
:104EC000E5F8FB682022C3F88420FB68002283F801
:104ED000782003230FE0FB681B68DA69BB68134086
:104EE000BA689A420CBF01230023DBB21A46FB7951
:104EF0009A42A0D0002318461037BD4680BD00005E
:104F000080B596B000AFF860B9601346FB80FB68CF
:104F1000BA685A65FB68FA88A3F85820FB68002233
:104F2000C3F88420FB682222C3F88020FB685B6FF3
:104F3000002B28D0FB685B6F3E4ADA62FB685B6F30
:104F40003D4A1A63FB685B6F3C4A5A63FB685B6FC0
:104F500000229A63FB68586FFB681B68243319466C
:104F6000FB685B6D1A46FB88FEF74EFB0346002B81
:104F700009D0FB681022C3F88420FB682022C3F804
:104F80008020012351E0FB681B69002B18D0FB68CF
:104F90001B68FB63FB6B53E8003FBB63BB6B43F4D5
:104FA00080737B65FB681B681A467B6DBB647A6403
:104FB000796CBA6C41E800233B643B6C002BE6D172
:104FC000FB681B680833BB62BB6A53E8003F7B6227
:104FD0007B6A43F001033B65FB681B6808333A6D4D
:104FE0007A633B63396B7A6B41E80023FB62FB6AAF
:104FF000002BE5D1FB681B6808337B617B6953E8B4
:10500000003F3B613B6943F04003FB64FB681B6866
:105010000833FA6C3A62FB61F9693A6A41E80023A5
:10502000BB61BB69002BE5D1002318465837BD464C
:1050300080BD00BF0B5200083753000875530008AD
:1050400080B489B000AF78607B681B68FB60FB6848
:1050500053E8003FBB60BB6823F0C003FB617B6883
:105060001B681A46FB69BB617A617969BA6941E8D4
:1050700000233B613B69002BE6D17B682022DA6785
:1050800000BF2437BD465DF8047B704780B495B0FF
:1050900000AF78607B681B687B637B6B53E8003FE5
:1050A0003B633B6B23F49073FB647B681B681A467D
:1050B000FB6C3B64FA63F96B3A6C41E80023BB6319
:1050C000BB6B002BE6D17B681B6808333B623B6AF5
:1050D00053E8003FFB61FB6923F00103BB647B687D
:1050E0001B680833BA6CFA62BB62B96AFA6A41E8B3
:1050F00000237B627B6A002BE5D17B681B6E012B52
:1051000018D17B681B68FB60FB6853E8003FBB60FD
:10511000BB6823F010037B647B681B681A467B6CBA
:10512000BB617A617969BA6941E800233B613B69F7
:10513000002BE6D17B682022C3F880207B68002208
:105140001A667B6800229A6600BF5437BD465DF838
:10515000047B704780B590B000AF78607B689B6A35
:10516000FB637B681B681B6803F02003002B37D1AF
:10517000FB6B0022A3F85220FB6B1B6808337B6299
:105180007B6A53E8003F3B623B6A23F08003BB63CA
:10519000FB6B1B680833BA6B3A63FB62F96A3A6BC4
:1051A00041E80023BB62BB6A002BE5D1FB6B1B68A7
:1051B0003B613B6953E8003FFB60FB6843F0400301
:1051C0007B63FB6B1B681A467B6BFB61BA61B96939
:1051D000FA6941E800237B617B69002BE6D102E09C
:1051E000F86B00F06DFA00BF4037BD4680BD80B55A
:1051F00084B000AF78607B689B6AFB60F868FFF75B
:10520000DBF900BF1037BD4680BD80B59CB000AF54
:1052100078607B689B6AFB667B681B681B6803F091
:105220002003002B71D1FB6E0022A3F85A20FB6EE5
:105230001B68FB64FB6C53E8003FBB64BB6C23F44E
:105240008073BB66FB6E1B681A46BB6EBB657A65D6
:10525000796DBA6D41E800233B653B6D002BE6D1CB
:10526000FB6E1B680833BB63BB6B53E8003F7B637B
:105270007B6B23F001037B66FB6E1B6808337A6E41
:105280007A643B64396C7A6C41E80023FB63FB6B06
:10529000002BE5D1FB6E1B6808337B627B6A53E809
:1052A000003F3B623B6A23F040033B66FB6E1B689A
:1052B00008333A6E3A63FB62F96A3A6B41E80023BD
:1052C000BB62BB6A002BE5D1FB6E2022C3F88020B5
:1052D000FB6E1B6E012B18D1FB6E1B683B613B699B
:1052E00053E8003FFB60FB6823F01003FB65FB6E97
:1052F0001B681A46FB6DFB61BA61B969FA6941E83E
:1053000000237B617B69002BE6D1FB6E00225A668D
:10531000FB6E1B6E012B07D1FB6EB3F8583019469C
:10532000F86EFFF771F902E0F86EFFF74FF900BF72
:105330007037BD4680BD80B584B000AF78607B68B3
:105340009B6AFB60FB6801225A66FB681B6E012B9F
:1053500009D1FB68B3F858305B089BB21946F8686E
:10536000FFF752F902E0F868FFF73AF900BF10378B
:10537000BD4680BD80B586B000AF78607B689B6A13
:105380007B617B69DB6F3B617B69D3F88030FB60BD
:105390007B691B689B6803F08003802B09D13B6904
:1053A000212B06D17B690022A3F852207869FFF7F0
:1053B00047FE7B691B689B6803F04003402B09D1C3
:1053C000FB68222B06D17B690022A3F85A2078695A
:1053D000FFF75CFE7B69D3F8843043F010027B69F1
:1053E000C3F884207869FFF705F900BF1837BD4678
:1053F00080BD80B584B000AF78607B689B6AFB603D
:10540000FB680022A3F85A20FB680022A3F8522070
:10541000F868FFF7EFF800BF1037BD4680BD80B5D4
:1054200088B000AF78607B681B68FB60FB6853E85E
:10543000003FBB60BB6823F04003FB617B681B68D7
:105440001A46FB69BB617A617969BA6941E8002350
:105450003B613B69002BE6D17B682022DA677B68E1
:105460000022DA66786800F02BF900BF2037BD46CD
:1054700080BD80B483B000AF786000BF0C37BD46FC
:105480005DF8047B704780B586B000AFF860B96006
:105490001346FB80FB88BB8207F114031A46B968E8
:1054A000F86801F0DEF80346FB75FB7D002B01D1A7
:1054B000BB8A00E0002318461837BD4680BD90B572
:1054C00085B000AF78607B68FB60FB681B891C4679
:1054D000F86801F08EF80346E31A18461437BD4603
:1054E00090BD000080B586B000AFF860B9607A600A
:1054F000FCF708FB786100E000BF134B1B78DBB2C0
:10550000002B06D0FCF7FEFA02467B69D31A632B08
:10551000F2D90D4B1B78DBB2002B0FD17B68002B2F
:105520000CDD094B01221A707B689AB26423B968BA
:105530000648FEF7EAFB044B00221A707B68184607
:105540001837BD4680BD00BFA4090020340B0020E1
:1055500080B582B000AFFCF765FA00F05FF800F0AC
:10556000CBF800F0E1F800F005F900F035FE4FF45B
:1055700080722049204801F048F8204A20492148FB
:1055800001F00FF9204B214A1B491E4801F04CF94C
:105590001F4806F08BFD00F031FE174801F029F896
:1055A0000346FB80FB88002BF5D01A4B1B78DBB23F
:1055B000002BF0D1FB88802B28BF8023BB80BB88C9
:1055C0003B803B461A4614490B4801F09DF80346C0
:1055D000FB70FB78002BDED13B88002BDBD00D4B22
:1055E00001221A703B881A460B490548FEF716FC43
:1055F000D1E700BFA8090020A80A0020BC0B0020AA
:10560000340B002040090020BF54000887540008D4
:1056100060DE0008A4090020B40A002080B596B01E
:1056200000AF07F1140344220021184606F01CFEC7
:105630003B4600221A605A609A60DA601A614FF4A1
:105640000070FEF7ADF90346002B01D000F04EF8D4
:1056500002237B614FF480733B6240237B62022311
:10566000FB6302233B6401237B640A23BB640223A4
:10567000FB6402233B6502237B6507F11403184694
:10568000FCF770FA0346002B01D000F02FF80F232F
:105690003B6003237B609023BB600023FB600023FF
:1056A0003B613B4601211846FCF776FE0346002B82
:1056B00001D000F01BF800BF5837BD4680BD000088
:1056C00080B483B000AF78607B681B68054A934262
:1056D00002D1054B00221A7000BF0C37BD465DF8A1
:1056E000047B704700380140A409002080B400AF5B
:1056F00072B600BF00BFFDE780B483B000AF094BB6
:10570000DB6C084A43F00103D364064BDB6C03F007
:1057100001037B607B6800BF0C37BD465DF8047BEE
:10572000704700BF0010024080B582B000AF104B40
:105730009B6C0F4A43F0010393640D4B9B6C03F089
:1057400001037B607B68002200210E20FEF759FADE
:105750000E20FEF772FA002200210F20FEF751FA08
:105760000F20FEF76AFA00BF0837BD4680BD00BFB4
:105770000010024080B500AF144B154A1A60134B5D
:105780004FF4E1325A60114B00229A600F4B002215
:10579000DA600E4B00221A610C4B0C225A610B4B43
:1057A00000229A61094B0022DA61084B00221A623A
:1057B000064B00225A620548FEF759FA0346002BB1
:1057C00001D0FFF793FF00BF80BD00BF340B002066
:1057D0000038014080B5ACB000AF786007F19C03A1
:1057E00000221A605A609A60DA601A6107F11003A9
:1057F0008C220021184606F037FD7B681B684F4A53
:10580000934240F0978001233B610023BB6407F182
:1058100010031846FCF7E4FF0346002B01D0FFF706
:1058200065FF474B1B6E464A43F480431366444B67
:105830001B6E03F48043FB60FB68414BDB6C404A0A
:1058400043F00103D3643E4BDB6C03F00103BB6008
:10585000BB684FF4C063C7F89C300223C7F8A03080
:105860000023C7F8A4300323C7F8A8300723C7F8DC
:10587000AC3007F19C0319464FF09040FDF77AFCDD
:10588000304B314A1A602F4B02225A602D4B0022B6
:105890009A602C4B0022DA602A4B80221A61294B35
:1058A00000225A61274B00229A61264B2022DA619E
:1058B000244B00221A622348FDF7EEFD0346002B1D
:1058C00001D0FFF713FF7B681E4A5A671D4A7B68A9
:1058D00093621E4B1E4A1A601C4B02225A601B4BDD
:1058E00010229A60194B0022DA60184B80221A614C
:1058F000164B00225A61154B00229A61134B00226D
:10590000DA61124B00221A621048FDF7C5FD03460A
:10591000002B01D0FFF7EAFE7B680C4A1A670B4A9E
:105920007B689362002200212520FEF76AF925207A
:10593000FEF783F900BFB037BD4680BD0038014097
:1059400000100240BC0B002058000240040C002054
:105950004400024080B400AF00BFFDE780B400AF58
:1059600000BFFDE780B400AF00BFFDE780B400AF2B
:1059700000BFFDE780B400AF00BFFDE780B400AF1B
:1059800000BFBD465DF8047B704780B400AF00BF28
:10599000BD465DF8047B704780B400AF00BFBD46D4
:1059A0005DF8047B704780B500AFFCF797F800BF47
:1059B00080BD000080B500AF0248FDF704FF00BFC6
:1059C00080BD00BF040C002080B500AF034800F08C
:1059D00041FF0348FDF7F7FE00BF80BD40090020EE
:1059E000BC0B002080B500AF034800F033FF034834
:1059F000FEF7DCFA00BF80BD40090020340B002018
:105A000080B483B000AF0F4B1B6E0E4A43F001030E
:105A100013660C4B1B6E03F001037B607B68094B24
:105A20009B6D084A43F080539365064B9B6D03F0D2
:105A300080533B603B6800BF0C37BD465DF8047B7C
:105A4000704700BF0010024080B586B000AF78609C
:105A5000144A154BD31A7B617B693B61134B1B685E
:105A6000002B02D1114B124A1A60104B1A687B6846
:105A700013443A699A4207D206F058FC03460C22B6
:105A80001A604FF0FF3309E0084B1B68FB60074BBF
:105A90001A687B681344054A1360FB681846183778
:105AA000BD4680BD00000420000800004C0C002012
:105AB0002012002080B400AF01231846BD465DF8D7
:105AC000047B704780B582B000AF7860396006F023
:105AD0002DFC034616221A604FF0FF331846083794
:105AE000BD4680BD80B582B000AF78604FF0FF3119
:105AF0007868FFF7E7FF00BFFDE780B586B000AF2D
:105B0000F860B9607A6000237B610AE0AFF300803F
:105B10000146BB685A1CBA60CAB21A707B6901336D
:105B20007B617A697B689A42F0DB7B68184618379C
:105B3000BD4680BD80B483B000AF78604FF0FF33C6
:105B400018460C37BD465DF8047B704780B483B0BF
:105B500000AF786039603B684FF400525A60002310
:105B600018460C37BD465DF8047B704780B483B09F
:105B700000AF7860012318460C37BD465DF8047B02
:105B8000704780B485B000AFF860B9607A600023D8
:105B900018461437BD465DF8047B704780B582B067
:105BA00000AF786039603A6801213D4801F004F89F
:105BB0000346002B69D03A4B1B6803F50173394A41
:105BC0009360374B1B6803F50173364AD360344B3F
:105BD0001B6803F51A73344A9360314B1B6803F555
:105BE0001A73314AD3602E4B1B6803F574732F4A26
:105BF00093602B4B1B6803F574732C4AD360284BBE
:105C00001B6803F501732A4A9360254B1B6803F553
:105C10000173274AD360224B1B6803F51D73254A85
:105C200093601F4B1B6803F51D73224AD3601C4B06
:105C30001B6803F56C73204A9360194B1B6803F5CE
:105C40006C731D4AD360164B1B6803F578731B4AAF
:105C50009360134B1B6803F57873184AD360104B9D
:105C60001B68174A93600E4B1B68154AD3600C4B98
:105C70001B6803F57873134A9360094B1B6803F59F
:105C80007873104AD360012305E01322302178682D
:105C900001F014F8002318460837BD4680BD00BF48
:105CA000500C00200C000020BC0000201C00002034
:105CB000CC0000202C000020DC0000203C00002054
:105CC000EC0000204C00002080B582B000AF78606E
:105CD00039603A6801213D4800F01CFF0346002B63
:105CE00069D03B4B1B6843F08043394A1360374B04
:105CF0001B68374A9360354B1B68354AD360354B78
:105D00001B6843F08043334A1360304B1B6803F534
:105D1000C863304A93602D4B1B6803F5C8632D4A56
:105D2000D3602D4B1B6843F080432B4A1360274BF5
:105D30001B6803F5D063284A9360244B1B6803F566
:105D4000D063254AD360254B1B6843F08043234A28
:105D500013601E4B1B6803F5E063204A93601B4BE6
:105D60001B6803F5E0631D4AD3601D4B1B6843F0BD
:105D700080431B4A1360154B1B6803F5E463184A04
:105D80009360124B1B6803F5E463154AD360154B0F
:105D90001B6843F08043134A13600C4B1B6803F5E8
:105DA000E763104A9360094B1B6803F5E7630D4AEC
:105DB000D360012305E012223021786800F07EFFD5
:105DC000002318460837BD4680BD00BF540C002094
:105DD0005C0000206C0000207C0000208C00002073
:105DE0009C000020AC00002080B582B000AF78603D
:105DF000786800F057FF034618460837BD4680BD57
:105E000080B584B002AF7860396000230193052328
:105E100000930123044A3968786801F03DF803468D
:105E200018460837BD4680BD9006002080B594B066
:105E300000AFF860B9607A600021F868FFF7E0FF12
:105E40000346BB6497F84830002B01D0BB6C67E079
:105E500007F11003184600F0E7F8034683F001034A
:105E6000DBB2002B08D0FB681B681846FFF7BCFFAD
:105E70000346BB64BB6C53E00023A7F84E3012E02E
:105E8000B7F84E10B7F84E309B00BA6813441A6842
:105E900007F110030C33184600F02EFEB7F84E3011
:105EA0000133A7F84E30BB68002B04D0FB8BB7F84A
:105EB0004E209A42E4D30023A7F84C3012E0B7F802
:105EC0004C10B7F84C309B007A6813441A6807F1FD
:105ED00010030433184600F00FFEB7F84C300133BE
:105EE000A7F84C307B68002B04D0FB8AB7F84C2015
:105EF0009A42E4D3FB681B6807F11002114618466A
:105F000000F046F8034683F00103DBB2002B06D015
:105F1000FB681B681846FFF767FF0346BB64BB6C52
:105F200018465037BD4680BD80B582B000AF78605E
:105F300039607B68002B04D1064B7B607B68064A86
:105F40001A603968786800F0BFFE034618460837C3
:105F5000BD4680BD900600200001C0A180B582B082
:105F600000AF786039607B68002B04D1064B7B6002
:105F70007B68064A1A603968786800F01BFF0346A0
:105F800018460837BD4680BD900600200001C0A11C
:105F900080B584B000AF786039603968786800F007
:105FA000BDFFF8600123FB72FB68002B01D10023C9
:105FB00026E03968F868FFF787FE03461A46FB7A41
:105FC0001340002B14BF01230023FB723968F868CB
:105FD000FFF7E4FD03461A46FB7A1340002B14BF7B
:105FE00001230023FB72786801F030F803461A465B
:105FF000FB7A1340002B14BF01230023FB72FB7AB2
:1060000018461037BD4680BD80B584B000AFF8603B
:10601000B9607A607A68B968F86801F045F80346B3
:1060200018461037BD4680BD80B586B000AF786099
:106030007B68002B01D1002316E00D4A07F1100305
:1060400092E8030083E803000A4A07F1080392E894
:10605000030083E8030007F1100207F10803194663
:10606000786800F0FDFD034618461837BD4680BD30
:10607000A8DE0008B0DE000880B582B000AF78600E
:1060800039603B68002B09D03B791A467B68C3F323
:1060900017233968074805F0A1FF09E03B79194645
:1060A0007B68C3F317231A46034805F097FF00BF28
:1060B00000BFFDE7B8DE0008ECDE000880B586B062
:1060C00000AF7860002279682848FFF7AFFE0346EA
:1060D000FB603B7B002B06D02549F868FFF7CCFF1F
:1060E0004FF0FF333EE0214B1B6800211846FFF7BD
:1060F0001BFF03461F4A13601C4B1B6800211846F8
:10610000FFF72CFF03461C4A136000237B610FE05E
:10611000184B19687A691346DB009B1A9B000B44E5
:106120005A6816497B6941F823207B6901337B61FA
:106130007B69002BECDD00233B610FE00E4B1968FF
:106140003A691346DB009B1A9B000B445A680C49C2
:106150003B6941F823203B6901333B613B69002BDC
:10616000ECDD002318461837BD4680BDC410002062
:106170001CDF0008C8100020CC100020C40C002038
:10618000C80C002080B582B000AF0F4B1B680F4ACF
:1061900011680F4A12681846FFF736FF78607B686F
:1061A000012B0CD0084B1B681846FFF71DFE034659
:1061B00008491846FFF760FF4FF0FF3300E0002367
:1061C00018460837BD4680BDC4100020C810002006
:1061D000CC10002038DF000880B500AF054805F07E
:1061E00065FF0548FFF76AFF40F6B830FBF796FCFD
:1061F00000BF80BD84E00008340700202DE9F04F87
:106200009BB006AF854B1B68002B40F0A881834BE9
:1062100001221A60824805F049FF824A8249834878
:1062200005F0DCFE824805F041FF824805F03EFFA4
:10623000814805F03BFF0023FB6488E1FB6C591C9F
:106240007E4AFB6C52F8233003227D4805F0C6FEDF
:106250007C4AFB6C52F823307B4A12681146184680
:10626000FBF796F90023BB6400237B6400233B64A7
:1062700013E0754B1A683B6C134493F900307B6252
:10628000BA6C7B6A1344BB647B6A03FB03F37A6CCE
:1062900013447B643B6C01333B643B6C632BE8DD54
:1062A000694B1B6893F900301946674B1B68013333
:1062B00093F900301A46644B1B68023393F900309F
:1062C0001846614B1B68033393F900300093034673
:1062D0005E4805F083FE5C4B1B68603393F9003029
:1062E0001846594B1B68613393F900301A46564BD8
:1062F0001B68623393F900301946534B1B686333B4
:1063000093F9003002930191009203467A6CB96CC4
:106310004F4805F063FE4C4B1B6807F1140207F170
:1063200020011846FBF7D6FAF8620023FB6328E049
:10633000FB6B9B0050333B443C3BD3ED007ADFEDDD
:106340004A6A87EEA67AB0EE470A03F00DFC0346D0
:10635000803BBB63BB6B7F2B01DD7F23BB63BB6BD0
:1063600013F1800F02DA6FF07F03BB63BB6B59B28E
:1063700007F11002FB6B13440A461A70FB6B0133E2
:10638000FB63FB6B022BD3DD97F92030194697F99D
:106390002130184697F922301C46284AFB6A52F8E9
:1063A00023300093234602462A4805F017FE97F94A
:1063B00010301E4697F911309A4697F912309B46D5
:1063C0007B691846FAF758F804460D46BB6918462B
:1063D000FAF752F880468946FB691846FAF74CF8F6
:1063E00002460B46CDE90423CDE90289CDE90045FB
:1063F0005B4652463146184805F0F0FDFFF7C2FEF5
:106400000346002B03D0154805F050FEA3E0144BC3
:106410001B68BB6200237B6343E000BFD0100020F9
:10642000A8E00008E0E00008ECE00008F8E0000860
:1064300008E1000830E1000858E1000844070020A6
:1064400060DF000838070020C40C002090E100083D
:10645000B0E10008E8E1000810E2000848E20008A6
:10646000C80C0020000000430000803B7B6BBA6A30
:10647000134493F9003007EE903AF8EEE77A1FEDF7
:10648000077A77EE877A1FED087A67EE877A7B6B5B
:106490009B0050333B444C3BC3ED007A7B6B013394
:1064A0007B637B6B022BE1DD00233B6397ED027A7C
:1064B000D7ED017AB4EEE77AF1EE10FA01DD0123AF
:1064C0003B6397ED037A3B6B9B0050333B444C3B63
:1064D000D3ED007AB4EEE77AF1EE10FA01DD022393
:1064E0003B63BB6A93F900301946BB6A013393F9E9
:1064F00000301A46BB6A023393F900301A4805F09F
:106500006DFD7B681846F9F7B7FF80468946BB6882
:106510001846F9F7B1FF04460D46FB681846F9F72F
:10652000ABFF02460B46CDE90223CDE900454246CA
:106530004B460E4805F052FD0D4A3B6B52F8233096
:1065400019460C4805F04AFDFB6C0133FB64FB6CFB
:10655000022B7FF773AE084805F0A8FD00E000BFEE
:106560005437BD46BDE8F08F34E0000860E2000813
:106570004407002074E0000880E20008DFF834D00F
:10658000FAF7C4FC0C480D490D4A002302E0D45828
:10659000C4500433C4188C42F9D30A4A0A4C00236D
:1065A00001E013600432A242FBD305F0C5FEFEF702
:1065B000CFFFFEE7000004200000002018090020A3
:1065C000481502081809002020120020FEE780B4B8
:1065D00085B000AF78607B681B88FB817B685A8838
:1065E000FB89D31A9BB218461437BD465DF8047B6D
:1065F000704780B582B000AF78607868FFF7E7FF3A
:10660000034618460837BD4680BD80B485B000AF4C
:10661000F860B9601346FB80FB88002B01D1012391
:1066200019E0FA88FB88013B1340002B01D00123BD
:1066300011E0FB6800221A80FB6800225A80FB6888
:10664000BA685A60FB68FA881A81FB88013B9AB2E3
:10665000FB685A81002318461437BD465DF8047B59
:10666000704790B587B000AFF860B9607A60FB689A
:10667000002B01D1042343E07B68002B01D10423CC
:106680003EE0FB681C89F868FFF7A1FF0346E31AA8
:10669000BB827B681B887B820023FB82BA8A7B8A51
:1066A000934228BF13463B82BB8A002B01D10323B0
:1066B00026E0BB68002B01D1002321E00023FB82F0
:1066C00016E0FB8ABA681A44FB685B68F968488878
:1066D000F9684989014089B20B4412781A70FB6845
:1066E0005B8801339AB2FB685A80FB8A0133FB82D4
:1066F000FA8A3B8A9A42E4D37B683A8A1A8000235A
:1067000018461C37BD4690BD80B588B000AFF86014
:10671000B9607A60FB68002B01D104233DE07B68FF
:10672000002B01D1042338E0F868FFF750FF03463F
:106730007B837B681B883B830023FB617A8B3B8BCD
:10674000934228BF13469BB27B617B8B002B01D108
:10675000022322E00023FB6116E0FB685B68FA6815
:106760001188FA6852890A4092B21A44B968FB69E2
:106770000B4412781A70FB681B8801339AB2FB68CD
:106780001A80FB690133FB61FA697B699A42E4D3A1
:106790007B699AB27B681A80002318462037BD4671
:1067A00080BD80B584B000AFF860B9607A60FB68E6
:1067B000BA681A60FB687A685A60FB6800229A64BB
:1067C000FB6800221A65FB6800225A65FB680022FC
:1067D0009A65FB680022DA65FB6800221A66FB688E
:1067E0001B681B6810221A62FB681B681B681A680A
:1067F000FB681B681B6842F010021A60FB685B684C
:106800001B681A68FB685B681B6842F006021A6026
:10681000FB681868FB68083340221946FDF77AFBCD
:1068200000BF1037BD4680BD80B485B000AFF860B2
:10683000B9607A603B60FB68BA68DA64FB687A68C2
:106840001A65FB683A685A6500BF1437BD465DF8A3
:10685000047B704780B58CB000AF78607B685B6864
:106860001B685B68C3F14003BB627B689B6CBA6AC0
:106870009A420ED17B681B681B68DB6903F010032A
:10688000102B40F0F6807B681B681B6810221A6290
:10689000EFE07B689B6CBA6A9A4207D9BB6A9AB2EE
:1068A0007B689B6C9BB2D31AFB8508E0BB6A9AB2EB
:1068B0007B689B6C9BB2D31A9BB24033FB857B6891
:1068C0009A6DFB8D1A447B689A657B681B6D002B63
:1068D00003D07B685B6D002B11D17B68BA6A9A6428
:1068E0007B681B681B68DB6903F01003102B40F00A
:1068F000C2807B681B681B6810221A62BBE0002301
:10690000BB85FB8DFB847B689B6CBA6A9A4229D954
:106910007B689B6C08337A6813447B617B685B6D92
:106920007A68D26C104698473861FA8C3B6993427A
:1069300028BF1346FB81FB89002B0CD07B681B6DA5
:106940007A68D06CFA89796998470346FB81BA8DD9
:10695000FB891344BB857B689A6CBB8D1A447B68AA
:106960009A6467E07B689B6C9BB2C3F14003BB8475
:106970007B689B6C08337A6813443B627B685B6D71
:106980007A68D26C10469847F861BA8CFB699342DA
:1069900028BF13467B837B8B002B14D07B681B6D39
:1069A0007A68D06C7A8B396A984703467B83BA8DB4
:1069B0007B8B1344BB857B689A6C7B8B134403F001
:1069C0003F027B689A64BA8DBB8C9A4232D1FA8CB2
:1069D000BB8C9A422ED9BB6A3B837B6808333B62EF
:1069E0007B685B6D7A68D26C10469847F8613A8B89
:1069F000FB69934228BF13467B837B8B002B10D00F
:106A00007B681B6D7A68D06C7A8B396A984703462D
:106A10007B83BA8D7B8B1344BB857A8B7B689A64AE
:106A200008E07B8B002B05D13B8B002B02D07B68D1
:106A300000229A64BA8DFB8D9A420CD27B68DB6D82
:106A4000F98DBA8D8A1A1A447B68DA657B681B6EE9
:106A50005A1C7B681A667B681B681B68DB6903F03D
:106A60001003102B08D17B681B681B6810221A6268
:106A700002E000BF00E000BF3037BD4680BD00002F
:106A800060B330B40368164D846923F07E4323F469
:106A90000003AB4262681BD0037D4169A3F101038F
:106AA000B3FA83F35B09B3EB112FC1F317200BDAB1
:106AB000012B02D1022807D0022354F823100133FE
:106AC000984201FB02F2F3D122EAE27030BC704737
:106AD0000029E1D01F3222F01F02DDE7704700BF1E
:106AE000C000040038B1436823B14088003818BFA3
:106AF000012070471846704758B1436843B1408839
:106B000038B1C1EBC10103EB810301205A6070472A
:106B100018467047F2B1F8B50546C8B10C46B9B190
:106B2000244B1168994216460BD0566886B13768D7
:106B30009F4211D00660A4F10100B0FA80F0400934
:106B4000F8BD101DFFF7CEFF10B1F3889C421BD09B
:106B50000020F8BD0020704731460438002304E0CF
:106B600001339C4240F8042F05D051F8042FBA425B
:106B7000F6D19C42ECD101340E4B56F82400C01AD9
:106B8000B0FA80F04009F8BD0021281F8C4605E0CE
:106B90000CF1010C644540F8043F05D0B3680B4488
:106BA0001C315B68002BF3D1A4EB0C00B0FA80F031
:106BB0004009F8BDDECAFAA1FAB1F8B50546D0B170
:106BC0000C46C1B1254B1168994216460BD0166A86
:106BD0008EB137689F4212D00660A4F10100B0FA6E
:106BE00080F04009F8BD02F10C00FFF77BFF10B107
:106BF000F3899C421BD00020F8BD0020704731462D
:106C00000438002304E001339C4240F8042F05D0EF
:106C100051F8042FBA42F6D19C42ECD101340F4B0B
:106C200056F82400C01AB0FA80F04009F8BD0021DF
:106C3000281F8C4605E00CF1010C644540F8043F28
:106C400005D033690B441C315B68002BF3D1A4EBF6
:106C50000C00B0FA80F04009F8BD00BFDECAFAA10E
:106C6000A0B1B1B1C2B110B403460D4C43F8044B0E
:106C700000F10C0C03C983E8030092E803008CE8E0
:106C80000300012318465DF8044B7047034618467D
:106C900070470B461846704713461846704700BFAA
:106CA000DECAFAA1044B0268934302D10C3000F013
:106CB00019BC41F2100070470001C0A110B10C30A6
:106CC00000F016BC704700BF394B0268934363D194
:106CD0002DE9F04F038E85B005460C46002B4ED0B3
:106CE000476B002F4BD04FF0000BCDE902015E4601
:106CF000BA4616E0019901227A50A1694C682860D1
:106D00004FF001022A756869AB6068F31F20002309
:106D1000C5E90334C5E90509C5F804C001360BF11E
:106D20001C0BBAF80030F200B342019236D9DAF8FF
:106D30000430002B32D053F826407CB3DAF8083008
:106D4000A269D4F80C901068D3E90157A368C3F383
:106D5000172801F0B9F9A16907EBC603D1F808C0FB
:106D60005D44002BCAD0002147F8361021685960D5
:106D700011B149880029BDD1A1690023BEE71822BD
:106D8000112105F10C00002600F0B2FB304604B1E1
:106D9000268005B0BDE8F08F00207047B6B2DDE96F
:106DA0000254002EEBD0DAF808305868EFE700BF45
:106DB0000001C0A1374B0268934369D12DE9F04F20
:106DC000038E012B85B005460C464BD9476B4FF01F
:106DD000000BCDE902015E46D846BA4616E001999D
:106DE00001227A50A9694D6820604FF00102227596
:106DF0006069C4F804C069F31F20C4E90450C4E901
:106E00000238009BA36101360BF11C0BBAF80C3061
:106E1000F200B342019232D9DAF810307BB353F862
:106E2000265065B3DAF81430AA69D3E90147AB6894
:106E30001068C3F31729EB68009301F045F9A969BD
:106E400007EBC603D1F808C05C44002BCBD047F851
:106E500036802968596011B149880029BFD1A969D4
:106E60000023C0E71822112105F10C00002600F0D4
:106E70003FFB304604B1268005B0BDE8F08FB6B2C6
:106E8000DDE90254002EEDD0DAF814305868F1E74D
:106E9000002070470001C0A12DE9F04383B09DF8A8
:106EA00028809DF82C9020B3026016461F460446A9
:106EB00000F016FB70B930250023236010244A46E9
:106EC0004146384601F082F9B06045EA042003B03B
:106ED000BDE8F08300224146384601F077F90022F0
:106EE00005460521012001F071F9854208D00125F0
:106EF000E2E710252C4645EA042003B0BDE8F08304
:106F0000054B019301A800F0FFFA10B100242546BB
:106F1000D5E70225D0E700BF038404842DE9F843B8
:106F2000484A044600680B4600EA020182433BD10E
:106F3000002B78D0444A1D6895420AD18842D3E993
:106F40000325D3E901633DD0032323612046BDE837
:106F5000F883012118461D46D3F80480FFF790FD01
:106F600005F11C07064601213846D5F82090FFF7A9
:106F700087FD002E0ABF314601213546B0B1B9F177
:106F8000000F57D04FF0010EB8F1000F11D02D4B6C
:106F900022689A42D8D1638C8B421BD212221621CE
:106FA00004F10C0000F0A4FA0020D0E70746864662
:106FB000EAE7002EEBD01222102104F10C0000F0C1
:106FC00097FAF1E7C4E90863E562A262204600F09F
:106FD000C5FAB9E7E1B1AC46BCE80F00656A0FC578
:106FE0009CE8070085E80700638D4FF48036734501
:106FF000266211D3BEF1000F07D03E460FCEE56AE0
:107000000FC596E8070085E807004FEA0E42DCE767
:10701000638D21627345EDD21322162104F10C0019
:1070200000F066FAC0E71122102104F10C0000F014
:107030005FFAB9E71322102104F10C0000F058FAAE
:10704000B2E700BF0001C0A1DECAFAA1154B026879
:1070500002EA0301934323D170B503699B070446F9
:1070600003D58A4208D0012070BD102211210C30B6
:1070700000F03EFA002070BD00F080FA266C002E71
:10708000F1D0A56B002DEED0626C29460020B047F0
:107090002B69AB42E7D0002BE5D0266C1D46F3E709
:1070A000002070470001C0A12DE9F04FB74B074603
:1070B0000068834385B040F02D813B8E002B00F0AB
:1070C0001D813B69D7F8349003F003030026032B9E
:1070D000BE6140F02981002900F01681B9F1000F4E
:1070E00000F01281B9F80030002B00F00D818B699F
:1070F000CDE90272D3F800B00C46D9F80430002B69
:1071000072D053F82650002D6ED0D9F80830D3F83D
:1071100000A033011AEB0618019300F0BA81AB69A5
:10712000012120465F68FFF7ABFC8742C0F0038176
:10713000E868A169C268CB689A4240F0FC80826826
:107140008B689A4240F0F78042684B689A4240F060
:10715000F280AB69D3E9000101F026F801902846DE
:1071600001F03AF8019B8342C0F0E580AB691868F2
:1071700000F0AAFF2368584030F07E4340F093812E
:107180006368002B00F08581A3691B68002B00F069
:1071900082819B45284638BF9B4601F01DF8C8F800
:1071A0000800A3691B6800FB03F3C8F80C30616892
:1071B000C8F8041032010B444AF80230A869036889
:1071C0009A0006F1010604F11C0400F1A780D0E941
:1071D00002329B1A19448160AB69D8F80420DA6046
:1071E000B9F80030B34288D8DDE902783B8EB8F1B7
:1071F000000F00F0B580012B40F2A580D7F8349045
:10720000B9F80C30002B00F09E8045460026D9F8D6
:107210001030002B00F0A38053F82640002C00F023
:107220009E80D9F81430D3F800A033011AEB061869
:10723000019300F04081A36901215B680193284616
:10724000FFF71EFC019B83427DD3E068A969C268F9
:10725000CB689A4277D182688B689A4273D1426830
:107260004B689A426FD1A369D3E9000100F09CFFFB
:107270000190204600F0B0FF019B834263D3A369D5
:10728000186800F021FF2B68434033F07E4340F044
:1072900019816B68002B00F00E81AB691B68002B15
:1072A00000F017819B45204638BF9B4600F094FFB5
:1072B000C8F80800AA691268034602FB03F3C8F87D
:1072C0000C306968C8F8041032010B444AF80230E7
:1072D000A06903689B0006F1010605F11C0539D47D
:1072E000D0E902329B1A19448160A369D8F80420BE
:1072F000DA60B9F80C309E4289D330E03A69BB615C
:1073000002F00302032A0FD11722122107F10C0009
:1073100000F0EEF8002005B0BDE8F08FB9F80030BD
:107320009E42FFF4EAAE5FE73022112107F10C0024
:1073300000F0DEF8EEE7029F1822122107F10C00A0
:1073400000F0D6F8E6E71822132107F10C0000F050
:10735000CFF8DFE7B9F80C309E42FFF458AF3B8E10
:107360001FFA8BFBA7F818B0002B00F08C80012BC4
:107370007E6B00F08B8006F10C08788B8345CAD9B0
:107380004546BB464FF00008AEB92DE00001C0A154
:10739000DF68C91B0844986093696268DA60D4E9C1
:1073A000013159F80A200B44934224BFE368D31AF1
:1073B000636008F10108338843454FEA081A13D97E
:1073C00073688BB153F8282072B1B1689369D1F812
:1073D00000901F68996809EB0814BF006068D7D552
:1073E000A26800F09FFDDAE7584600F0E5F80024B7
:1073F000B5B93BE059F80A3001EB0C029A4224BFC0
:10740000D8F80C209A1AC8F804208169D1E902370B
:10741000DB1B1A448A608369D8F80420DA600134DF
:107420002B88A34222D96B6803B353F82400E8B138
:10743000AB688269D3F80090136809EB04189B00CD
:10744000D8E9011C4FEA041AD4D59068624600F0CE
:1074500069FDD8E9013159F80A200B44934224BF51
:10746000D8F80C30D31AC8F80430D8E7BBF81A00A3
:10747000BBF81830013080B28342ABF81A0081D8D3
:1074800005B0BDE8F08F1E46984676E74FF000083D
:1074900073E7029F38E7029F2122122107F10C00B7
:1074A00000F026F836E7029F1922122107F10C009E
:1074B00000F01EF82EE71722132107F10C0000F050
:1074C00017F827E71922132107F10C0000F010F834
:1074D00020E72122132107F10C0000F009F819E739
:1074E000012070470346002200681A60704700BF01
:1074F0000346007808B1002070471970196862F3DC
:107500001F2101201960704782B0134B019318B1FD
:107510000378032B02D0002002B070479DF80420AE
:10752000934204D0012080F0010002B070474278FD
:107530009DF805309A4200F10100F3D110F8012FB7
:107540009DF806309A42EDD142789DF807309A4274
:10755000E8D10020E7E700BF03840484836B014681
:1075600053B100201A46D9601B69934200F1010013
:1075700003D0002BF6D170471846704738B5846B9E
:10758000B4B16368DB074FF0000504D5236A2046D9
:107590000BB1984701352369A34207D033B11C468C
:1075A0006368DB07F2D42369A342F7D1284638BDCC
:1075B0002546284638BD00BF2DE9F041D0F840806F
:1075C000856BC5630446B8F1000F2AD02DB3426C19
:1075D00029460120C047E66BFEB100273146626CA8
:1075E0000220C047E56B28466B6998472E69626C9C
:1075F000E16BB5424FF0030007D0C0470137E663A7
:10760000002EEBD13846BDE8F0810320C0470023AF
:107610000137E3633846BDE8F08100273846BDE80E
:10762000F081002DF9D047466B69284698472B46D4
:107630002D699D4204D0E5630137002DF4D1E1E7C7
:107640000023E3630137DDE7826913880BB95B68C8
:10765000FFDE5068416801B10968012B00F0F0803D
:10766000026902B11268022B00F0E7802DE9F04FA9
:10767000C5698BB0002D00F0A780068B2C68012E09
:1076800040F2C8806D68032B00F0D480AB69D768E6
:10769000856AC8689B68B0F804A0B7F804B0D1F850
:1076A00018E00893D7E9026006FB00F009909069A2
:1076B0001DB12D680DB1AD69AD680F681668A2697E
:1076C000DEF80810806824689268002F4BD0D7F845
:1076D00004E0BEF1000F3ED0B7F80280B8F1000F11
:1076E00051D1002E39D0D6F80490C846B9F1000F18
:1076F00000F09780B6F802C0B7EE000ABCF1000FA8
:1077000051D1BEF1000F00F09180B7F80280B8F1BE
:10771000000F40F08180F7EE000A00274EB1C84606
:10772000B9F1000F7BD0B6F802C0BCF1000F6CD1EC
:10773000664614B1646804B12468089B0097CDE9DB
:107740000545099CCDE9016ACDE903B400F0DEF8F6
:107750000BB0BDE8F08F002E38D1B7EE000A3746E7
:10776000F0EE400AE5E7002EF7D0D6F80480B8F135
:10777000000F3FD07688B7EE000A002E41D1374681
:10778000F0EE400AD5E7DEF8003093ED000A56B37C
:10779000D6F80490C846B9F1000FB2D0B6F802C0CE
:1077A000BCF1000FADD0D9F80030D3ED000ABEF126
:1077B000000F39D07F88002FB1D0DEF8047097F920
:1077C0000070002EABD1B4E72C465CE7D6F80490ED
:1077D000C846B9F1000F8DD1B7EE000A4F46F0EE62
:1077E000400A4E46A5E7DEF80470F7EE000A97F966
:1077F00000709EE7B7EE000A4746F0EE400A4646A4
:1078000097E7D8F80060D6ED000AD8F8046096F93A
:1078100000608EE7002536E7F7EE000ACDE74E461A
:1078200087E7B7EE000A76E777467EE77746F7EE1A
:10783000000A75E700235B68FFDE00235B68FFDE5C
:1078400000235B68FFDE00BF2DE9F04183691E88DD
:1078500086B00EB97368FFDE5F687D6805B12D687C
:10786000012E4CD0D7F810C0BCF1000F01D0DCF8CD
:1078700000C0AB681B0A40D0EC68012204EB830314
:1078800053F8041D9C4201FB02F2F9D1C369032E97
:10789000D3F808E033D9BB6A002B33D01968B0F9AC
:1078A00020308969DCF818008F68E968806851F831
:1078B00023602969B3EB112F3CBF696951F823306C
:1078C000A969114D0C688968DEE900C824F07E447E
:1078D000DEF808E0009628BF0023AC42CDE903E7BC
:1078E000CDE901C804D000F059F806B0BDE8F08138
:1078F00000F04AF806B0BDE8F0810122C6E7002397
:107900005B68FFDE9B69FFDE400484002DE9F04FD9
:107910008DB0CDE90823BDF86470DDF870809DF965
:107920005840DDF868B09DF95C600A9408EBC70A1E
:1079300004460D461B98BDF860900B965346424690
:10794000394600F035F8BBF1000F1AD0CDF8708041
:10795000C846B9461C9F0026099B04930B9B0393C2
:107960000A9B08990097CDE90547CDE901A3284670
:107970004B460136424600F04BF8B3454C44454473
:10798000EAD10DB0BDE8F08F10B4B2FBF3F2019C68
:10799000B2FBF4F25DF8044B00F036BC10B4B2FB5D
:1079A000F3F2019CB2FBF4F25DF8044B01F080B9F4
:1079B00061B380EE207A70B500EB81019D1E141F2B
:1079C0000026F0EC017A67EE277A17EE90EACEF304
:1079D000C752CEF3160C0CF5000CBEF1000FC2F12D
:1079E0007E02B8BFCCF1000C1F2A4FEACC1306DC94
:1079F000814225F8022F44F8043FE2D170BD814254
:107A000025F8026F44F8046FDBD170BD704700BFEA
:107A10002DE9F04F97B099469DF988E0269BDDF857
:107A200084B012920D4609EB890103EB410103EB8F
:107A3000890A1FFA8EF343EA0E470D919DF98C30A7
:107A4000B9F1000F00F061824FEA49010BEB01022E
:107A5000844603925C46AAF104064FF0010834F90B
:107A6000022B511E89B208FA02F0142903FA02F21D
:107A700002EB500200F2E68146F8042F039AA2427C
:107A8000EDD1129EDDF83480CDF800E04FEA5904C4
:107A90003B4660463246414600F0E2FA002C00F0D8
:107AA00084813046A6F11003249E259FCDF850A076
:107AB000621E06F1100192B201EBC2020E92024662
:107AC00003381B090F900BF1040001330490209838
:107AD000CDF884B04FEA031C08EB431306F1080EFF
:107AE00008300AF1080602371093131FCDF818E08A
:107AF000059711931394B246CDF81CC09646CDF865
:107B000054908346069A05EB0E07BEF10F0F52E91B
:107B10000231039740F3D481079A0D98AE182A6872
:107B2000D7F8009004684FEA32284FEA392C2FFA30
:107B300082F22FFA88F82FFA89F92FFA8CFC24FBAD
:107B4000023224FB0914D0F8049029FB082229FBF7
:107B50000C496B687C6881684FEA33284FEA342C03
:107B60002FFA83F32FFA88F82FFA84F42FFA8CFC7B
:107B700021FB032321FB0492D0F80C9029FB08334E
:107B800029FB0C29AA68BC6801694FEA32284FEA30
:107B9000342C2FFA82F22FFA88F82FFA84F42FFA75
:107BA0008CFC21FB023221FB0493D0F8149029FBBA
:107BB000082229FB0C39EB68FC6881694FEA3328FD
:107BC0004FEA342C103510372FFA83F32FFA88F848
:107BD0002FFA84F42FFA8CFC21FB032321FB04925F
:107BE000C169203021FB083321FB0C21B54296D11D
:107BF000039A079C109822440392A1460F9A91453C
:107C000080F25C81119ADDF80C800C90A2EB0902E5
:107C10004FEA920C0CF101029500CDE90852CDE932
:107C20000AC906EB8204074656F8045B58F8040BB1
:107C30003A684FEA35294FEA302C2FFA85F52FFAAA
:107C400089F92FFA80F02FFA8CFC22FB053322FBF6
:107C500000127968083721FB093321FB0C21B4425B
:107C6000E2D1DDE90852DDE90AC9039E0C982E44F1
:107C700009F10409039600EBC20009EB8C09CE451B
:107C800037DDB0F9005094F90060039A15FB063314
:107C900092F9006015FB061109F10105754525DA19
:107CA000B0F9025094F9016015FB063392F90160B6
:107CB00015FB061109F10205754517DAB0F90450F4
:107CC00094F9026015FB063392F9026015FB061168
:107CD00009F10305754509DAB0F9060092F9035078
:107CE00010FB051194F9035010FB0533AEEB0909A5
:107CF0004C44049A5BF8087C32F9045C5AF8086C2E
:107D0000152D40F3B480A81E0122013D02FA00F0B7
:107D100053FB07002841304400F307035BB2059A88
:107D200002F8023C049B33F9025C152D40F391806C
:107D30005AF8046CA81E0123013D03FA00F05BF819
:107D4000043C51FB030141FA05F3334403F30703F9
:107D50005BB202F8013C069B0499023205920E9A2E
:107D6000083304319A42069304EB0E0504910BF19B
:107D7000080B0AF1080A7FF4C5AEDDE9134ADDE914
:107D8000203B03EBC4032093249BDDF8549003EBCA
:107D9000C4032493259B19F0010F03EB44030BEB61
:107DA000840B25930AEBC40A48D0129A249B9608A8
:107DB0001B6800F0B4800D9805EB860755F8042B7E
:107DC000D0F800C044684FEA322108302FFA82F21E
:107DD0002FFA81F12CFB023324FB0133BD42EDD19C
:107DE0000D9A02EBC6020D92129A12F0030213D002
:107DF0000D9C97F900102088012A10FB01330BD04D
:107E000097F901106088022A10FB013304D097F91A
:107E10000220A18811FB0233BBF900202099DAF877
:107E200000000968152A60DC002A4EDD5B0053FB68
:107E30000103134103F30703259A1370002017B0C1
:107E4000BDE8F08F039A46F8043FA2427FF407AEE4
:107E500017E6002D15DD5BF8043C5AF8040C4900C8
:107E600051FB0301294101F307035BB271E7002DC8
:107E700017DD5B0053FB07632B4103F307035BB282
:107E80004DE7C5F10105A94001F31F015BF8043C72
:107E900051FB13F15AF8043C0B4403F307035BB2A4
:107EA00057E7C5F1010003FA00F000F31F0050FB93
:107EB00017F0304400F307035BB230E73446DEE6E8
:107EC0000D982E464FF0000998E6C2F1010293404A
:107ED00003F31F0353FB11F3034403F30703259A32
:107EE0000020137017B0BDE8F08F951E0124013AF1
:107EF000AC4053FB01431341034403F30703259AAA
:107F00000020137017B0BDE8F08F0D99CDF800E098
:107F10003B4600F0A5F8002017B0BDE8F08F2F46D3
:107F200062E700BF884221D002B3884213D3032AFC
:107F30001DD8013A10F8013B01F8013BB2B110F82D
:107F4000013B01F8013B012A00F0888010F8013B59
:107F500001F8013B704783188B42E8D90A4413F9B2
:107F6000011D02F8011D9842F9D1704770472DE9B3
:107F7000F04301F0030ECEF10403A2EB030C00F07A
:107F80000308CEF1030210F8013B01F8013B82B176
:107F900010F8013B01F8013B012A0AD010F8013B1F
:107FA00001F8013BBEF1010F03D010F8013B01F8CD
:107FB000013BC6452AD05FEA1C120AD050F8043BA8
:107FC00050F8044B50F8045B50F8046B78C1013A48
:107FD000F4D11CF0080F04D050F8043B50F8044BC7
:107FE00018C11CF0040F03D050F8043B41F8043BC7
:107FF0001CF0020F03D030F8023B21F8023B1CF0CA
:10800000010F01D003780B70BDE8F0835FEA9C1983
:108010000ED088468646BEE8FF00A8E8FF00BEE80E
:10802000FF00A8E8FF00B9F1010941467046F0D110
:108030001CF0200F07D088468646BEE8FF00A8E85F
:10804000FF00414670461CF0100F01D078C878C17F
:108050001CF0080FC5D018C818C1C2E7704700BF90
:10806000F0B59708BDF914602CD000EB87058E465B
:1080700050F804CB2FFA9CF4D4FA03F42FFA8CFCBA
:10808000DCFA03FC8542CEF800C0CEF804400EF1C5
:10809000080EEDD101EBC70112F0030211D095F9E2
:1080A000000073B2C01A012A08800AD095F90100B5
:1080B000022AA0EB0300488003D095F90220D31ACE
:1080C0008B80F0BD0546E7E7C0F34343022B55D054
:1080D0002D4A20F07E43934210D021DC2B4A93425C
:1080E0000CD00FDD2A4A934208D002F5FA329342AF
:1080F00004D0284A93420CBF1346402300F0D040DE
:1081000018437047A2F580629342F7D02CDD224AD3
:1081100000F0D04093420CBF1346402318437047F1
:108120001E4A9342EAD010DD1D4A9342E6D002F285
:10813000F1729342E2D0A2F5006293420CBF134663
:10814000402300F0D04018437047A2F28732934298
:10815000D4D002F560729342D0D0A2F580629342EF
:108160000CBF13464023C9E7A2F580629342C5D0F5
:10817000803293420CBF13464023BFE7094B0340B4
:1081800043F48023BAE700BF401082004008040097
:10819000401004004F080400470404004704840012
:1081A0004F088400FF3F800069B1C0F3C61301FB94
:1081B00003F3073323F00703C0F3415023FA00F021
:1081C0000730C00870470846704700BF120242EAF5
:1081D000014242EA0060704710B48369C468416993
:1081E0001B68E068074AC9685DF8044B23F07E43CA
:1081F00023F4000301FB00F0934204BF0730C008E2
:10820000704700BFC00004002DE9F04F8BB09A46C4
:10821000179B13F5807F8946174684460AFB02F1B7
:1082200080F2B78301294FF4807B40F2BB83189B17
:10823000CDF80C90CDE901BCCDE9047A043B4FF0B8
:10824000000E4FF080489946169B15980EFA03F1E0
:10825000159B49424B40DB0F002BD44B12BF4FF014
:10826000FF324FF080430022C0FB0132002A04DAC3
:108270006FF000415B1842F10002DB0F43EA42035A
:1082800043F07F42540104F180544FF0000C41460A
:10829000C4FB041CBCF1000FA2EB03024FEAE4751F
:1082A00005DA6FF00040081801464CF1000CC90FC8
:1082B00041EA4C01A1FB01074FEAEC7C10F1804040
:1082C00001FB0CFA47EB4A07002F06DA6FF0004A71
:1082D00010EB0A0A504647F10007C00F40EA47007A
:1082E000871054BF4FF0010A4FF0020A00F003005C
:1082F000824581EA04004FEAD070B8BF01370028F8
:10830000AA4801FB05F504FB0C5514BF84464FF049
:10831000804CA1FB040B14BF4FF0FF3A4FF0000A52
:108320005D4410EB0C0045EB0A05002D06DA6FF0FA
:10833000004C10EB0C0C604645F10005C00F40EA04
:1083400045003844C50F002D994E984D12BF4FF08F
:10835000FF374FF080450027C0FB0657002F05DA96
:108360006FF000402818054647F10007ED0F45EA79
:1083700047052944481002D4C90748BF01302044AA
:10838000C10F00298B4D894912BF4FF0FF344FF0C8
:1083900080410024C0FB0514002C05DA6FF000407A
:1083A0000818014644F100048248834EC90F41EA8F
:1083B0004401081800210F464546C0FB0657C2F38A
:1083C0000064013CED0F044045EA470542F30060BC
:1083D0007A4E284060400F464546C0FB0657C2F320
:1083E0004064013CED0F044045EA470542F340601C
:1083F000734E284060400F464546C0FB0657C2F307
:108400008064013CED0F044045EA470542F380607B
:108410006C4E284060400F464446C0FB0647C2F3FE
:10842000C065013DE40F054044EA470442F3C060E3
:108430002040654E85EA00040F464546C4FB0657BA
:10844000C2F300700138ED0F45EA4705204042F3C2
:1084500000742C405D4F60408C464546C0FB075C75
:10846000C2F34074013CED0F044045EA4C0542F371
:108470004070284060404546F224C0FB0451ED0F97
:1084800045EA4105C2F38071B3FA83F342F3807287
:1084900001395B0901402A404A40591E5B420A40AB
:1084A00023F00043534049F8043F019B0EF1010EB5
:1084B00073453FF6C9AEDDE902C9DDE9047A9B46A2
:1084C000002F00F09981149B03FB0AF3BAF1000F0F
:1084D00000F0928109EB0A02149C04924D4600229E
:1084E0000997D146CDE90532E246CDF81CC0089582
:1084F000AC46012C9CF9001040F243820CEB0902BF
:10850000012392F9000001338142B8BF01469C4229
:108510004A44F6D10025189E62462B4692F9000087
:10852000081A584503F101034A440DDA56F82000B1
:10853000071340F2FF7EC0F30B0048BF4FF4006EFC
:108540007045C8BF01373D449C42E7D1002D00F083
:108550001B82B5FA85F0854005F10042D3170290E1
:10856000B3F1FF3F08BF002DC0F12300019000F0E0
:10857000538112F1004243F10005520842EAC572EC
:10858000134B03926D10504203FB0500A2FB033610
:10859000064406481B1866F10006002E1ADA6FF032
:1085A00000401818034646F1000613E0010000C021
:1085B000ABAAAA2A94A8F5707BBEAF63F2CBA24DFA
:1085C0006CAC162FA4AA5211B72A580211FE0A0049
:1085D000C4C3C3C3DB0F43EA460000F15A30C317DC
:1085E00000FB05F602FB0366A0FB027317F1804750
:1085F00046EB0303FF0F47EA4307C7F1005797EA2B
:10860000000F80FB073640F19D81CC4FDB1966F1EE
:108610000006002EC0F29D81DB0F43EA4603B3F152
:10862000604F4FEA830600F39B8100F10040C617BC
:1086300002FB06FEA2FB003700FB05EEBE44BF4F67
:10864000DB196EF10007002F06DA6FF0004E13EB16
:108650000E0E734647F10007DB0F43EA4703B74F9F
:10866000C3F100534FF0FF3E03FB06F64FEAE378F9
:1086700000FB0866A3FB0038DB19464446EB0E06F8
:10868000002E05DA6FF00047DF193B4646F1000681
:10869000DB0F43EA4603B3F1005F80F24581B3F19B
:1086A000604F00F36C8100F1004393EA020F40F148
:1086B000FB8003FB05F5D81702FB0050A3FB022546
:1086C00005449E48121865F10005002D05DA6FF08B
:1086D00000401018024645F10005D20F42EA45025B
:1086E000C2F10050954A4FF0FF35C0FB0325002D25
:1086F00005DA6FF000401018024645F10005D20F70
:1087000042EA4500B0F1604F00F3B58203F1004248
:108710005E00B2F1404FD8BF4FF00046019B1F2BC7
:1087200005DD029BC3F104031E411F230193002CAE
:1087300065D0019B4FF0010E0EFA03FE0EF1FF3ED5
:108740004FEA6E080022CDE90118104698462FE046
:10875000189D55F8237087EA0603DB0F002B774B33
:1087600012BF4FF0FF354FF080430025C6FB0735A1
:10877000002D04DA6FF000415B1845F10005DB0FB6
:10878000B74243EA450379D053FA08F516D4029F5D
:1087900003EA0E039F427EDA0135FE2D00F382804C
:1087A000803D6DB2013084420AF802504A440DD037
:1087B0001CF902300199CB1A5B45C9DB6FF07F05CC
:1087C000013084420AF802504A44F1D1049B0CF172
:1087D000010C9C450AF1010A7FF48BAEDDE90532FC
:1087E00004991944DDE907C50491099901329142C0
:1087F0001D449C447FF476AE0BB0BDE8F08F049B23
:108800000CF1010C9C450AF1010AE7D0032020235A
:10881000CDE901039CF9001049484FF0FF320023D5
:1088200015464FF0804E0393C617A2FB003802FB9B
:1088300006F713EB0E0E00FB0577039B474447EB4F
:108840000307002F734606DA6FF0004E13EB0E0E8F
:10885000734647F10007DB0F43EA4703C3F10053B8
:1088600080EA0307FF0F002F18BF4FF0FF3E334F82
:1088700004BF4FF0000E4FF08047F5E6B6F1004F11
:1088800082D12EF000434FEA6E076FF000459F4201
:1088900045FA08F580DBFE2D04DC002D80D16FF059
:1088A0007F058DE77F257DE74FF080400026DF17AD
:1088B00003FB05F502FB0755A3FB022712183D44F5
:1088C00045EB0605002D05DA6FF000401018024652
:1088D00045F10005D20F42EA4502C2F1005282EA98
:1088E0000300C00F0028154812BF4FF0FF354FF0AE
:1088F00080400025C3FB0205002D05DA6FF0004221
:108900008218104645F10005C00F40EA4500B0F15D
:10891000005FFFF6F7AE6FF000463344B3F1804FCF
:10892000BFF6FCAE5E00F9E66FF00043034492EA46
:10893000030FB9D501484FF0FF36B8E7010000C07A
:10894000B6B4B4B413F1804346F10006002EBFF66E
:1089500063AE6FF00047DF193B4646F100065BE669
:10896000304480EA0203DB0F002BC84B0DBF00230D
:108970009E464FF0FF334FF0804E039354E79B0029
:10898000D4E7002C7FF4C6AD03222023CDE90123D8
:1089900042E70129C3F1000B04D9BBF1000F7FF4BA
:1089A00046AC8DE5149B99F9002003FB01F10129E8
:1089B00040F25B8109F1FF344B46601813F9015F07
:1089C000AA42B8BF2A468342F8D1CDE903C9631849
:1089D000CDE9057AA0460193924618F9016FAAEBFA
:1089E0000606B34540F23881169B159806FA03F245
:1089F000159B52425340DB0F002BA44B12BF4FF08C
:108A0000FF314FF080430021C2FB0031002905DA1D
:108A10006FF000429A18134641F10001DB0F43EA60
:108A2000410343F07F414D0105F180550293C91A7E
:108A300000244FF08043C5FB0534002C4FEAE57C51
:108A400005DA6FF000401818034644F10004DB0F0C
:108A500043EA4403A3FB0307E41710F1804003FB40
:108A600004FE47EB4E07002F06DA6FF0004E10EBC6
:108A70000E0E704647F10007C00F40EA470087100E
:108A800054BF4FF0010E4FF0020E00F0030070458E
:108A900005FB04F085EA03044FEAD474C8BF01372C
:108AA000002C7A4C03FB0C0014BFA4464FF0804C02
:108AB000A5FB034914BF4FF0FF3E4FF0000E4844A2
:108AC00014EB0C0440EB0E00002806DA6FF0004CAB
:108AD00014EB0C0C644640F10000E40F44EA40043F
:108AE0003819C40F002C6A4A684C12BF4FF0FF3788
:108AF0004FF080440027C0FB0247002F05DA6FF0DB
:108B000000402018044647F10007E40F44EA4704F8
:108B10002344581002D4DF0748BF01302844C30F54
:108B2000002B5C4A594B12BF4FF0FF344FF080438B
:108B30000024C0FB0234002C05DA6FF00040181846
:108B4000034644F100045348534FDB0F43EA440308
:108B50001818029B0024B3FA83F24FF080439E461C
:108B6000A446C0FB07ECC1F300657746013DFF0F4B
:108B7000054047EA4C0741F300603840474F6840E2
:108B80009E46A446C0FB07ECC1F340657746013D15
:108B9000FF0F054047EA4C0741F340603840404F23
:108BA00068409E46A446C0FB07ECC1F3806577464B
:108BB000013DFF0F054047EA4C0741F38060384014
:108BC000384F68409E46A446C0FB07ECC1F3C06521
:108BD0007746013DFF0F054047EA4C0741F3C0606F
:108BE0003840314F68409E46A446C0FB07ECC1F3B5
:108BF00000757746013DFF0F054047EA4C0741F3FA
:108C000000703840294F68409E46A446C0FB07ECE0
:108C1000C1F340757746013DFF0F054047EA4C0719
:108C200041F3407038406840F225C0FB0534DB0F4B
:108C300043EA4403C1F38074013C41F3807152095B
:108C400019400440531E6140524222F000420B4042
:108C50005340189A42F82630019B98457FF4BDAEE8
:108C6000DDE903C9DDE9057A2AE400293FF428ACEF
:108C700009F1FF34A9E603EB8002B2F1804F4FEA1D
:108C80004206FFF646AD6FF0004647E5010000C022
:108C9000ABAAAA2A94A8F5707BBEAF63F2CBA24D13
:108CA0006CAC162FA4AA5211B72A580211FE0A0062
:108CB0002DE9F04F9DB09B462A9B002A00F01783B8
:108CC0001446269A02FB0BF2BBF1000F00F00F8353
:108CD000269D1B94043B139303EB85030493D94611
:108CE0000023AA4601EB0904CDE91642CDE919019A
:108CF0001893129183465346129A012B10781190C3
:108D000040F2A78302EB090101220C780132A04254
:108D1000B8BF204693424944F7D1299A11900244A2
:108D200003920022DDE912EA0192CDF850B0CDF8AD
:108D3000089015935FE1119A27999B1A289A9340FE
:108D4000279A5A40D20F002AC24A0BBF4FF08040E8
:108D5000104600224FF0FF32C1FB0302002A05DA61
:108D60006FF000414118084642F10002C00F40EA8E
:108D70004200279A9A4200F04B8140F07F42540112
:108D8000121A04F180544FF080430026C2F3407859
:108D900008F1FF31C4FB0436C2F3807C0C91002E35
:108DA0000CF1FF310B9105DA6FF0004159180B46B9
:108DB00046F10006DB0F43EA4603A3FB0317F61751
:108DC00011F1804103FB06F947EB4907002F1D46CF
:108DD00006DA6FF0004911EB0909494647F100072F
:108DE000C90F41EA4701C8F100070797CCF1000716
:108DF00004FB06F60D97E71703FB076683EA0408F2
:108E0000A4FB03C33344C2F34066013E0896C2F399
:108E10000076013E0E96C2F38066013E069642F34E
:108E20004066C2F3C06B0A9642F3006609960BF1E6
:108E3000FF360596CBF100065FEAA109C2F3006791
:108E40000F9642F300764FEAD87807F1FF3701F02A
:108E50000301109642F3806254BF4FF0010B4FF0B4
:108E6000020B5945C8BF09F101097A49B8F1000F51
:108E70000ABF4FF080414FF0FF384FF000081CEB65
:108E8000010143EB0808B8F1000F05DA6FF0004369
:108E9000CB18194648F10008C90F41EA4801494476
:108EA000CB0F002B6C4E6B4B12BF4FF0FF3C4FF0C3
:108EB00080434FF0000CC1FB063CBCF1000F05DA0B
:108EC0006FF0004159180B464CF1000CDB0F43EAE0
:108ED0004C031D446B1002D4ED0748BF01332344FB
:108EE000D90F002918BF4FF0FF345A4904BF00249E
:108EF0004FF08041002800F086805848C3FB0014E2
:108F0000002C05DA6FF00043CB18194644F1000439
:108F1000C90F41EA440101F1E2414FF080430020D2
:108F20004F4EA1F52521A1F26C711C460546C1FBEF
:108F30000645E40F099E44EA45040F4026407E4062
:108F4000484F089C19460546C6FB0715C90F41EA5C
:108F500045010A9D444F0D40344029466140064674
:108F60001C46C1FB0746069DE40F44EA46040D403B
:108F70003E4E22406A4019460546059CC2FB061536
:108F80001440C90F0F9A3A4E41EA45010A40624027
:108F9000194605460E9CC2FB06151440C90F109ACF
:108FA000344E41EA45010A406240194605460C9C90
:108FB000C2FB06151440C90F079A41EA45010A4051
:108FC0006240F2210B9CC2FB01301440DB0F0D9A72
:108FD00043EA40031A40134663401A13190548BF79
:108FE00001320199114401914AF8043F029B9E44C9
:108FF000049B9A4548D09EF80030039A9A427FF726
:109000009AAE0023F0E74FF400226FF00043E8E748
:10901000B2F1004F7FF4B1AE4FF0FF360021CDE941
:109020000911CDE90F11144C144DDFF858C0144B41
:109030000C966FF000400B964FF400398846374687
:10904000089605960A4606960E9607910D914FF0E2
:10905000010B06E7010000C0ABAAAA2A94A8F5708C
:109060007BBEAF63F2CBA24D6CAC162FA4AA5211FB
:10907000B72A580211FE0A00E0FFFF0FF8FFFF01B8
:10908000FFFF1F0000010040019ADDF850B0DDF83D
:109090000890159B002A00F08381B2FA82F802FA48
:1090A00008F101F10042D017B0F1FF3F08BF0029DD
:1090B000C8F1230600F0778112F1004240F1000070
:1090C000520842EAC072B449B44F4010544201FB06
:1090D0000044A2FB0115C9192C4464F10004002CC2
:1090E000944605DA6FF000454D19294644F1000415
:1090F000C90F41EA440101F15A31CC1701FB00F7D5
:1091000002FB0477A1FB024514F1804447EB0505FF
:10911000E40F44EA4504C4F1005494EA010F81FBD2
:10912000047540F12A819D4C3C1965F10005002D24
:10913000C0F22A81E40F44EA4504B4F1604F4FEADB
:10914000840500F3788101F10041CC17934F01FBB6
:1091500000F502FB0455A1FB024EE419754465F1CC
:109160000005002D05DA6FF00047E7193C4645F190
:109170000005E40F44EA4504C4F10055874C4FF064
:10918000FF37C5FB0147002F05DA6FF00045651971
:109190002C4647F10007E40F44EA4705B5F1604F5C
:1091A00000F35D8101F1004191EA0C0F40F1BD80B7
:1091B0007A4D01FB00F0CC1702FB0400A1FB022753
:1091C0005219384460F10000002805DA6FF00045BC
:1091D00055192A4640F10000D20F42EA40026F487A
:1091E000C2F100524FF0FF3502FB04F4D71701FB28
:1091F0000744A2FB012712183C4444EB0504002C51
:1092000005DA6FF000401018024644F10004D20F56
:1092100042EA4402B2F1005F7FDAB2F1604F00F33C
:10922000208101F100424800B2F1404FD8BF4FF019
:1092300000401F2E03DDC8F1040210411F26002B41
:1092400040D00127B740013F5C46CDF804B0DFF8BD
:109250004CC1139DDDF810B04FEA67086FF0004E67
:1092600082460BE03A40404690424FDA0131FE29F7
:1092700051DCC9B25D4521704C4421D055F8040F32
:1092800080EA0A02D20F002A15BF62464FF08042E0
:109290004FF0FF310021C0FB0A21002903DA12EB55
:1092A0000E0241F10001D20F504542EA410221D0A5
:1092B00052FA06F1D6D500215D4521704C44DDD12E
:1092C000DDF804B0129A169901328A4212920BF11B
:1092D000010B7FF411AD9A46189B1B9C179ADDE990
:1092E000190101339C42114410447FF4FBAC1DB0C2
:1092F000BDE8F08FBAF1004FDAD127F000427810C4
:109300006FF00041904241FA06F1AFDBFE2902DC2A
:109310000029AED1AEE7FF21ACE76FF00040014479
:10932000B1F1804F85DA480083E74FF08045002790
:1093300001FB00F0CC1702FB0400A1FB022C521928
:10934000604440EB0700002805DA6FF0004555192E
:109350002A4640F10000D20F42EA4002C2F1005218
:1093600082EA0100C00F002818BF4FF0FF350B48FC
:1093700004BF00254FF0804036E717F1804445F1E7
:109380000005002DBFF6D6AE6FF00047E7193C464A
:1093900045F10005CEE600BFC4C3C3C3010000C051
:1093A00003264FF020084FF0FF3233491046944611
:1093B0004FF080474FF0000ACC1701FB00F502FB8D
:1093C0000455A1FB024EE419754445EB0A05002D36
:1093D00005DA6FF00047E7193C4645F10005E40F58
:1093E00044EA4504C4F1005484EA0105ED0F002D60
:1093F000224D12BF4FF0FF374FF080450027C1FBD1
:109400000457002F05DA6FF000442C19254647F168
:109410000007ED0F45EA4705B5F1005FFFF6BEAE68
:109420006FF00045294491EA0C0F7FF57EAF134D94
:109430004FF0FF377CE7294481EA0204E40F002C57
:109440000E4F12BF4FF0FF3A4FF080474FF0000A27
:10945000B2E7002BA4D0299A0244039261E4AD0044
:10946000E0E701EB8202B2F1804F4FEA4200FFF6E3
:10947000DBAE6FF00040DCE6B6B4B4B4010000C06F
:1094800051EC100B1E4A21F0004393421ED900B547
:109490001C4A934285B008D902460B46F6F78CFE6B
:1094A00041EC100B05B05DF804FB684600F0B8FD18
:1094B00000F0030001289DED000B9DED021B14D070
:1094C000022807D0A0B900F0AFFBEBE79FED0A1B25
:1094D00000F0AABB00F0A8FB53EC102B03F10043F3
:1094E00000EE903A05B05DF804FB00F0D5FCF3E720
:1094F000012000F0D1FCD5E70000000000000000D2
:10950000FB21E93FFFFFEF7F51EC100B204A21F0D8
:10951000004393421FD900B51E4A934285B008D933
:1095200002460B46F6F748FE41EC100B05B05DF81D
:1095300004FB684600F074FD00F0030001289DED77
:10954000000B9DED021B17D0022809D0B8B90120ED
:1095500000F0A2FCEAE79FED0C1B002000F09CBC91
:10956000012000F099FC53EC102B03F1004300EEB6
:10957000903A05B05DF804FB00F056FBD6E700F02A
:1095800053FBF0E7AFF30080000000000000000094
:10959000FB21E93FFFFFEF7F08B52DED028BB0EE19
:1095A000408A00F057FFF0EE408AB0EE480A00F023
:1095B000D1FA68B1DFED127AB4EEE78AF1EE10FA73
:1095C0000BDCDFED107AB4EEE78AF1EE10FA0FD47F
:1095D000B0EE680ABDEC028B08BDDFED0B8A02F02D
:1095E000A5FEB0EE680ABDEC028B2223036008BD25
:1095F00002F09CFE2223DFED058A0360E8E700BF4E
:109600001772B142B5F1CFC20000807F00000000A8
:1096100008B52DED028BB0EE408A00F0D9FAB4EE19
:10962000488AF1EE10FA06D6DFED098AB4EEE88A30
:10963000F1EE10FA02D4BDEC028B08BD02F076FE0A
:1096400088EEA80ABDEC028B2123036008BD00BF91
:1096500000000000000000002DE9F04FD04B5BEC53
:1096600010AB9B4585B05C4613DCCE4B2BF0004520
:109670009D426BD9CC4B002250465946F7F7BCF9B6
:10968000002800F0A580012005B0BDE8F04F00F0F3
:109690001FBAC64B9B4500F39080C54B9B455DDDD3
:1096A0009FEDA97BC34B2515C4F313049C428DED9C
:1096B000027B5646A5F2FF3544F07F5774DC47F431
:1096C000401730463946BC4B0022F6F775FDBB4BC0
:1096D00006460F46002282468B46F6F725FF3246A5
:1096E0003B46F6F721FF80468946CDE90089002CEC
:1096F00040F0A6800022002330463946F7F77CF977
:10970000002800F00081002D00F090812846F6F737
:10971000A1FE8FA3D3E9002306460F46F6F704FF08
:10972000DDE90223F6F74AFD8BA3D3E900230446C3
:109730000D4630463946F6F7F7FE02460B46204600
:109740002946F6F73BFD41EC100B3EE0A3F1E87330
:109750009D4244D99A4B1C449C4264D8964B0022AB
:1097600050465946F6F72AFD0D15A5F2FF35002D96
:1097700006460F460C4640F37F8152465B46F6F79D
:109780001BFD02460B4600208B49F6F715FD3B46B4
:109790003246F6F7F3FF874BC4F313049C42CDE93E
:1097A000020144F07F578ADD47F40017C4F58014A6
:1097B000304639460135A41085E752465B4650468F
:1097C0002146F6F7FBFC41EC100B05B0BDE8F08F2D
:1097D0004BEC10AB05B0BDE8F04F00F095B9794BFC
:1097E000002250465946F6F7E9FC00220023F7F71D
:1097F0002BF918B1744B9D4240F23B8152465B46B7
:1098000050465946F6F790FE6C4B0022F6F78CFE58
:1098100002460B4650465946F6F7CEFC41EC100B7B
:1098200005B0BDE8F08F654B002250465946F6F76B
:109830007BFE52465B46F6F777FECDE90001002538
:1098400000224FF0804350465946F6F7B7FC0246D7
:109850000B4650465946F6F791FF02460B468046A6
:109860008946F6F761FE3EA3D3E9002306460F467C
:10987000F6F75AFE3CA3D3E90023F6F79FFC3246E5
:109880003B46F6F751FE3AA3D3E90023F6F796FCE0
:1098900032463B46F6F748FE37A3D3E90023F6F7F6
:1098A0008DFC32463B46F6F73FFE35A3D3E9002355
:1098B000F6F784FC32463B46F6F736FE32A3D3E990
:1098C0000023F6F77BFC32463B46F6F72DFE30A32D
:1098D000D3E90023F6F772FC32463B46F6F724FE46
:1098E000DDE90023F6F76AFC42464B46F6F71CFE1C
:1098F00006460F46002D69D102460B46DDE9000100
:10990000F6F75AFC84E724A3D3E90023304639460E
:10991000F6F70AFE02460B4600202749F6F74CFCF4
:1099200042464B46F6F700FE80468946002D40F041
:10993000808002460B4630463946F6F73DFC41EC46
:10994000100B42E7AFF300800000000000000000B1
:10995000763C7935EF39EA3D0000E0FE422EE63FE5
:1099600044523EDF12F1C23F9FC678D0099AC33FEE
:10997000DE03CB966446C73FAF788E1DC571CC3FE2
:10998000599322942449D23F04FA97999999D93F3F
:10999000935555555555E53F555555555555E53F45
:1099A0007982DA3FFFFFEF3F0000F0BFFFFFEF7F5C
:1099B000FFFF3F439DA006000000F03F0000E03F96
:1099C0003C412D4000005043FFFF8F3C2846F6F7F6
:1099D00041FD32A3D3E9002380468946F6F7A4FD72
:1099E00030A3D3E9002304460D4640464946F6F726
:1099F0009BFDDDE90223F6F7E1FB32463B46F6F735
:109A0000DDFB02460B46DDE90001F6F7D5FB5246C9
:109A10005B46F6F7D1FB02460B4620462946F6F791
:109A2000CBFB41EC100B05B0BDE8F08F9FED180BA0
:109A3000CBE62846F6F70EFD18A3D3E900238246AD
:109A40008B46F6F771FD17A3D3E9002304460D46B4
:109A500050465946F6F768FDDDE90223F6F7AEFBFE
:109A600002460B4640464946F6F7A6FB32463B46C1
:109A7000CFE74BEC10ABA8E6074B0022F6F79CFBB8
:109A800002460B4650465946F6F796FB7FE600BF66
:109A900000000000000000000000F03F0000E0FEB9
:109AA000422EE63F763C7935EF39EA3D10B52DED93
:109AB000028BB0EE408AF0EE608A044602F036FC7B
:109AC000B0EE480AF0EE680ABDEC028B046010BDEF
:109AD00000B5002283B080B1094BCDE90023DDE958
:109AE000000100220023F6F749FE41EC100B222072
:109AF00003B05DF804EBFFF7D9BF024BEDE700BF01
:109B00000000F0BF0000F03F38B555EC104B2DEDD4
:109B1000028B22462B4620462946F6F74DFB02468D
:109B20000B46F6F72BFE224641EC180B2B4620463F
:109B30002946F6F793FFB0EE480AF0EE680A30B90E
:109B4000BDEC028B2120BDE83840FFF7AFBFBDEC74
:109B5000028B38BD10EE103A23F00040B0F1FF4FF9
:109B60002CBF00200120704710EE101AC1F3C7521D
:109B70000029A2F17F0CACBF01204FF0FF30BCF1F7
:109B80001E0F0FDCBCF1000F1DDBC1F31603BCF18F
:109B9000160F43F400030ADD963A03FA02F202FBC1
:109BA00000F07047FDEEC07A17EE900A70474FF450
:109BB000800242FA0CF21A44CCF1170C22FA0CF291
:109BC00002FB00F07047BCF1FF3F18BF0020704758
:109BD000B1EEC00A704700BF10EE103AC3F3C7528F
:109BE0007F3A162A19460EDC002A11DB0C48104178
:109BF000034205D04FF4800313410B4423EA0003D2
:109C000000EE103A7047802AFAD130EE000A704711
:109C1000013203F00043F3D143F07E53F0E700BF7D
:109C2000FFFF7F00000000002DE9F04F57EC106BA4
:109C300027F00048B8F1795F5BEC11AB85B071D2C9
:109C400030463946F6F720FF002800F0F48032460F
:109C50003B4630463946F6F767FC79A3D3E9002343
:109C600004460D46F6F760FC77A3D3E90023F6F728
:109C7000A5FA22462B46F6F757FC75A3D3E9002335
:109C8000F6F79AFA22462B46F6F74EFC72A3D3E972
:109C90000023F6F793FA22462B46F6F745FC70A30D
:109CA000D3E90023F6F788FA22462B46F6F73CFC68
:109CB0006DA3D3E90023F6F781FA22462B46F6F787
:109CC00033FCCDE900016E4B002220462946F6F711
:109CD0002BFCDDE900238046894620462946F6F71D
:109CE00023FC44464D468046894652465B463046F4
:109CF0003946F6F719FC02460B4640464946F6F748
:109D00005BFA02460B4620462946F6F755FA02460C
:109D10000B4600205B49F6F74FFA41EC100B05B0FB
:109D2000BDE8F08F32463B4630463946F6F7FCFB3D
:109D300043A3D3E9002304460D46F6F7F5FB42A3FF
:109D4000D3E90023F6F73AFA22462B46F6F7ECFB66
:109D50003FA3D3E90023F6F72FFA22462B46F6F766
:109D6000E3FB3DA3D3E90023F6F728FA22462B466E
:109D7000F6F7DAFB3AA3D3E90023F6F71DFA2246F9
:109D80002B46F6F7D1FB38A3D3E90023F6F716FAF2
:109D90002B462246F6F7C8FB3B4B9845CDE9000120
:109DA00091D93A4B98453DD8A8F500130022354982
:109DB000002090469946F6F7FFF9CDE90201304BB5
:109DC000002220462946F6F7AFFB42464B46F6F7FF
:109DD000F3F9DDE900238046894620462946F6F757
:109DE000A3FB44464D468046894652465B46304674
:109DF0003946F6F799FB02460B4640464946F6F7C8
:109E0000DBF902460B4620462946F6F7D5F902460D
:109E10000B46DDE90201F6F7CFF941EC100B05B076
:109E2000BDE8F08F9FED127BDFF864908DED027B33
:109E30004FF00008C3E79FED100B05B0BDE8F08FB1
:109E4000D43888BEE9FAA8BDC4B1B4BD9EEE213EA7
:109E5000AD529C804F7E923E9015CB19A001FA3EE8
:109E60007751C1166CC1563F4C5555555555A53FB8
:109E7000000000000000E73F000000000000F03F8D
:109E80000000E03F0000F03F3233D33F0000E93FE5
:109E90000000D23F000000002DE9F04F55EC104BC0
:109EA00025F0004385B0B3F1795F8DED001B82464C
:109EB00006D220462946F6F7E7FD002800F08C8000
:109EC00022462B4620462946F6F72EFB06460F462D
:109ED00032463B4620462946F6F726FB45A3D3E902
:109EE0000023CDE9020130463946F6F71DFB43A3B6
:109EF000D3E90023F6F760F932463B46F6F714FB48
:109F000040A3D3E90023F6F759F932463B46F6F76A
:109F10000BFB3EA3D3E90023F6F74EF932463B464E
:109F2000F6F702FB3BA3D3E90023F6F747F9804697
:109F30008946BAF1000F37D0DDE900012C4B002231
:109F4000F6F7F2FADDE902AB42464B468046894617
:109F500050465946F6F7E8FA02460B46404649464F
:109F6000F6F72AF932463B46F6F7DEFADDE900233A
:109F7000F6F722F91CA3D3E9002306460F46504604
:109F80005946F6F7D1FA02460B4630463946F6F7FF
:109F900015F902460B4620462946F6F70DF941EC25
:109FA000100B05B0BDE8F08F02460B46304639462F
:109FB000F6F7BAFA0CA3D3E90023F6F7FDF8DDE9CA
:109FC0000223F6F7B1FA22462B46F6F7F7F841ECF2
:109FD000100B05B0BDE8F08F45EC104B05B0BDE8A7
:109FE000F08F00BFAFF30080495555555555C53F1B
:109FF0000000E03F7CD5CF5A3AD9E53DEB9C2B8A57
:10A00000E6E55A3E7DFEB157E31DC73ED561C11955
:10A01000A0012A3FA6F810111111813F0000000095
:10A020002DE9F04F53EC102B994923F000458D4258
:10A030008FB0044640F28E8096498D421F462AD842
:10A04000002F1046194688A3D3E9002340F3A781C7
:10A05000F6F7B2F8904B9D4206460F4600F08E8010
:10A0600083A3D3E90023F6F7A7F880468946424642
:10A070004B4630463946F6F79FF87DA3D3E90023D7
:10A08000F6F79AF8C4E90089C4E9020101263046CE
:10A090000FB0BDE8F08F81498D4240F28980804940
:10A0A0008D4262D82E15A6F21646A5EB065910462B
:10A0B00049469046F6F7E8FCF6F7CCF902460B461F
:10A0C00040464946CDE90823F6F776F8754B00225D
:10A0D000F6F72AFA89468046F6F7D6FCF6F7BAF97B
:10A0E00002460B4640464946CDE90A23F6F764F896
:10A0F0006C4B0022F6F718FACDE90C010DF1380A85
:10A1000003254FF000084FF000097AE902014246AA
:10A110004B46AB46013DF6F76FFC0028F5D1624B8C
:10A1200001930223009332465B46214608A800F0C3
:10A13000AFFA002F0646AADA6168226801F10043EF
:10A14000E168C4E90023A26801F10043C4E90223E5
:10A1500046429CE70020002184ED000BC4E9020187
:10A16000002630460FB0BDE8F08F10461946F6F7CE
:10A1700023F8C4E90201C4E90001F1E73EA3D3E9F1
:10A180000023F6F719F83EA3D3E9002306460F464D
:10A19000F6F712F88046894642464B463046394625
:10A1A000F6F70AF836A3D3E90023F6F705F869E7CE
:10A1B00000F048F959EC108B33A3D3E90023404653
:10A1C0004946F6F7B1F9394B0022F5F7F7FFF6F7F4
:10A1D0005BFC0646F6F73EF902460B46CDE9022344
:10A1E00021A3D3E90023F6F79FF902460B46404628
:10A1F0004946F5F7E1FF1EA3D3E9002382468B46CB
:10A20000DDE90201F6F790F902460B465046594641
:10A21000CDE90423F5F7D0FF1F2E8046894649DC9F
:10A22000234B721E53F82230AB4243D042464B467A
:10A23000C4E9008950465946F5F7BEFFDDE904231D
:10A24000F5F7BAFF002FC4E90201BFF620AF09F10C
:10A250000043C4E9008301F10043C4E902037642EC
:10A2600015E700BFAFF3008000004054FB21F93F29
:10A270003163621A61B4D03D0000601A61B4D03D10
:10A280007370032E8A19A33B83C8C96D305FE43F06
:10A29000FB21E93F7BD90240FB21F93FFB213941FA
:10A2A000FFFFEF7F00007041481002080000E03F10
:10A2B000C80F0208C9F30A53C3EB1553102B4FEA1A
:10A2C0002555B3DD56A3D3E90023DDE90201F6F7F6
:10A2D0002BF98046894642464B4650465946F5F78B
:10A2E0006BFF02460B4650465946CDE9062392467F
:10A2F0009B46F5F761FF42464B46F5F75DFF4AA3E3
:10A30000D3E9002380468946DDE90201F6F70CF91E
:10A3100042464B46F5F750FF0B460246594650461B
:10A32000CDE90423F5F748FFC1F30A53ED1A312DA7
:10A33000804689467FF77AAF3EA3D3E90023DDE963
:10A340000201F6F7F1F88046894642464B46DDE9C0
:10A350000601F5F731FF82468B4652465B46DDE942
:10A360000601F5F729FF42464B46F5F725FF33A3D3
:10A37000D3E9002380468946DDE90201F6F7D4F8E7
:10A3800042464B46F5F718FF02460B4650465946E3
:10A39000CDE90423F5F710FF8046894646E7F5F737
:10A3A0000DFF234B9D4206460F4618D01AA3D3E952
:10A3B0000023F5F703FF8046894642464B46304668
:10A3C0003946F5F7F9FE14A3D3E90023F5F7F6FEB5
:10A3D000C4E90089C4E902014FF0FF3657E610A333
:10A3E000D3E90023F5F7EAFE0FA3D3E900230646DD
:10A3F0000F46F5F7E3FE8046894642464B46304617
:10A400003946F5F7D9FE08A3D3E90023F5F7D6FEC0
:10A41000DEE700BFAFF300803163621A61B4D03D64
:10A420000000601A61B4D03D7370032E8A19A33BFB
:10A43000FB21F93F0000002E8A19A33BC1492025CA
:10A440009A837B3951EC100B024621F0004343EC18
:10A45000102B704710EE103A23F00042B2F1FF4F7C
:10A4600056D84FEAD37100F095806248834200F3DA
:10A470008780002BC0F287805F4B9A424BD95F4B9D
:10A480009A4200F29A805E4B5E4A03EB8103D3ED61
:10A49000004A02EB810281F0010370EE644AD2EDC2
:10A4A000007A5B1A34EEE70ADFED576A9FED575AE0
:10A4B000DFED575A9FED576A20EE007AA7EE265A35
:10A4C000DFED556AE5EE075AE5EE876AA6EE876A84
:10A4D000F0EE406AE6EE476A20EE266A002B42D094
:10A4E000B0EE007A37EE667AB7EE000AC6EE076A7B
:10A4F00013F17D0F77EEE67A77EEE47A30EE670AB5
:10A500004FDB10EE102A02EBC35300EE103A7047F7
:10A5100030EE000A7047B2F1505F0AD2DFED3F7AA9
:10A5200070EE277AB7EE007AF4EEC77AF1EE10FA01
:10A530005DDC60EE007A9FED347ADFED345A9FEDFA
:10A54000346ADFED356AE7EE875A9FED327AA7EE7F
:10A55000A56AE7EE866AA7EEA67AF0EE406AE7EE15
:10A56000C76A20EE266AF0EE007A76EEE76AB7EE6A
:10A57000007AC6EE267A77EEC07A37EE670A704721
:10A58000002000F07FB8264B9A427FF675AF00207E
:10A5900000F072B8DFED237A002918BFB0EE670A29
:10A5A000704710EE102A643302EBC353DFED1E7ABE
:10A5B00000EE103A20EE270A70471C4B9FED1C7AE4
:10A5C000DFED1C6A03EB8103D3ED007AE0EE077A3E
:10A5D0009FED197AFDEEE77AF0EE404A17EE903AD9
:10A5E000F8EEE77AE7EEE64A67EE877A5AE730EE6A
:10A5F000070A70471772B1421872B13E9115853F34
:10A6000058110208501102084CBB31330EEADDB577
:10A6100055B38A38ABAA2A3E610B36BBCAF24971E0
:10A62000B5F1CF42000000000000800D601102086B
:10A630003BAAB83F8071313FD1F7173710B52DEDE8
:10A64000028BB0EE408A044601F070FEB0EE480A7C
:10A65000BDEC028B046010BD30B1F1EE407A27EE04
:10A66000800A2220FFF7EABFF0EE407A27EE800A48
:10A670002220FFF7E3BF00BF9FED010AFFF7ECBF09
:10A68000000000109FED010AFFF7E6BF0000007018
:10A690002DE9F04FADF5197D9C460A91B04BA2997A
:10A6A000039053F82130049312F1140F0CF1FF338F
:10A6B0000293C0F2C182AB49D31E81FB0301DB17B9
:10A6C000C3EBA10307930133A3EB8303DB00D31890
:10A6D000079A0B930CF1FF33D41A049AD7181CD4A1
:10A6E0000137A39E274420AD4FF000084FF000092A
:10A6F000E24608E056F82400F5F7ACFE0134BC420F
:10A70000E5E8020108D0002CF4DA0134404649465D
:10A71000BC42E5E80201F6D1D446049B002BB8BF49
:10A720004FEACC061BDB0399029A049B0DF18009CA
:10A7300001EBCC0809EBCC090DF5E07B4FEACC0628
:10A740009246634400200021002A80F298810AF199
:10A75000010A9A45EBE8020109F10809F4D1039BCB
:10A76000049A009299190CAB03EB8203043B089303
:10A770000CAB03EB820637460B9ECDF824C08B460C
:10A78000009A0DEBC203002AD3E970454FEAC208D4
:10A790002CDD0DF5E07AD0440DF1300901960597D6
:10A7A000714B002220462946F5F7BEFEF6F76CF9FC
:10A7B000F5F750FE6D4B002206460F46F5F7B4FE46
:10A7C00002460B4620462946F5F7F6FCF6F75CF9FB
:10A7D00078E9022349F8040B39463046F5F7EEFCD8
:10A7E000D04504460D46DBD1019E059F45EC104B3C
:10A7F000304600F091FB55EC104B00224FF07F5398
:10A8000020462946F5F790FE41EC100B00F010FCB5
:10A81000574B51EC100B0022F5F786FE02460B4613
:10A8200020462946F5F7C8FC0D460446F6F72CF9F4
:10A830008246F5F70FFE02460B4620462946F5F7FD
:10A84000BBFC002E8046894640F39480009B0CAAF6
:10A85000591EC6F1180352F8212042FA03F000FAFB
:10A8600003F3D21AC6F1170442FA04F40CAB002C1D
:10A8700043F82120824400F3F08000220023404668
:10A880004946F6F7B9F8002800F02382009B049AA5
:10A8900093420CDD0CAA02EB8303002253F8041D43
:10A8A000BB4242EA0102F9D1002A40F01081049B28
:10A8B0000CAA013B52F82330009A501C8146002B11
:10A8C00040F0DB80089A012352F8041D013300296F
:10A8D000FAD0009A1344009A099905960A440799F8
:10A8E000019301EB000A0DF18008A39906970AF184
:10A8F000804A08EBC20870AA0AF1FF3A02EBC002D4
:10A9000001EB8A0A00925AF8040FF5F7A3FD029BA7
:10A91000002BE8E8020120DB039E474600240025C7
:10A9200077E90223F6E80201F5F7FEFD02460B4641
:10A9300020462946F5F742FC5E4504460D46EFD118
:10A94000009BE3E802450093019B09F10109994549
:10A95000D9DDDDE90567009312E700240025EFE764
:10A96000A8110208ABAAAA2A0000703E000070419C
:10A970000000204057D0B64B0022F6F75BF80446A3
:10A9800000283FF47AAF009B002B0AF1010AC8BFF0
:10A99000022440F384820CAB002153F8045B002DA9
:10A9A0003CD0C5F1807543F8045C6FF07F4003E054
:10A9B0001A68821A43F8042B009A01318A42F7DCA4
:10A9C0000125002E0EDD012E00F02B81022E09D173
:10A9D000009B5A1E0CAB0CA953F82230C3F315038D
:10A9E00041F82230022C7FF448AF42464B46994949
:10A9F0000020F5F7E1FB80468946002D3FF43DAF8E
:10AA000030469FED910B00F087FA4046494653ECE3
:10AA1000102BF5F7D1FB804689462EE7009A0131CD
:10AA20008A42BADCCDE7009B0CAA013B52F82340D6
:10AA3000E415002C7FF721AF009B002B0AF1010ADF
:10AA4000A9DC022C7FF419AF42464B468149002015
:10AA5000F5F7B2FB804689460FE7009B002B0AF111
:10AA6000010A98DC012E00F02E82022EE9D10CABF7
:10AA7000C2F3150243F82120E3E703462BE7CDE9B3
:10AA8000003C52460596DA46CB469146039E5F4609
:10AA90000024002577E90223F6E80201F5F744FDDA
:10AAA00002460B4620462946F5F788FB46450446F4
:10AAB0000D46EFD1009B09F101099945EAE80245ED
:10AAC0000BF1080BE2D1DDF804C0059E47E60B9BB5
:10AAD000DDF800B0A3F11802CDE9024A0CAB0BF18E
:10AAE000FF340B9253F8243063B90BF18043013BE0
:10AAF0000CA901EB830353F8041D013C183A00290B
:10AB0000F9D00B929FED500B0B9800F005FA002C3A
:10AB10005BEC10ABC0F2CD8104F101084FEAC80133
:10AB20000DF5E0790CAB4C4F009103EB8805002646
:10AB300009EBC80855F8040DF5F78CFC52465B4646
:10AB4000F5F7F2FC3B4668E90201324650465946A9
:10AB5000F5F7EAFC0CAB9D4282468B46EAD10099A0
:10AB6000A1F1080A48ABCA44CDE905414FF00009FC
:10AB70001A4607935346CA46DDF81090A346B9F12A
:10AB8000000FC0F2A380CDE9002BDFF8D0801F4674
:10AB90000026002400259B4610E0F7E80223F8E891
:10ABA0000201F5F7C1FC02460B4620462946F5F79F
:10ABB00005FB0136B14504460D4601DBB245ECDA32
:10ABC0005B46009ADDF804B00BF1FF3BBBF1FF3FA1
:10ABD000E2E802450AF1010AA3F10803CFD1A29AE3
:10ABE000079B022ADDE9054100F3A980002A37DC32
:10ABF00010D15C18002000211D4674E90223F5F7EE
:10AC0000DDFAA542F9D1029B002B40F02F810A9B6F
:10AC1000C3E90001039B03F007000DF5197DBDE8B2
:10AC2000F08F009B5A1E0CAB0CA953F82230C3F3D3
:10AC3000160341F82230D5E600216FF01703079183
:10AC400045E500BFAFF30080000000000000F03FCA
:10AC50000000E03F0000F03F0000703E6811020875
:10AC6000D3E900895D18002600279A4675E902237A
:10AC700030463946F5F7A2FAAA4506460F46F5D101
:10AC8000029B40464946002B40F0E3803B4632465B
:10AC9000F5F792FA0A9BC3E900676CB14AAE012549
:10ACA000F6E802230135F5F789FAAC42F8DA029B9F
:10ACB00013B101F1004319460A9BC3E90201039B4A
:10ACC00003F007000DF5197DBDE8F08F0024002585
:10ACD0007AE70B9EDDF800B0704249EC108BCDE9AD
:10ACE000024A00F019F955EC104B884B002220461F
:10ACF0002946F5F79FFE002800F0A280844B002231
:10AD000020462946F5F710FCF5F7BEFE0746F5F795
:10AD1000A1FB7E4B0022F5F707FC0B4602462946B5
:10AD20002046F5F749FAF5F7AFFE0BF101040CAB3D
:10AD3000183643F82B000B9643F82470E2E6A29AEB
:10AD4000032A7FF467AF002C00F0CB8003EBC4052F
:10AD500095ED007B52EC171BE600CDE90054CDE9E0
:10AD60000465A8460C461546994678E902672046D0
:10AD7000294632463B46F5F721FAA246AB46044641
:10AD80000D4622462B4630463946F5F715FA52460F
:10AD90005B46F5F713FAC145C8E90201C8E9004569
:10ADA000E3D1DDE900A4012CDDE904654B4600F0A8
:10ADB0009880D5E90045CDE9006909F1080B7AE9E9
:10ADC00002892046294642464B46F5F7F7F92646C2
:10ADD0002F4604460D4622462B4640464946F5F787
:10ADE000EBF932463B46F5F7E9F9D345CAE90201EA
:10ADF000CAE90045E3D1DDE9006306F108041C441B
:10AE000003F11005002000211E4674E90223F5F726
:10AE1000D5F9A542F9D13346D3E90045D3E9027803
:10AE2000029B3BBB0A9BC3E90401C3E90045C3E99C
:10AE30000278039B03F007000DF5197DBDE8F08F44
:10AE400020462946F5F720FE0CAB5C4643F82B0064
:10AE500058E60A9A07F10043536016603B463246B3
:10AE6000F5F7AAF9002C7FF419AF22E701F10043AE
:10AE70001946CCE6264605F100440A9D08F1004338
:10AE8000C5E9027301F10043C5E90403039B03F024
:10AE90000700C5E900640DF5197DBDE8F08F424655
:10AEA0004B461C490020F5F787F902248046894665
:10AEB000E3E4A29B022B0FDC002B15DC7FF4AAAE8F
:10AEC000002000219FE60CABC2F31602022C43F8CF
:10AED00021207FF4D2ACB7E5A29B032B7FF49AAE7E
:10AEE00048AB0020002197E7029BDDE9480133B120
:10AEF0000A9C00224FF00043C4E90023D9E60A9CD3
:10AF000000220023C4E90023D6E600BF0000704100
:10AF10000000703E0000F03F70B555EC104BC5F3DB
:10AF20000A5206462B4672BB25F00043234329D024
:10AF30003B4B204629460022F5F7F6FA394B9E4254
:10AF400004460D4652DBC1F30A520B46363A4CF228
:10AF500050318E4223DC164440F2FE7296421EDCD3
:10AF6000002E34DC16F1350F38DB6FF31E53363606
:10AF700043EA065520462C4B29460022F5F7D4FA21
:10AF800041EC100B70BD40F2FF718A42DFD12246C6
:10AF900020462946F5F712F941EC100B70BD002D43
:10AFA00017A1D1E9000107DB15A3D3E90023F5F7C9
:10AFB000BBFA41EC100B70BD13A1D1E9000110A345
:10AFC000D3E90023F5F7B0FA41EC100BF3E76FF388
:10AFD0001E5343EA065545EC104B70BD002D0CA1E5
:10AFE000D1E9000102DA0CA1D1E9000108A3D3E9FB
:10AFF0000023F5F799FA41EC100B70BDAFF3008018
:10B000009C7500883CE4377E9C7500883CE437FEE4
:10B0100059F3F8C21F6EA50159F3F8C21F6EA5813E
:10B0200000005043B03CFFFF0000903C00000000D7
:10B0300051EC100BC1F30A532DE9F041A3F2FF3597
:10B04000132D0C46064622DC002D41DB384B43FA1B
:10B0500005F801EA080303430F461DD032A3D3E9E4
:10B060000023F5F7ABF800220023F5F7EDFC40B123
:10B07000002C03DA4FF480132B411F4427EA080405
:10B0800000262346324643EC102BBDE8F081332DD9
:10B0900006DDB5F5806F2BD041EC100BBDE8F081DB
:10B0A000A3F213434FF0FF37DF403842F4D01EA322
:10B0B000D3E90023F5F782F800220023F5F7C4FC5A
:10B0C0000028DED0002C334620DB23EA0706D8E731
:10B0D00015A3D3E90023F5F771F800220023F5F753
:10B0E000B3FC0028CDD0002C09DB00263446C8E78D
:10B0F00002460B46F5F762F841EC100BCEE724F060
:10B10000004426430DD14FF00044BAE7142D06D079
:10B11000C5F134050122AA4013449E42D5D9013419
:10B12000D3E7044C0026ACE79C7500883CE4377EEE
:10B13000FFFF0F000000F0BF2DE9F047089D0F460C
:10B1400004468C46002B48D18A42164661D9B2FA91
:10B1500082F34BB1C3F1200201FA03FC20FA02F2A0
:10B160009E4042EA0C0C9C404FEA164EB7B2BCFB24
:10B17000FEF1220C0EFB11CC42EA0C4201FB07F05F
:10B18000904209D9B21801F1FF3C80F0EE80904264
:10B1900040F2EB8002393244121AA4B2B2FBFEF044
:10B1A0000EFB102244EA024400FB07F7A74209D92C
:10B1B000341900F1FF3280F0DA80A74240F2D780E4
:10B1C0003444023840EA0140E41B00211DB1DC4058
:10B1D0000023C5E90043BDE8F0878B4206D90DB1D5
:10B1E000C5E9000100210846BDE8F087B3FA83F104
:10B1F000002948D1BB4202D3824200F20781841A5F
:10B2000067EB030201209446002DE4D0C5E9004C11
:10B21000E1E7002A00F09280B2FA82F3002B40F0BE
:10B22000A8808A1A4FEA164E1FFA86FC0121200CCC
:10B23000B2FBFEF70EFB172240EA02420CFB07F0BE
:10B24000904207D9B21807F1FF3802D2904200F2BB
:10B25000E2804746121AA4B2B2FBFEF00EFB1022A7
:10B2600044EA02440CFB00FCA44507D9341900F160
:10B27000FF3202D2A44500F2CB801046A4EB0C04AE
:10B2800040EA0740A2E7C1F120068B4022FA06FC03
:10B290004CEA030C07FA01F420FA06F3F7404FEAF0
:10B2A0001C49234300FA01F81FFA8CFEB7FBF9F0A2
:10B2B0001C0C09FB107744EA074400FB0EF7A74279
:10B2C00002FA01F20AD91CEB040400F1FF3A80F003
:10B2D0009B80A74240F2988002386444E41B9FB2EE
:10B2E000B4FBF9F309FB134447EA044403FB0EFEE5
:10B2F000A64509D91CEB040403F1FF3780F08280D6
:10B30000A6457FD9023B644443EA0040A4EB0E0407
:10B31000A0FB02E7BC427346B94663D360D05DB17F
:10B32000B8EB030264EB090404FA06F622FA01F30F
:10B330001E43CC40C5E9006400214CE76208480880
:10B3400042EAC1710B0C43EA00438AB242EA03426B
:10B35000B3FBF6F1E407B4463746B6461F23B0FB0D
:10B36000F6F0D21B41EA004161E7614614E710465E
:10B3700028E7C3F1200120FA01F29E4027FA01F1EB
:10B380009F403A434FEA164E1FFA86FCB1FBFEF788
:10B390000EFB1710110C41EA004107FB0CF8884521
:10B3A00004FA03F43AD9711807F1FF3001D2884545
:10B3B0001FD8A1EB0801B1FBFEF808FB0CF70EFB50
:10B3C000181192B242EA0142BA422FD2B21808F1E1
:10B3D000FF31C6D2BA42C4D2A8F102013244C0E75A
:10B3E000F0459CD2BEEB020367EB0C070138B9466F
:10B3F00095E7A6EB08084144B81EB1FBFEF808FB30
:10B400000CF7DCE73B467FE7504667E70846FBE67C
:10B410003444023832E7023F32441BE7A1EB080113
:10B420003846B1FBFEF808FB0CF7C8E7414698E741
:10B43000024B0146186800F025B800BF5C070020E9
:10B4400070B50F4E0C463168054611B900F04CFF3F
:10B4500030602146284600F047FF431C03D14FF0DF
:10B46000FF34204670BDC41C24F00304A042F8D071
:10B47000211A284600F038FF0130F2D1EFE700BF73
:10B48000D41000202DE9F843CD1C25F00305083524
:10B490000C2D38BF0C25002D064601DBA94204D92E
:10B4A0000C2333600020BDE8F883DFF8D48000F07F
:10B4B00069F8D8F800301C4644BB29463046FFF7EF
:10B4C000BFFF431C044658D1D8F800402746002F40
:10B4D00043D1002C4BD023683946304604EB030996
:10B4E00000F002FF814542D121686D1A294630469D
:10B4F000FFF7A6FF01303AD023682B442360D8F829
:10B5000000305A6862BBC8F800700FE02268521B16
:10B5100020D40B2A17D96119A342256018BF59609E
:10B52000636808BFC8F8001062514B60304600F0F5
:10B530002FF804F10B00231D20F00700C21A1CBFD6
:10B540001B1AA350AFE76268A3420CBFC8F80020E3
:10B550005A60EBE723466468AEE73C467F68B6E78F
:10B560001A465B68A342FBD100235360DEE70C233D
:10B570003360304600F00CF894E70560D6E700BF72
:10B58000D8100020014800F0FCBE00BF1C120020B3
:10B59000014800F0F7BE00BF1C1200202DE9FF4754
:10B5A00057EC106B002F0C4619463B46BBBF07F10A
:10B5B00000431F4600232D230B700D9BDDF830A0A8
:10B5C000914623F02008BCBF32461646B8F1460F1C
:10B5D00005D0B8F1450F00D10134022100E003216C
:10B5E00003AB019302AB009347EC106B534622462A
:10B5F00000F062FFB8F1470F054619D119F0010FAD
:10B600000ED000EB04090022002330463946F5F73E
:10B61000F3F908B1CDF80C903022039B4B451ED3B3
:10B62000039B0E9A5B1B2846136004B0BDE8F087AD
:10B63000B8F1460F00EB0409E5D10378302B0AD1AD
:10B640000022002330463946F5F7D6F918B9C4F17F
:10B650000104CAF80040DAF800309944D3E7591CD5
:10B6600003911A70D9E7F7B50029BABF49422D23D3
:10B670002B2309290270437029DD0DF107042546AB
:10B680000A272246B1FBF7F607FB1613303302F800
:10B69000013C0B46632B04F1FF343146F1DC3031C1
:10B6A000931E04F8011C411C1C46AB420AD30DF149
:10B6B00009039B1AA54238BF0023821C1344181AA1
:10B6C00003B0F0BD13F8016B01F8016FEDE7302313
:10B6D00030318370C170031DF1E700002DE9F04F98
:10B6E0008DB00C46DDF8588016461F46054600F022
:10B6F000C3FD036806931846F5F7BAFB00230A93C7
:10B70000D8F8003094F818A0D4F800B007900733A8
:10B7100023F00703B3EC027B8DED047BC8F8003007
:10B72000DDE9048323F0004984ED127B9C4B4FF04C
:10B73000FF3240464946F5F791F970BB984B4FF000
:10B74000FF3240464946F5F76BF930BBDDE90401AD
:10B7500000220023F5F75AF910B12D2384F8433065
:10B76000904A914BBAF1470F8CBF904698460323FD
:10B7700023612BF0040323604FF000090097334648
:10B780000BAA2146284600F0D1F9013040F08C8008
:10B790004FF0FF300DB0BDE8F08FDDE90423104617
:10B7A0001946F5F75BF940B1059B804A002BBCBFF9
:10B7B0002D2384F843307E4BD4E763685A1C0AF08B
:10B7C000DF093BD1062363604BF4806200232260D3
:10B7D00003930AABCDE901A309AB009361689DED2A
:10B7E000040B0DF123032846FFF7D8FEB9F1470FEC
:10B7F0000999804629D1C81C02DB63688B4241DA73
:10B80000AAF1020A5FFA8AFA0139524604F150009D
:10B810000991FFF728FF0A9A1318012A814623612C
:10B8200002DC2268D20701D5013323619DF8233061
:10B83000002BA3D02D2384F843309FE7B9F1470FA5
:10B84000C2D1002BC0D10123BDE7BAF1650FDBD90E
:10B85000BAF1660F18D1002963680BDD216113B9B5
:10B860002268D00702D501330B442361A1654FF054
:10B870000009DBE713B92268D20701D50233F4E7E8
:10B880000123F2E74FF0670A0A9B8B4205DC23682D
:10B890002161D807EAD54B1CE7E70029D4BFC1F1E5
:10B8A000020201221344E0E723685A0507D4236902
:10B8B000424631462846B84701302BD168E7BAF1F5
:10B8C000650F40F2DD80D4E9120100220023F5F774
:10B8D00093F8002833D0374A012331462846B84729
:10B8E00001303FF455AFDDE90938434502DB2368F9
:10B8F000D8070FD5DDE9062331462846B847013081
:10B900003FF446AF4FF0000908F1FF3804F11A0A7E
:10B91000C84509DC23689B0700F10381E0680B9BA5
:10B920009842B8BF184635E70123524631462846AB
:10B93000B84701303FF42CAF09F10109E8E7099B52
:10B94000002B39DC1B4A012331462846B847013019
:10B950003FF41EAFDDE9093959EA030302D1236838
:10B96000D907D7D5DDE9062331462846B847013047
:10B970003FF40EAF4FF0000A04F11A0B099B5B4233
:10B98000534501DC4B4693E701235A46314628468E
:10B99000B84701303FF4FCAE0AF1010AEEE700BF00
:10B9A000FFFFEF7FBC110208B8110208C4110208A2
:10B9B000C0110208C8110208A36DDDF828A0534584
:10B9C000A8BF5346002B994636DC4FF0000B29EAFE
:10B9D000E97904F11A02A36D0493A3EB09035B4513
:10B9E00031DC099B9A453ADC2368DA0737D4099B96
:10B9F000AAEB0309049BAAEB03039945A8BF994648
:10BA0000B9F1000F33DC4FF0000829EAE97904F1BD
:10BA10001A0B099BAAEB0303A3EB090343457FF72A
:10BA200079AF01235A4631462846B84701303FF4E2
:10BA3000AFAE08F10108ECE7424631462846B84768
:10BA40000130C2D1A4E60123314628460492B8470A
:10BA500001303FF49DAE049A0BF1010BBBE7DDE929
:10BA6000062331462846B8470130C0D190E6049AF3
:10BA70004B46424431462846B8470130C3D187E699
:10BA8000DDF828A0BAF1010F01DCDB0736D5012370
:10BA9000424631462846B84701303FF479AEDDE9E9
:10BAA000062331462846B84701303FF471AED4E949
:10BAB0001201002200230AF1FF3AF4F79DFFC0B9FA
:10BAC000534608F1010231462846B84701300CD1EF
:10BAD0005EE601235A4631462846B84701303FF416
:10BAE00057AE08F10108D045F3DB4B4604F1500294
:10BAF000DFE64FF0000804F11A0BF4E70123424699
:10BB0000E1E701234A4631462846B84701303FF471
:10BB10003FAE08F10108E3680B995B1A4345F0DC7E
:10BB2000FCE64FF0000804F11909F4E72DE9F047AD
:10BB3000164698468A680B69DDF820909342B8BF94
:10BB40001346336091F8432007460C460AB101338F
:10BB500033602368990642BF336802333360256837
:10BB600015F0060506D104F1190AE36832689B1A3C
:10BB7000AB4226DC94F843302268003B18BF012317
:10BB800092062BD404F1430241463846C84701309F
:10BB90001ED02368226903F00603042B02BFE56868
:10BBA0003368ED1AA3680CBF25EAE57500259342BA
:10BBB000C4BF9B1AED1800261A34B5421AD10020D2
:10BBC00008E00123524641463846C847013003D1B8
:10BBD0004FF0FF30BDE8F0870135C6E7E1185A1C89
:10BBE000302081F84300224494F8451082F8431035
:10BBF0000233C7E70123224641463846C847013091
:10BC0000E6D00136D9E700002DE9F0430D7E85B07E
:10BC1000782D90460C9E07460C46994601F143024A
:10BC200007D8622D0AD8002D00F0D780582D00F0DB
:10BC3000BC8004F1420684F842503BE0A5F1630366
:10BC4000152BF6D801A151F823F000BFA5BC0008C0
:10BC5000B9BC000833BC000833BC000833BC000882
:10BC600033BC0008B9BC000833BC000833BC000872
:10BC700033BC000833BC0008C1BD0008E3BC0008A9
:10BC800073BD000833BC000833BC0008E3BD0008E6
:10BC900033BC0008E3BC000833BC000833BC000818
:10BCA0007BBD000833681A1D1B68326004F1420630
:10BCB00084F842300123A1E033682068191D316007
:10BCC000060601D51D6803E04506FBD5B3F9005013
:10BCD000002D03DA2D236D4284F843305B480A239C
:10BCE00011E021683368080653F8045B02D4490662
:10BCF00048BFADB23360237E54486F2B5CD108231C
:10BD0000002184F843106668A660002E05DB2168D8
:10BD10002E4321F00401216050D01646B5FBF3F10B
:10BD200003FB115C10F80CC006F801CDAC4663456E
:10BD30000D46F3D9082B0BD12368DB0708D52369FF
:10BD400061689942DEBF302306F8013C06F1FF36F8
:10BD5000921B2261CDF80090434603AA2146384643
:10BD6000FFF7E4FE01304ED14FF0FF3005B0BDE8E3
:10BD7000F083236843F0200323603548782584F856
:10BD800045502368316813F0800F51F8045B03D1EC
:10BD900013F0400F18BFADB23160D90744BF43F074
:10BDA000200323601DB11023AAE72848E7E7236892
:10BDB00023F020032360F6E70A23A1E71646B9E73C
:10BDC000336825686169181D30602E061B6801D52F
:10BDD000196002E06806FBD519800023236116462E
:10BDE000B8E733681A1D32601E6862680021304669
:10BDF000F4F7EEFF08B1801B6060636823610023E5
:10BE000084F84330A6E72369324641463846C8479E
:10BE10000130A9D023689B0713D4E068039B9842A4
:10BE2000B8BF1846A2E70123324641463846C84704
:10BE3000013099D00135E36803995B1AAB42F2DC1B
:10BE4000EBE7002504F11906F5E700BFCA11020867
:10BE5000DB110208002310B50446C0E90033C0E935
:10BE60000433836081814366C2818361194608225D
:10BE70005C3000F0F9F90D4B63620D4BA3620D4B82
:10BE8000E3620D4B23630D4B24629C4206D003F109
:10BE90006802944202D0D0339C4205D104F158008C
:10BEA000BDE8104000F06CBA10BD00BFBDC0000876
:10BEB000DFC0000817C100083DC10008DC100020E9
:10BEC000024A0349034800F06BB800BF5007002046
:10BED00095DB00086007002041680C4B994210B5C3
:10BEE000044601D001F056FEA168094B994202D0E8
:10BEF000204601F04FFEE168064B994204D02046EF
:10BF0000BDE8104001F046BE10BD00BFDC100020AF
:10BF100044110020AC1100200C4B0D4A0D4810B507
:10BF200004211A600022FFF795FF0A4B01221C46EC
:10BF3000092103F16800FFF78DFF04F1D000022210
:10BF4000BDE810401221FFF785BF00BF141200208A
:10BF5000C1BE0008DC100020014800F012BA00BF8A
:10BF60001D120020014800F00DBA00BF1D12002074
:10BF700010B50446FFF7F0FF236A1BB1BDE810407F
:10BF8000FFF7F0BF044B2362044B1B68002BF5D175
:10BF9000FFF7C2FFF2E700BFD9BE0008141200206D
:10BFA0002DE9F8430746884614460026D4E9019552
:10BFB000B9F1010905D52468002CF7D13046BDE858
:10BFC000F883AB89012B07D9B5F90E30013303D0C3
:10BFD00029463846C04706436835E9E70FB407B538
:10BFE000064904AB086853F8042B8168019301F0FB
:10BFF0003BFC03B05DF804EB04B070475C07002025
:10C00000036A70B5846805460E460BB9FFF7B0FFAA
:10C01000636EDB0705D4A389980502D4A06D00F0F8
:10C02000B0F9A389190702D52369002B35D1214620
:10C03000284600F0C5F880B34FF0FF35636EDA078D
:10C0400005D4A3899B0502D4A06D00F09BF9284676
:10C0500070BD002B04DAA269934217DB0A2915D0C0
:10C0600023685A1C22601970A36816F8011F013B4F
:10C07000A3600029EDD1002B11DA22460A212846BF
:10C0800000F060F80130D7D00A25D7E722462846CD
:10C0900000F058F80130E7D1CEE7013EE4E723682D
:10C0A0005A1C22600A221A70EEE70000024B014679
:10C0B0001868FFF7A5BF00BF5C07002010B50C464D
:10C0C000B1F90E1000F0FEF80028ABBF636DA38934
:10C0D0001B1823F48053ACBF6365A38110BD2DE909
:10C0E000F0411F468B89DB0505460C46164605D5F3
:10C0F000B1F90E100223002200F0D2F8A389B4F99E
:10C100000E1023F48053A38132463B462846BDE8F7
:10C11000F04100F0F9B810B50C46B1F90E1000F07E
:10C12000BFF8B4F90C30421C0BBF23F4805343F426
:10C130008053A381A38118BF606510BDB1F90E10B3
:10C1400000F09EB8F8B50E461446054618B1036ACD
:10C150000BB9FFF70DFFA369A360A3891A0701D5E7
:10C16000236943B92146284600F02AF818B14FF058
:10C17000FF373846F8BD23682269981A6369F6B21A
:10C180008342374605DC2146284601F003FD00289E
:10C19000EDD1A368013BA36023685A1C22601E7086
:10C1A0006269431C9A4204D0A389DB07E1D50A2EB9
:10C1B000DFD12146284601F0EDFC0028D9D0D6E792
:10C1C00038B5284B054618680C4618B1036A0BB9F8
:10C1D000FFF7CEFEB4F90C301A0721D4D80607D4E5
:10C1E00009222A6043F04003A3814FF0FF3030E082
:10C1F000590712D5616B41B104F14403994202D051
:10C20000284600F035FF002363630022B4F90C30A8
:10C2100062602269226023F0240343F00803A381B3
:10C2200022693AB99A0501D5180603D52146284650
:10C2300001F0FCFCB4F90C3013F001020AD000222A
:10C24000A26062695242A261226942B913F0800081
:10C25000C8D138BD990758BF6269A260F4E70020D1
:10C26000F7E700BF5C07002002440346934200D179
:10C27000704703F8011BF9E7004870479C0800204D
:10C2800038B5064D0023044608462B60F9F752FCEA
:10C29000431C02D12B6803B1236038BD1812002063
:10C2A00038B5074D04460846114600222A601A4652
:10C2B000F9F767FC431C02D12B6803B1236038BD3A
:10C2C0001812002038B5074D0446084611460022D2
:10C2D0002A601A46F9F711FC431C02D12B6803B1FE
:10C2E000236038BD1812002038B5064D00230446DF
:10C2F00008462B60F9F7A8FB431C02D12B6803B159
:10C30000236038BD1812002038B5074D0446084692
:10C31000114600222A601A46F9F7E4F8431C02D1BC
:10C320002B6803B1236038BD18120020014B186838
:10C33000704700BF5C07002070B50D4B0D4D5B1BB7
:10C340009C100026A64209D101F07CFD0A4D0B4B42
:10C350005B1B9C100026A64205D170BD55F8043B1E
:10C3600098470136EEE755F8043B98470136F2E767
:10C370003815020838150208381502083C1502085D
:10C380007047704770470A44914200F1FF3300D173
:10C39000704710B511F8014B03F8014F9142F9D1E4
:10C3A00010BD2DE9F74F03690C69A34207467EDBF8
:10C3B000013C01F11408A30000F11405009305EB02
:10C3C0008403019358F8243055F8242001339A420D
:10C3D00008EB8409B2FBF3F62ED34FF0000AC446F3
:10C3E000AE46D3465CF8043B98B206FB00A0020CB4
:10C3F0001B0C06FB0323DEF8002080B292B2121A57
:10C400005A44DEF800004FEA134A9BB2C3EB2243C2
:10C4100003EB104392B242EA0342E1454EF8042B8B
:10C420004FEA234BDED2009BEB582BB9019B043B18
:10C430009D421A462FD33C61384601F0DFF80028B0
:10C4400025DB2946002058F8042BD1F800C01FFA3C
:10C4500082FE1FFA8CF3A3EB0E030344120CC2EB13
:10C46000234202EB1C429BB243EA0243C14541F81E
:10C47000043B4FEA2240E6D255F8242005EB840322
:10C4800022B9043B9D421A460BD33C61013630462B
:10C4900003B0BDE8F08F1268043B002ACBD1013C09
:10C4A000C6E71268043B002AEFD1013CEAE700200E
:10C4B000EEE70000000000002DE9F04F99B08DED8F
:10C4C0000E0B0C92C269229C0A9157EC106B8146AC
:10C4D000139382B91020FEF7ABFF0246C9F81C0087
:10C4E00020B9AB4BEF21AB4801F0FCFB0023C0E9C6
:10C4F00001330360C360116859B152684A60012377
:10C5000093408B60484600F03BFED9F81C30002277
:10C510001A60B7F10008B5BF012300232360236030
:10C520009D4BBCBF28F00048CDF83C8033EA08039F
:10C530001AD1139AC8F3130842F20F7358EA060887
:10C54000136000F06885239B53B9944B21E0944B12
:10C5500000930833239A1360009819B0BDE8F08F58
:10C560008E4B00930333F5E79DED0E7B002251ECDB
:10C57000170B00238DED067BF4F73EFA824650B18F
:10C58000139A01231360239B13B1239A854B1360E5
:10C59000854B0093E0E79DED060B16AA17A94846C8
:10C5A00001F0E0F85FEA1854169D019079D0079BDE
:10C5B000CDF850A0C3F31303DDE9060143F07F5328
:10C5C00043F44013A4F2FF3419460022774BF3F7EB
:10C5D000F3FD69A3D3E90023F3F7A6FF68A3D3E92A
:10C5E0000023F3F7EBFD064620460F46F3F732FF34
:10C5F00065A3D3E90023F3F797FF02460B463046C5
:10C600003946F3F7DBFD06460F46F4F73DFA002204
:10C610008046002330463946F4F7F8F948B14046E1
:10C62000F3F718FF32463B46F4F7E6F908B908F18C
:10C63000FF38B8F1160F51D85D4B03EBC803D3E9AF
:10C640000023DDE90601F4F7E1F9002848D008F1FC
:10C65000FF38002312932D1B6B1E089343BF00234A
:10C66000C5F1010708930027B8F1000F3ADB089BDA
:10C67000CDF8348043440893002309930A9B092B87
:10C6800062D8052BC4BF043B0A930A9BA3F10203A3
:10C69000CCBF00240124032B62D8DFE803F0515300
:10C6A000362B179C2C4404F23243202BC1BFC3F11C
:10C6B000400308FA03F804F2124326FA03F3D6BF44
:10C6C000C3F1200348EA030006FA03F0F3F7B2FED1
:10C6D0000122A1F1F873013C149275E70123B9E737
:10C6E0001290B8E7C8F1000309930023A7EB0807ED
:10C6F0000D93C3E701230B930C9B43440593013334
:10C70000012B0493B8BF012306E001230B930C9B7C
:10C71000002B28DDCDE90433D9F81C0000210422C8
:10C7200002F114059D4223D94160484600F0EAFC1D
:10C730000090002840D11F4B024640F2AF11D2E6D4
:10C740000023E3E70023D6E701240023CDE90A34E0
:10C750004FF0FF33CDE90433002212230C92DBE7C4
:10C7600001230B93F4E70123CDE904331A46F5E7DF
:10C7700001315200D4E700BF61436F63A787D23F06
:10C78000B3C8608B288AC63FFB799F501344D33FC0
:10C79000F9110208101202080000F07FF5110208DA
:10C7A000EC110208C9110208C81102080000F83F84
:10C7B0006013020869120208D9F81C30009A1A6046
:10C7C000049B0E2B00F2A180002C00F09E80B8F19B
:10C7D000000F36DD9E4B08F00F0203EBC20318F486
:10C7E000807FD3E900AB4FEA281516D0994BDDE9DD
:10C7F0000601D3E90823F3F7C1FFCDE9020105F0F3
:10C800000F050324934E75B9DDE9020152465B46DC
:10C81000F3F7B4FF82468B462DE09DED067B0224A4
:10C820008DED027BEEE7E90708D550465946D6E97B
:10C830000023F3F779FE013482468B466D100836EB
:10C84000E1E700F0AD80C8F10005814B814E05F0B5
:10C850000F0203EBC203D3E90023DDE90601F3F77E
:10C8600063FE2D1182468B4600230224002D40F0EA
:10C870008C80002BCED1129B002B00F09580764B44
:10C88000002250465946F4F7C1F8002800F08C8089
:10C89000049B002B00F08880059B002B35DD08F100
:10C8A000FF330293504659466C4B0022F3F73CFE8F
:10C8B000059E82468B4601342046F3F7CBFD524657
:10C8C0005B46F3F731FE664B0022F3F777FC044634
:10C8D000A1F15075CDE91045002E69D1614B0022C0
:10C8E00050465946F3F768FC22462B4682468B4653
:10C8F000F4F7AAF8002840F09482224605F100439C
:10C9000050465946F4F782F820BB179B002BC0F223
:10C910006081B8F10E0F00F35C814D4B03EBC8034F
:10C92000D3E900AB0C9B002B80F2EE80049B002B24
:10C9300000F3EA800ED14B4B002250465946F3F7E4
:10C94000F3FD02460B46DDE90601F4F769F800281D
:10C9500000F06A8200252C460C9B009EDB4302936C
:10C96000274600242946484600F00AFC002F00F024
:10C97000C1802CB1BC4203D02146484600F000FCE7
:10C980003946484600F0FCFBB4E0EA0705D5D6E995
:10C990000023F3F7C9FD013401236D10083665E764
:10C9A000DDE906AB022466E7049ECDF8088083E744
:10C9B000274B03EBC60353E902010B9B002B55D019
:10C9C00002460B4600202849F3F7D8FEDDE9102384
:10C9D000F3F7F2FB009BCDE910019D191E46594665
:10C9E0005046F4F751F80446F3F734FD02460B467F
:10C9F00050465946F3F7E0FB3034DDE9102306F8E2
:10CA0000014B82468B46F4F701F8002872D152465A
:10CA10005B4611490020F3F7CFFBDDE91023F3F764
:10CA2000F5FF002840F0B680AE423FF46EAFDDE97E
:10CA300010010A4B0022F3F777FD084BCDE91001F6
:10CA4000002250465946F3F76FFD82468B46C6E7F3
:10CA500060130208381302080000F03F0000244071
:10CA600000001C40000014400000E03FDDE91023FE
:10CA7000F3F75AFD009B009DCDE910013344159357
:10CA800059465046F4F700F80446F3F7E3FC303417
:10CA90000B46024659465046F3F78EFB05F8014B0C
:10CAA000159B9D4282468B4627D1009B0022DDE9E3
:10CAB00010011E44B34BF3F781FB02460B46504670
:10CAC0005946F3F7C1FF002864D1DDE91023AD49D1
:10CAD0000020F3F771FB02460B4650465946F3F728
:10CAE00095FF00283FF411AF334616F8012D302A88
:10CAF000FAD01E46DDF808803AE0A34B0022F3F797
:10CB000013FD82468B46BBE7009E52465B46DDE93D
:10CB10000601F3F733FEF3F7B7FF0746F3F79AFC86
:10CB200052465B46F3F700FD02460B46DDE906017F
:10CB3000F3F742FB07F1300C009C06F801CBA6EBA3
:10CB4000040C049C644502460B4633D1F3F736FBD4
:10CB500052465B4604460D46F3F776FFC0B952468F
:10CB60005B4620462946F3F747FF08B1FB070FD481
:10CB70000199484600F004FB0023139A337008F132
:10CB800001031360239B002B3FF4E6AC1E60E3E43B
:10CB9000CDF8088033461E4613F8012D392A06D1F8
:10CBA000009A9A42F7D1029A01320292302201325F
:10CBB0001A709FE7744B0022F3F7B6FC02460B464F
:10CBC000CDE9062300220023F3F716FF00289CD0AE
:10CBD000CEE70B9A002A00F0E3800A9A012A00F3BC
:10CBE000C280149A002A00F0BA8003F23343099DF0
:10CBF0003E46089A01211A4448461F44089200F014
:10CC000073FB044656B1089B002B07DDB342089A1C
:10CC1000A8BF3346FF1AF61AD31A0893099B0BB321
:10CC20000B9B002B00F0C380002D00F0BD8021463F
:10CC30002A46484600F018FC019A01460446484638
:10CC400000F068FB01998246484600F099FA099B7A
:10CC50005B1B099300F0AE80099A5146484600F0EC
:10CC600003FC01900121484600F03EFB0D9B054668
:10CC7000002B00F0D7811A460146484600F0F4FB2D
:10CC80000A9B012B054600F39D800E9B002B40F074
:10CC900094800F9BC3F31303002B40F08E800F9BF7
:10CCA00023F000431B0D1B05002B00F08980089B1F
:10CCB0000133013708934FF0010A0D9B002B00F060
:10CCC000B7812B6905EB8303186900F0C1FAC0F145
:10CCD0002000089B184410F01F007ED0C0F12003F4
:10CCE000042B72DD089BC0F11C000344074406447A
:10CCF0000893002F05DD01993A46484600F010FCE4
:10CD00000190089B002B05DD29461A46484600F095
:10CD100007FC0546129B002B61D00198294600F0C4
:10CD20006DFC00285BDA08F1FF33029301990023C0
:10CD30000A22484600F046FA0B9B0190002B00F0B7
:10CD40007981002321460A22484600F03BFA059BE0
:10CD5000002B044672DC0A9B022B49DC6EE0169B1A
:10CD6000C3F1360343E7049B5D1E099BAB420DDB19
:10CD70005D1B049B002BBFF63BAF049BFE1A0023F8
:10CD800037E700BF0000E03F00002440099B0D9AF8
:10CD90000995EB1A1A440D92049B3E46002528E79C
:10CDA000099D0B9C3E462DE7DDF804A054E7099A47
:10CDB000019953E7CDF804A054E74FF0000A7CE74F
:10CDC0009A467AE74FF0000A7BE792D0089A1C3324
:10CDD0001A441F441E4408928BE70346F6E7049B5F
:10CDE000CDF80880002B23DC05930A9B022B21DD64
:10CDF000059B002B7FF4B0AD29460522484600F084
:10CE0000E1F901460546019800F0F8FB00287FF79C
:10CE1000A3AD009E312306F8013B029B0133029330
:10CE20009EE535462C46F4E7049DCDF80880F9E7E9
:10CE3000049B05930B9B002B00F00081002E05DD69
:10CE400021463246484600F06BFB0446BAF1000F1B
:10CE50005AD06168484600F055F9064628B9824B19
:10CE6000024640F2EF21FFF73EBB226902329200F8
:10CE700004F10C010C30FFF786FA012231464846D6
:10CE800000F04EFB0746009B009A03F1010B059B47
:10CE9000134406930E9B03F0010308930BF1FF3339
:10CEA000294601980493FFF77CFA2146059000F18A
:10CEB000300A019800F0A2FB3A46804629464846CF
:10CEC00000F0B8FBC268064602BB0146019800F0BC
:10CED00095FB024631464846099200F051F9DDE9DA
:10CEE000092342EA0301089B19435E4610D1BAF1B7
:10CEF000390F2BD0B8F1000F02DD059B03F1310A89
:10CF0000049B83F800A02DE52746BCE70122E1E75A
:10CF1000B8F1000F06DB0A9B48EA0308089B58EAB1
:10CF2000030820D1002AEBDD01990122484600F0D8
:10CF3000F7FA2946019000F061FB002803DCDFD1FD
:10CF40001AF0010FDCD0BAF1390FD6D1049A392387
:10CF5000137033461E46013B16F8012C392A52D075
:10CF600001321A70FEE4002A07DDBAF1390FEDD064
:10CF7000049A0AF101031370F4E4069B0BF801AC68
:10CF80005B452AD0019900230A22484600F01AF98D
:10CF9000BC4201904FF000034FF00A022146484680
:10CFA00006D100F00FF9044607460BF1010B75E7B7
:10CFB00000F008F93946044600230A22484600F0EA
:10CFC00001F90746F1E7059B5E1E002B009BD8BFC9
:10CFD00000265A1C2746164400240199012248467F
:10CFE00000F09EFA2946019000F008FB0028B0DC12
:10CFF00002D11AF0010FACD133461E4613F8012DB1
:10D00000302AFAD0AEE4009A9A42A3D1029B0133AF
:10D0100002933123AFE7239B002B7FF498AA134B95
:10D02000FFF7B7BA0A9B012B7FF72FAEDDF834A0CC
:10D0300001204EE6059B002B7FF7D7AE009E01989E
:10D040002946FFF7AEF900F1300A009B06F801AB64
:10D05000F21A059B9342B6DD019900230A22484645
:10D0600000F0B0F80190EAE769120208EC1102083A
:10D0700038B50546002941D051F8043C0C1F002B5F
:10D08000B8BFE418FEF77EFA1D4A136833B963602F
:10D0900014602846BDE83840FEF77ABAA34208D9A2
:10D0A000206821188B4201BF19685B68091821604C
:10D0B000EDE71A465B680BB1A342FAD91168501824
:10D0C000A0420BD120680144501883421160E0D186
:10D0D00018685B68536008441060DAE702D90C23D3
:10D0E0002B60D6E7206821188B4204BF19685B6863
:10D0F000636004BF091821605460CAE738BD00BFEF
:10D10000D810002070B5C46905460E4684B91020B9
:10D11000FEF78EF90446E86128B90246164B174817
:10D120006B2100F0DFFD0023C0E901330360C36021
:10D13000E36853B921220421284600F0F1FDEB6990
:10D14000E060DB680BB9002070BD53F8260030B1F9
:10D15000026843F826200023C0E90333F4E70121E5
:10D1600001FA06F4621D9200284600F0D9FD00285D
:10D17000E9D0C0E90164EEE7F91102087A12020869
:10D1800070B5C66905460C4676B91020FEF750F911
:10D190000246E86120B9094B09488F2100F0A2FD41
:10D1A000C0E901660660C6603CB1EB696268DB6895
:10D1B00053F82210216043F8224070BDF911020893
:10D1C0007A1202082DE9F0410D6907460C461E4609
:10D1D00001F1140C0020DCF8003099B202FB01616F
:10D1E0001E0C0B0C02FB063389B2013001EB03412C
:10D1F00085424CF8041B4FEA1346ECDC0EB3A368DF
:10D20000AB4219DC616838460131FFF77BFF80468D
:10D2100028B902460C4B0D48BA2100F063FD226983
:10D22000023204F10C0192000C30FFF7ACF82146F9
:10D230003846FFF7A5FF444604EB850301355E61E0
:10D2400025612046BDE8F081691202087A120208C1
:10D25000B0F5803F034636BF030400201020B3F131
:10D26000807F3CBF1B020830B3F1805F3CBF1B01D5
:10D270000430B3F1804F3CBF9B000230002B05DB34
:10D2800013F0804F00F1010008BF202070470368B1
:10D29000024613F007000BD0D90721D4980749BFE5
:10D2A0005B089B08012013605CBF1360022070477D
:10D2B00099B209B91B0C1020D9B209B908301B0A60
:10D2C000190704BF1B090430990704BF9B080230EB
:10D2D000D90703D45B0800F1010003D01360704745
:10D2E000002070472020704710B50C460121FFF741
:10D2F00009FF024628B9054B054840F2451100F0E8
:10D30000F1FC01234461036110BD00BF69120208F2
:10D310007A1202082DE9F04FD1F81090D2F810A03F
:10D32000D14585B08846144604DB53460C46CA46B0
:10D3300090469946A36861680AEB0906B342B8BFF4
:10D340000131FFF7DFFE30B90246454B45484FF447
:10D35000B17100F0C7FC00F1140505EB86072B4600
:10D360000022BB421FD304F1140C08F114010CEB92
:10D370008A0301EB890202921A1B153A22F003027A
:10D3800015349C4288BF00220192029A03918A427E
:10D390000CD8002E03DD57F8043D002B5DD006614C
:10D3A00005B0BDE8F08F43F8042BDAE7B1F800A030
:10D3B000BAF1000F24D0E046A9464FF0000E58F80D
:10D3C000042BD9F800401FFA82FBA4B20AFB0B44DD
:10D3D0004FEA124BD9F8002074444FEA124E0AFB70
:10D3E0000BE202EB1442A4B244EA0244434549F87A
:10D3F000044B4FEA124EE2D8019AAA18C2F804E090
:10D40000039AB2F802800431B8F1000F23D02A68E1
:10D41000E6469146AA464FF0000BBEF8004008FBD6
:10D4200004B404EB194492B242EA04424AF8042BD1
:10D430005EF8042BDAF800904FEA124B1FFA89F2DB
:10D4400008FB0B2202EB144273454FEA124BE4D85F
:10D45000019C2C196260043597E7013E99E700BFF3
:10D46000691202087A1202082DE9F843174612F0F1
:10D47000030280460D4607D0264C013A002354F89B
:10D480002220FFF79FFE0546BF103FD0D8F81C4072
:10D4900094B91020FDF7CCFF0446C8F81C0030B941
:10D4A00002461D4B1D4840F2B31100F01BFC002347
:10D4B000C0E901330360C360A66846B940F2712138
:10D4C0004046FFF711FF0023A060064603602C468C
:10D4D0004FF0000907F001037F1053B1294632468F
:10D4E0004046FFF717FF214605464046FFF748FE36
:10D4F00067B1306838B9324631464046FFF70AFF17
:10D500003060C0F8009006462C46E3E72846BDE8A8
:10D51000F88300BF2C130208F91102087A120208DE
:10D520002DE9F84F0C464968236903EB6218A3689C
:10D53000074615464FEA621A08F101094B450BDB15
:10D540003846FFF7DFFD064648B90246294B2A4810
:10D550004FF4EF7100F0C6FB01315B00EEE70023F2
:10D5600000F1140C00F110021946534535DB226915
:10D570002AEAEA7A0CEB8A0C04F1140315F01F0E68
:10D58000614603EB82022CD0CEF1200A00251868F8
:10D590008B4600FA0EF02843CBF8000053F8045BEA
:10D5A0009A4201F1040125FA0AF5F0D8131B153B44
:10D5B00023F0030304F115018A4238BF00239C4481
:10D5C000CCF8045005B9C1463846C6F8109021463B
:10D5D000FFF7D6FD3046BDE8F88F42F8041F01334F
:10D5E000C3E753F8045B0D609A4201F10401F8D8D7
:10D5F000E9E700BF691202087A1202080A690346C5
:10D600000069801A30B50ED11433143103EB820453
:10D6100001EB820154F8045D51F8042D954203D0CA
:10D6200005D24FF0FF3030BDA342F3D3FBE701201A
:10D63000F9E700002DE9F74F8A46064611465046A5
:10D640001446FFF7DBFF051E12D129463046FFF7CF
:10D6500059FD024628B9414B40F23721404800F0BD
:10D6600041FB0123C0E90435104603B0BDE8F08F4B
:10D67000BCBF5346A2463046DAF80410BABF1C4677
:10D6800001250025FFF73EFD024618B9334B40F255
:10D690004521E3E7DAF810702669C5600AF114093C
:10D6A00004F1140E00F114050AF1100309EB8708C8
:10D6B0000EEB86060193AB464FF0000C019B5EF823
:10D6C000040B53F804AF01931FFA8AF3194683B28F
:10D6D000CB1A000C6344C0EB1A4000EB23409BB212
:10D6E00043EA004376454BF8043B4FEA204CE5D82B
:10D6F000331B153B153423F00303A64238BF002328
:10D70000E8184B441C1D04302646A5EB0905464588
:10D7100006EB050E0ED308F10301091B21F00301EE
:10D720000133984538BF0021014451F8043D9BB1B5
:10D73000176199E756F8041BE2464FEA11491CFAB3
:10D7400081FC514409EB2C4989B241EA09414FEA75
:10D75000294CCEF80010DAE7013FE6E7691202082B
:10D760007A1202082DE9F7430F46012159EC108B7C
:10D770001646FFF7C7FC044630B90246234B24483F
:10D7800040F20F3100F0AEFAC9F30A55C9F31303A2
:10D790000DB143F480130193B8F1000323D0684620
:10D7A0000093FFF774FD0099D8B1019AC0F12003EE
:10D7B00002FA03F30B43C24063610192019BA36130
:10D7C000002B0CBF012202222261A5B1A5F2334534
:10D7D00005443D60C0F135003060204603B0BDE82F
:10D7E000F0836161EAE701A8FFF751FD019B6361E6
:10D7F00020300122E8E704EB8203A0F232403860D7
:10D800001869FFF725FDC0EB4210E5E76912020831
:10D810007A1202089368013B002B10B4936008DA77
:10D820009469A34201DB0A2903D15DF8044BFEF79A
:10D8300089BC1368581C1060197008465DF8044BC9
:10D840007047F8B506460F461446D518AC4201D1CC
:10D85000002007E014F8011B3A463046FFF7DAFFD4
:10D86000431CF3D1F8BD00002DE9F0470D469CB0F4
:10D8700014461F46064618B1036A0BB9FEF778FB3B
:10D880006B6ED90705D4AB899A0502D4A86DFEF753
:10D8900078FDAB891B0701D52B699BB9294630461A
:10D8A000FEF78EFC70B16B6EDC0704D54FF0FF30D5
:10D8B0001CB0BDE8F087AB899805F7D4A86DFEF7DA
:10D8C00061FDF3E70023099320238DF829300397A6
:10D8D00030236A4F8DF82A304FF0010823469946CD
:10D8E00013F8012B0AB1252AF9D1B9EB040A0BD0A0
:10D8F0005346224629463046FFF7A3FF013000F089
:10D90000A480099A5244099299F80030002B00F043
:10D910009C8000234FF0FF32CDE9052309F1010976
:10D92000049307938DF853301A934C46534814F8D8
:10D93000011B0522F3F74CFA049BD0B9D90644BF6A
:10D9400020228DF853201A0744BF2B228DF8532034
:10D9500099F800202A2A13D0079A4C4600204FF04D
:10D960000A0C214611F8013B303B092B49D968B913
:10D9700013E0C01B08FA00F018430490A146D4E756
:10D98000039A111D12680391002A01DB079204E03B
:10D99000524243F002030792049323782E2B0AD1BC
:10D9A00063782A2B32D1039B1A1D1B68039243EA2A
:10D9B000E37302340593DFF8D490217803224846BC
:10D9C000F3F706FA38B1049BA0EB0900402282402D
:10D9D00013430134049314F8011B29488DF82810CF
:10D9E0000622F3F7F5F900283ED0264818BB039B22
:10D9F000073323F0070308330393099B0344099378
:10DA00006CE70CFB02320C460120AAE7002301342C
:10DA1000059319464FF00A0C204610F8012B303AB6
:10DA2000092A03D9002BC6D00591C4E70CFB0121BC
:10DA300004460123F0E703AB00932A46124B04A9E6
:10DA40003046FDF74BFE431CD7D16B6ED90705D48A
:10DA5000AB899A0502D4A86DFEF794FCAB895B06EE
:10DA60003FF524AF099823E703AB00932A46064B02
:10DA700004A93046FEF7C8F8E5E700BFD412020853
:10DA8000DE120208DDB6000843D80008DA120208E8
:10DA9000B1F90C202DE9F041160705460C4651D48A
:10DAA0004B68002B02DC0B6C002B49DDE66A002E74
:10DAB00046D0002312F480522F682B6031D0626D63
:10DAC000A389590705D56368D21A636B0BB1236C20
:10DAD000D21A0023E66A216A2846B047421CB4F9EC
:10DAE0000C3006D129681D2946D8294ACA40D607D4
:10DAF00042D500226260D9042269226004D5421C0A
:10DB000001D12B6803B96065616B2F60C1B104F16D
:10DB10004403994202D02846FFF7AAFA0023636320
:10DB20000EE0216A01232846B0470246501CC7D1A7
:10DB30002B68002BC4D01D2B01D0162B1AD12F60BF
:10DB400000201EE00F69002FFAD093070E6808BF6F
:10DB50004B690F6018BF0023A6EB07088B60B8F174
:10DB6000000FEDDD216AA66A43463A462846B047D3
:10DB7000002808DCB4F90C3043F04003A3814FF0D7
:10DB8000FF30BDE8F0810744A8EB0008E7E700BFDD
:10DB90000100402038B50B6905460C4613B9002535
:10DBA000284638BD18B1036A0BB9FEF7E1F9B4F99C
:10DBB0000C30002BF3D0626ED00704D4990502D448
:10DBC000A06DFEF7DEFB28462146FFF761FF636E7E
:10DBD000DA070546E4D4A3899B05E1D4A06DFEF7DE
:10DBE000D1FBDDE770B50C46B1F90E10002996B0F7
:10DBF00015461E460ADAA18911F0800113D14FF4AF
:10DC00008062002031602A6016B070BD6A4600F064
:10DC100047F80028EFDB019901F47041A1F50053AA
:10DC200059425941EBE700214022EAE78B8973B55D
:10DC30009E0705460C4607D504F147032360236180
:10DC40000123636102B070BD01AB6A46FFF7CAFFF2
:10DC5000009E28463146FDF715FCB4F90C3038B962
:10DC60009A05EFD423F0030343F00203A381E3E713
:10DC700043F08003A381019B2060C4E90406002BCC
:10DC8000E0D0B4F90E10284600F01CF80028D9D0D6
:10DC9000A38923F0030343F00103A381D2E700002B
:10DCA00038B5074D00230446084611462B60F7F7A8
:10DCB0004DFF431C02D12B6803B1236038BD00BF68
:10DCC0001812002038B5064D0023044608462B6084
:10DCD000F7F74CFF431C02D12B6803B1236038BD1A
:10DCE000181200201FB514461A46094B1B6805463A
:10DCF000D8684CB1074B0091CDE9013406492B4659
:10DD000000F042F800F052F8044B1C46F3E700BF65
:10DD10005C070020EF120208FC1202082A13020816
:10DD200070B5A1FB025434B92946FDF7ABFB06469A
:10DD300028B9304670BD0C2202600026F9E72A4659
:10DD40002146FEF791FAF4E782B001B901A942B188
:10DD50004BB113780B601278101E18BF012002B06F
:10DD600070471046FBE76FF00100F8E703460846EE
:10DD700041B1FF2A04D98A221A604FF0FF30704760
:10DD80000A700120704700000EB403B5014603ABD2
:10DD9000054853F8042B00680193FFF765FD02B0B6
:10DDA0005DF804EB03B070475C07002008B506205F
:10DDB00000F02CF80120F7F795FE1F2938B505462D
:10DDC0000C4604D9162303604FF0FF3038BDC26BF8
:10DDD00012B152F821304BB9284600F031F82246F2
:10DDE00001462846BDE8384000F018B8012B0AD09B
:10DDF000591C03D1162303600120E7E7002142F8F4
:10DE00002410204698470020E0E70000024B01461E
:10DE10001868FFF7D2BF00BF5C07002038B5074D78
:10DE200000230446084611462B60F7F74BFE431CBF
:10DE300002D12B6803B1236038BD00BF1812002047
:10DE4000F7F738BEF8B500BFF8BC08BC9E4670476F
:10DE5000F8B500BFF8BC08BC9E4670470000000043
:10DE6000555341525420444D412049444C45205281
:10DE70006563657074696F6E20696E697469616C41
:10DE8000697A65640D00000001000000E4030000F1
:10DE90000100000001000000010000004407000034
:10DEA000010000000100000000000100EC0600205D
:10DEB000000001001807002054454D504C415445C6
:10DEC000202D204572726F722028257329202D2065
:10DED000747970653D30782530327820636F6465E1
:10DEE0003D3078253032780D0A00000054454D5001
:10DEF0004C415445202D204572726F72202D2074A4
:10DF00007970653D30782530327820636F64653DE7
:10DF10003078253032780D0A0000000061695F6EAC
:10DF20006574776F726B5F6372656174655F616E54
:10DF3000645F696E6974000061695F6E6574776F14
:10DF4000726B5F72756E00007669625F410000005F
:10DF50007669625F420000007669625F43000000FC
:10DF60000A2D2D2D2053616D706C652025642F25A1
:10DF7000642028257329202D2D2D0D0A0000000076
:10DF800020205261773A206E7A3D25642F3630305A
:10DF9000302072616E67653D5B252E34662C20252E
:10DFA0002E34665D0D0A00002020466C6F617420DF
:10DFB00066656174735B303A345D3A205B252E34BC
:10DFC000662C20252E34662C20252E34662C202508
:10DFD0002E34665D0D0A00002020466C6F617420AF
:10DFE00066656174735B36343A36385D3A205B257A
:10DFF0002E34662C20252E34662C20252E34662CBB
:10E0000020252E34665D0D0A000000002020496E98
:10E0100074382066656174735B303A345D3A205B16
:10E0200025642C2025642C2025642C2025645D0D7E
:10E030000A00000020205261773A20202020205B37
:10E040002534642C202534642C202534645D0D0A8D
:10E0500000000000202053636F72653A2020205B8F
:10E06000252E34662C20252E34662C20252E346651
:10E070005D0D0A002020507265646963743A2025A2
:10E08000730D0A000D0A5374617274696E6720760D
:10E090006962726174696F6E20636C617373696623
:10E0A0006965722E2E2E0D000D0A3D3D3D3D3D3D14
:10E0B0003D3D3D3D20566962726174696F6E20433B
:10E0C0006C617373696669636174696F6E2054650E
:10E0D0007374203D3D3D3D3D3D3D3D3D3D0D0000CA
:10E0E00030353A35343A3036000000004A756C203D
:10E0F00020362032303236004275696C643A202571
:10E10000732025730D0A000052756E74696D653AAF
:10E1100020582D435542452D41492028686172649D
:10E120002D666C6F617420414249290D000000008A
:10E130004D6F64656C3A203130302D3E31362D3EC6
:10E14000382D3E3320696E74382C2031383033201E
:10E15000706172616D730D003D3D3D3D3D3D3D3D46
:10E160003D3D3D3D3D3D3D3D3D3D3D3D3D3D3D3DDF
:10E170003D3D3D3D3D3D3D3D3D3D3D3D3D3D3D3DCF
:10E180003D3D3D3D3D3D3D3D3D3D3D0D00000000E3
:10E190002020496E743820696E5B303A345D3A2035
:10E1A0005B25642C25642C25642C25645D0D0A00F8
:10E1B0002020496E743820636865636B73756D3A0F
:10E1C0002073756D3D25642073756D73713D2564F5
:10E1D000207461696C3D5B25642C25642C25642CBE
:10E1E00025645D0D0A000000202054696E792072BC
:10E1F00061773A205B2534642C202534642C20255B
:10E2000034645D20707265643D25730D0A00000062
:10E21000202054696E7920736D3A20205B25346488
:10E220002C202534642C202534645D2073636F72A8
:10E2300065733D5B252E34662C252E34662C252EE9
:10E2400034665D0D0A0000004552524F523A20617B
:10E25000695F72756E206661696C65640D0000000F
:10E26000202053636F7265733A20205B252E34663D
:10E270002C20252E34662C20252E34665D0D0A00B8
:10E280000D0A3D3D3D3D3D3D3D3D3D3D20546573C9
:10E290007420436F6D706C657465203D3D3D3D3D60
:10E2A0003D3D3D3D3D0D0A0D000000000000000019
:10E2B0000000000001020304060708090000000036
:10E2C00001020304A0860100400D0300801A06002D
:10E2D00000350C0040420F0080841E0000093D0004
:10E2E00000127A000024F40000366E010048E801B4
:10E2F000006CDC02BC44313F394C263FD6DB1F3F6B
:10E300007D421A3F4FFD133F2A35153FE929113F42
:10E31000C67B0E3FF6B20D3F90900F3F65E50D3F77
:10E32000CAA50C3F16C50D3F42A90D3FC09D0C3F2D
:10E33000BC8A0C3FC5320D3FACB10C3FD83A0B3F05
:10E34000C2720C3FDD1B0A3F48000C3F2B3E0C3FC6
:10E350001CD90D3F621B0D3FB8DD0C3F24960B3FCF
:10E36000ACB2093FD1FF0A3F276B0C3F07BD0B3F03
:10E37000B6A1103F1DFC0E3F0DE40E3F40310D3F96
:10E3800070B50E3F80600E3F4B360D3F4EBF0E3FC7
:10E3900051110C3FA6620C3F0A4A0C3FCAF60C3FD3
:10E3A0005E280D3F3B630E3F9B6E0F3F40E10F3FEA
:10E3B000F1940E3F7209113F1CFC0E3FDD9A123F93
:10E3C000E4D5103F1322113FC13E113F674E103F6D
:10E3D0005051113FE848103FA088103F7A47123F44
:10E3E0003943123FA324123FD040133F9F08113FEF
:10E3F0007EB3113F800A09BA84A33D3CB81A26BEF9
:10E400008C73103E700F3E3CAA18443E9A81153D15
:10E41000F05B043A968E603D8C87B5B9BDE0133C45
:10E42000EDF5F1BDDC65D73D3125143C16810F3E7D
:10E43000870AE23C85C0003A64ED293D4345ACB90A
:10E44000EF41043CC07FD2BD8E5FB93DDD89043C05
:10E450009B8DF53D5265D83C9764D33935C1233D3A
:10E4600004A292B94AA6F53B9C16E2BDC1DFB93DB4
:10E47000A803F63B88A8023E1F19A23CA594A53923
:10E48000DDADF23C6041043FA1D1F53EEC0EE93E2A
:10E490006ECDE73EBF05DB3EF410DD3E3A92DD3E39
:10E4A000EEDBD43E2A70D83E0CDFD83E510ED93E6A
:10E4B0003300D53E5A17D83E8A5ED53E80E8D03E1E
:10E4C0001CF2D33ED4B0D43E259CD33E16E9D43EB4
:10E4D000B00FD73E4980CF3EF85DD13E385CD83E84
:10E4E000117EDA3E91F7D83E9578D23E90D0D33E59
:10E4F000269BCF3EE52BD33E8CF9D43EDF80D33E26
:10E500008F73DE3E0D9DD83E2840D53E71EED53E40
:10E51000BCEED63E7E6BDC3E0D5AD93EE08ADC3E38
:10E5200063B0DA3E2DEAD83E56F6D43EF867D73EC1
:10E53000DCF2E03E8732DB3E549ADC3E3695D93E33
:10E54000FDCFDA3E750AE13EEA7FE13E4220E43E3D
:10E55000D9FBDF3E3BECDF3E0703E23E4203DB3EFE
:10E56000A411DF3EF338DF3E13C1E33E2E66E33EE7
:10E570005C24DF3E982CE13E104AE73E4825E03E11
:10E580004A30E43E14C1AC3A42599D3C479D9D3E01
:10E59000F3307B3E64A69D3CF7B6AA3E2A978E3D9B
:10E5A000532B273B4FC1D83D658F6D3ADB9EA53C71
:10E5B000C6DF833EB50F5D3E59C0A53C3C92903E00
:10E5C000D6746B3DB2109D3B7BB8B23D9789853ABE
:10E5D0004D5C963C291A6C3EC7A8443EE68D963C9D
:10E5E0001818803E9E3F6F3DE0AF933B9A82B63D48
:10E5F0003E173A3A3ED9833C0DDA883EB0DF473EBB
:10E600004CF4833CD77E933ED14D203DEB200E3B16
:10E6100054C2743D6759203BB34F0C3BA1700B3B78
:10E620009FD0713BE2AE2A3B18502F3B65DD143B77
:10E630004002133B8D5A1E3B0AD7283B5785293B86
:10E6400027A1233BEB0A463BAD41163B8706473BE0
:10E650009625273BF5758B3BDB80993BA6F9943BD0
:10E6600034D3753B2332893B52F7953BBD7B993BB5
:10E67000C06E733B4C34DD3B26D5D83BFFBC093C18
:10E68000E82B61FA15E933511D64CC03EC0729032B
:10E69000D3D9F2BD4124B916EA44F8261F3CB1197A
:10E6A0002A42F2072AC13217CD35FBCFBF25E6013A
:10E6B000D2E3380D38D1FCE02A0754FA32BBCF2719
:10E6C0001AA7EA31D9309FECD64B00A90DF2598137
:10E6D000431D0F903BAE93A2E1A500F3D0193BD1AF
:10E6E000421212C2A0EF0A3839ABBFAD0A5AF6B4D3
:10E6F000C0410345B59C253741CA55E12DB61B22C3
:10E70000A0AAE41E0499254D3BD7DD350305303A18
:10E71000E0D09FC25F483E06991E439AA23232590A
:10E72000C0FA559B5D64D137B7A979ECD72E0AE0C2
:10E73000306FCEDCFE11CE7FF3D95EBDACFA69310D
:10E74000D1CC68CEB133FDDD788CC52A559FECD392
:10E75000502D02B3C2519781DCEE52FF4A157F0D56
:10E76000B7B0887C1B5DC3721427C5C5DA2017B209
:10E770002F4EFCC8AACBD07FF139103AE88CF31C9D
:10E78000221A496050A0C751241B14B80FA955186C
:10E7900002F9484BC568D32CCCCB28000B51B7A14C
:10E7A0006A05E9064A4E38D8FD6A053AB62428FCBF
:10E7B0002432FB23E71709EB2AF319F10A2C141969
:10E7C000C9D32E14D8371001F2EF07FCF8443ED518
:10E7D0003BF829DAC5FDECDB08E0DC13F8E2EDEEEE
:10E7E000CF04DE24EDBC16E9C6F32FCB54D907F9CC
:10E7F0000DD88123C346E539C2C7CCB0FCF8E0B9D7
:10E80000EFDA22F3BF10D50FED3303DC0FAA0BD3E1
:10E81000201B0794571729BE1C42D5AF31F8465C20
:10E8200010DBCCC44422A8FF40040EAD09C960C768
:10E8300031042ED1FE46FE21B5531AE6FD4ACB1F08
:10E84000CCEDFAA9D86EFD4565E729DDFAC6BED73D
:10E85000C9BA0FBFC5BCF81ADBC6C8C3C5153A296B
:10E860001428B540BB1AAF357FEE52010DC0C70E5C
:10E870004354A3011331FF12DB1EEDE803013430D2
:10E8800005FCDD491BA7D1C920710E15B94C3833E1
:10E890002E4CD9FFE0EFAE4347E139E6120B0320DF
:10E8A0001509D21D1AD81CC4FA2FB2FFEAF832019A
:10E8B000F9C6170EF1EF16E028DC860FAE12280E0F
:10E8C000D53042B8F6AB198E7F9DFD11A4E5A12885
:10E8D000EB6DBE0EAB2CF50435BE040725673AD5AB
:10E8E00058DAD5D8582D1F31F4530B030AE91124F7
:10E8F00097892BE797CD1896E2C6C70048E4D10E5A
:10E9000094A49FC5370A4CEEDBB357D8B93315D062
:10E910000193A0810626DA544B2BAD5842BBFA4135
:10E92000C857D7BA99F489DF3710EF0118380EA00D
:10E93000E493EDB84AB60C444F16242E701F39FDEF
:10E94000B9A320CAAFCECA5343E24CC363B429E98A
:10E950003DE1194CD1FDAAB91C52644E9BB7582613
:10E960004C2A4142F1E3F0551E17ADD6FF1CC907F2
:10E97000C8BB2119E3D10DF6EBDFD5F1EA3CF0C9B4
:10E98000BD266D1769141C8F2FD4B3E3A5D9AD0C28
:10E99000023663D041D32933411ED669D27F4C66FB
:10E9A0001EF9DB18140AF5AC31E2991233035D57F6
:10E9B000B1193DD731B6B612E347EC18E321B4EDF7
:10E9C00023C3EE2CF06639060F34E8C7E34D4B1F26
:10E9D000D5F8B4BAF77FE4681DECE8FE0A910008A8
:10E9E00026B14701C43A35A60330D235D238CDE638
:10E9F000BFF604E2D6FA044C000AB9D319BA2AC405
:10EA000043CE28FE14F8B80C28E41BDEB832A0F47C
:10EA1000A9D6DB044FD3EA08F3DEC72628E1FC07BA
:10EA2000C1F52AE431AC4CEBDB2711FD44F010D3E7
:10EA3000CC1B2C37F5C414E0DC033834504441D9E6
:10EA4000B7C4702CD41A12D8472E094A81243A69C7
:10EA5000B91C240F2EE21EB7EB59167709C8BBB6B6
:10EA6000C55DD5B4EC1700CD8139D8D136E9C8FBE6
:10EA7000FF3ED8DD204CBDE809AF07F52E1119A1E6
:10EA800029D8A52DAFD8F209151BC9F9E54C0143CA
:10EA90001E11DBB62F3B1E063D4A62DAA3EBDC0DEE
:10EAA000CE3D98EC2127FE0C65BF08409FF9D6F8B3
:10EAB0008C5C0E0F9E9B1CCD30B4402BC9A9ECB1D1
:10EAC000C63CA9BE8D14EDEC2D1CD69807101E5F18
:10EAD0000CCEEB361EEC2A2622B54A13FC0434DE9B
:10EAE00021FFB8CE2B1FE554DB1CCA34E6ADCD1494
:10EAF00011023DC9240A11A6CBC8312DAF37E8D386
:10EB0000DBFD2E281853300F00FCD75EC5C7139AC3
:10EB1000A12181A7E011C9AFF6AF1B24D9DC5CF1BC
:10EB2000D3D1D305F1E527BB1DD742E9E3F438F093
:10EB300017E5EC4816D017F347E9FA2106B9E80FB4
:10EB40000A3FB60E3708D2FCDF030A16BB132AE5CC
:10EB5000F7CF37DAD9EE40E7F6DFCD0CEE19F9380A
:10EB60003A02E511FE07D5241FD41719E7EA4F141E
:10EB7000E5CE33FBD3CDB1DC9B02867FC8989A9E4D
:10EB8000E1E7DF0FEF20B82094E70BF201D526A3D1
:10EB9000469609D7757CAB412F3B48C3C90CBD0ACB
:10EBA0001A4A4EE3068996499628C65038CF50191E
:10EBB0001B072819E992FADA06D30557C99D38BD13
:10EBC00037FED18157274E5FE7B6A664E088261648
:10EBD0000CF3E11F546C5FEA6EC8FA2520FF005B5E
:10EBE000E3D04B3FEE242940EAF446B8AB13382774
:10EBF000424EDDFDB51D54260D16FAEE2EB7BCE6CD
:10EC0000C524ED0534BCB4182C37B4E303093D2604
:10EC100021E3FE31D9CAEBD641561DDDD72BEB0ED1
:10EC2000D6E6D153F80B214913E239DFD537EC1979
:10EC300001D4FF02EDF84508D75A62DFF1104B17F7
:10EC40004F1155FCDC16E97F3F470E31D24209DBFC
:10EC5000E23756E80312D0170B28E724CCF5F1125F
:10EC6000CAFDF20E1815E527F7CF724010F5D3F95B
:10EC7000E0460FEE2D17C1B456CEF11ADBE9BB38D2
:10EC800059383711214D11F8223E0BCB04DDC13E1E
:10EC9000CD2AD7073CC2CFBDF44E19F8BD19CD38E7
:10ECA000CBB569BD51065BFB9E462B18CD6BAD4BBA
:10ECB000DFD05CE65B04E4B868A1DD7F0A39335439
:10ECC000ACF3EE15CF81AE5EA1A5E5D4E052455C74
:10ECD0004327CB4AD0AEC315F9F53247FDAB7F20B1
:10ECE000B591EF62AEC411DB9DC160813F94AA9ED5
:10ECF0004C5CB6A4A19F9D3A029B24FAAE7F21FCF6
:10ED0000CD032F277FD1155EE8DCDBD4D7702D0A29
:10ED10000AEE877FE4602F2DF3F2791B208FADC0C0
:10ED200027E1937F44025B9DF6776136792DB7F03A
:10ED3000AE4209528EA6DA2D81660EFDF45618E712
:10ED40005031CAD25E8E8142BDCB813748C853AAAA
:10ED50001A13F492813A4F0970FFFFFFB4FEFFFFD0
:10ED6000F201000048000000B70200003CFFFFFF76
:10ED7000340000006800000070FFFFFFAFFFFFFFDE
:10ED800047FFFFFFDCFFFFFF3F000000CD02000058
:10ED90004C000000030100003E000000BBFFFFFF2D
:10EDA000A2FFFFFFB4FFFFFF370300007CFFFFFF60
:10EDB000670000005E000000A3000000C00000002B
:10EDC000ECFEFFFF7DE5AC3D80000000C4ED0008D7
:10EDD000C8ED000805000100CCED00086759203B94
:10EDE000B44F0C3BA1700B3B9ED0713BE2AE2A3B73
:10EDF00018502F3B67DD143B4102133B8F5A1E3BDB
:10EE00000AD7283B5985293B25A1233BEC0A463BE1
:10EE1000AD41163B8606473B9525273B0000000089
:10EE2000000000000000000000000000DCED000811
:10EE30001CEE0008050010002CEE0008725C633D1B
:10EE4000800000003CEE000840EE000805000100D4
:10EE500044EE0008F5758B3BDB80993BA6F9943BAB
:10EE600032D3753B2432893B51F7953BBD7B993BAF
:10EE7000BF6E733B000000000000000054EE00086D
:10EE800074EE0008050008007CEE0008117BD73DF9
:10EE9000DD0000008CEE000890EE00080500010087
:10EEA00094EE00084C34DD3B26D5D83BFFBC093C32
:10EEB00000000000A4EE0008B0EE0008050003000A
:10EEC000B4EE00080000803B80000000C4EE0008A3
:10EED000C8EE000805000100CCEE0008C255CE3D8A
:10EEE000D4000000DCEE0008E0EE000805000100A0
:10EEF000E4EE00088088BD6B1700000008FFFFFFEC
:10EF00004010840003000000F4EE0008F4EE000856
:10EF1000040000008C04002004000000F404002021
:10EF2000040000005405002004000000B405002087
:10EF300000000000000000000000000000000000D1
:10EF4000E82B61FA15E933511D64CC03EC07290362
:10EF5000D3D9F2BD4124B916EA44F8261F3CB119B1
:10EF60002A42F2072AC13217CD35FBCFBF25E60171
:10EF7000D2E3380D38D1FCE02A0754FA32BBCF2750
:10EF80001AA7EA31D9309FECD64B00A90DF259816E
:10EF9000431D0F903BAE93A2E1A500F3D0193BD1E6
:10EFA000421212C2A0EF0A3839ABBFAD0A5AF6B40A
:10EFB000C0410345B59C253741CA55E12DB61B22FA
:10EFC000A0AAE41E0499254D3BD7DD350305303A50
:10EFD000E0D09FC25F483E06991E439AA232325942
:10EFE000C0FA559B5D64D137B7A979ECD72E0AE0FA
:10EFF000306FCEDCFE11CE7FF3D95EBDACFA693145
:10F00000D1CC68CEB133FDDD788CC52A559FECD3C9
:10F01000502D02B3C2519781DCEE52FF4A157F0D8D
:10F02000B7B0887C1B5DC3721427C5C5DA2017B240
:10F030002F4EFCC8AACBD07FF139103AE88CF31CD4
:10F04000221A496050A0C751241B14B80FA95518A3
:10F0500002F9484BC568D32CCCCB28000B51B7A183
:10F060006A05E9064A4E38D8FD6A053AB62428FCF6
:10F070002432FB23E71709EB2AF319F10A2C1419A0
:10F08000C9D32E14D8371001F2EF07FCF8443ED54F
:10F090003BF829DAC5FDECDB08E0DC13F8E2EDEE25
:10F0A000CF04DE24EDBC16E9C6F32FCB54D907F903
:10F0B0000DD88123C346E539C2C7CCB0FCF8E0B90E
:10F0C000EFDA22F3BF10D50FED3303DC0FAA0BD319
:10F0D000201B0794571729BE1C42D5AF31F8465C58
:10F0E00010DBCCC44422A8FF40040EAD09C960C7A0
:10F0F00031042ED1FE46FE21B5531AE6FD4ACB1F40
:10F10000CCEDFAA9D86EFD4565E729DDFAC6BED774
:10F11000C9BA0FBFC5BCF81ADBC6C8C3C5153A29A2
:10F120001428B540BB1AAF357FEE52010DC0C70E93
:10F130004354A3011331FF12DB1EEDE80301343009
:10F1400005FCDD491BA7D1C920710E15B94C383318
:10F150002E4CD9FFE0EFAE4347E139E6120B032016
:10F160001509D21D1AD81CC4FA2FB2FFEAF83201D1
:10F17000F9C6170EF1EF16E028DC860FAE12280E46
:10F18000D53042B8F6AB198E7F9DFD11A4E5A128BC
:10F19000EB6DBE0EAB2CF50435BE040725673AD5E2
:10F1A00058DAD5D8582D1F31F4530B030AE911242E
:10F1B00097892BE797CD1896E2C6C70048E4D10E91
:10F1C00094A49FC5370A4CEEDBB357D8B93315D09A
:10F1D0000193A0810626DA544B2BAD5842BBFA416D
:10F1E000C857D7BA99F489DF3710EF0118380EA045
:10F1F000E493EDB84AB60C444F16242E701F39FD27
:10F20000B9A320CAAFCECA5343E24CC363B429E9C1
:10F210003DE1194CD1FDAAB91C52644E9BB758264A
:10F220004C2A4142F1E3F0551E17ADD6FF1CC90729
:10F23000C8BB2119E3D10DF6EBDFD5F1EA3CF0C9EB
:10F24000BD266D1769141C8F2FD4B3E3A5D9AD0C5F
:10F25000023663D041D32933411ED669D27F4C6632
:10F260001EF9DB18140AF5AC31E2991233035D572D
:10F27000B1193DD731B6B612E347EC18E321B4ED2E
:10F2800023C3EE2CF06639060F34E8C7E34D4B1F5D
:10F29000D5F8B4BAF77FE4681DECE8FE0A910008DF
:10F2A00026B14701C43A35A60330D235D238CDE66F
:10F2B000BFF604E2D6FA044C000AB9D319BA2AC43C
:10F2C00043CE28FE14F8B80C28E41BDEB832A0F4B4
:10F2D000A9D6DB044FD3EA08F3DEC72628E1FC07F2
:10F2E000C1F52AE431AC4CEBDB2711FD44F010D31F
:10F2F000CC1B2C37F5C414E0DC033834504441D91E
:10F30000B7C4702CD41A12D8472E094A81243A69FE
:10F31000B91C240F2EE21EB7EB59167709C8BBB6ED
:10F32000C55DD5B4EC1700CD8139D8D136E9C8FB1D
:10F33000FF3ED8DD204CBDE809AF07F52E1119A11D
:10F3400029D8A52DAFD8F209151BC9F9E54C014301
:10F350001E11DBB62F3B1E063D4A62DAA3EBDC0D25
:10F36000CE3D98EC2127FE0C65BF08409FF9D6F8EA
:10F370008C5C0E0F9E9B1CCD30B4402BC9A9ECB108
:10F38000C63CA9BE8D14EDEC2D1CD69807101E5F4F
:10F390000CCEEB361EEC2A2622B54A13FC0434DED2
:10F3A00021FFB8CE2B1FE554DB1CCA34E6ADCD14CB
:10F3B00011023DC9240A11A6CBC8312DAF37E8D3BD
:10F3C000DBFD2E281853300F00FCD75EC5C7139AFB
:10F3D000A12181A7E011C9AFF6AF1B24D9DC5CF1F4
:10F3E000D3D1D305F1E527BB1DD742E9E3F438F0CB
:10F3F00017E5EC4816D017F347E9FA2106B9E80FEC
:10F400000A3FB60E3708D2FCDF030A16BB132AE503
:10F41000F7CF37DAD9EE40E7F6DFCD0CEE19F93841
:10F420003A02E511FE07D5241FD41719E7EA4F1455
:10F43000E5CE33FBD3CDB1DC9B02867FC8989A9E84
:10F44000E1E7DF0FEF20B82094E70BF201D526A308
:10F45000469609D7757CAB412F3B48C3C90CBD0A02
:10F460001A4A4EE3068996499628C65038CF501955
:10F470001B072819E992FADA06D30557C99D38BD4A
:10F4800037FED18157274E5FE7B6A664E08826167F
:10F490000CF3E11F546C5FEA6EC8FA2520FF005B95
:10F4A000E3D04B3FEE242940EAF446B8AB133827AB
:10F4B000424EDDFDB51D54260D16FAEE2EB7BCE604
:10F4C000C524ED0534BCB4182C37B4E303093D263C
:10F4D00021E3FE31D9CAEBD641561DDDD72BEB0E09
:10F4E000D6E6D153F80B214913E239DFD537EC19B1
:10F4F00001D4FF02EDF84508D75A62DFF1104B172F
:10F500004F1155FCDC16E97F3F470E31D24209DB33
:10F51000E23756E80312D0170B28E724CCF5F11296
:10F52000CAFDF20E1815E527F7CF724010F5D3F992
:10F53000E0460FEE2D17C1B456CEF11ADBE9BB3809
:10F5400059383711214D11F8223E0BCB04DDC13E55
:10F55000CD2AD7073CC2CFBDF44E19F8BD19CD381E
:10F56000CBB569BD51065BFB9E462B18CD6BAD4BF1
:10F57000DFD05CE65B04E4B868A1DD7F0A39335470
:10F5800070FFFFFFB4FEFFFFF20100004800000023
:10F59000B70200003CFFFFFF3400000068000000DD
:10F5A00070FFFFFFAFFFFFFF47FFFFFFDCFFFFFF25
:10F5B0003F000000CD0200004C00000003010000ED
:10F5C000ACF3EE15CF81AE5EA1A5E5D4E052455C6B
:10F5D0004327CB4AD0AEC315F9F53247FDAB7F20A8
:10F5E000B591EF62AEC411DB9DC160813F94AA9ECC
:10F5F0004C5CB6A4A19F9D3A029B24FAAE7F21FCED
:10F60000CD032F277FD1155EE8DCDBD4D7702D0A20
:10F610000AEE877FE4602F2DF3F2791B208FADC0B7
:10F6200027E1937F44025B9DF6776136792DB7F031
:10F63000AE4209528EA6DA2D81660EFDF45618E709
:10F640003E000000BBFFFFFFA2FFFFFFB4FFFFFF74
:10F65000370300007CFFFFFF670000005E00000032
:10F660005031CAD25E8E8142BDCB813748C853AA81
:10F670001A13F492813A4F09A3000000C000000061
:10F68000ECFEFFFF00000000000000000000000092
:10F69000000000000000000000000000000000006A
:10F6A000000000000000000000000000000000005A
:10F6B000000000000000000000000000000000004A
:10F6C000000000000000000000000000000000003A
:10F6D000000000000000000000000000000000002A
:10F6E000000000000000000000000000000000001A
:10F6F000000000000000000000000000000000000A
:10F7000000000000000000000000000000000000F9
:10F7100000000000000000000000000000000000E9
:10F7200000000000000000000000000000000000D9
:10F7300000000000000000000000000000000000C9
:10F7400000000000000000000000000000000000B9
:10F7500000000000000000000000000000000000A9
:10F760000000000000000000000000000000000099
:10F770000000000000000000000000000000000089
:10F780000000000000000000000000000000000079
:10F790000000000000000000000000000000000069
:10F7A0000000000000000000000000000000000059
:10F7B0000000000000000000000000000000000049
:10F7C0000000000000000000000000000000000039
:10F7D0000000000000000000000000000000000029
:10F7E0000000000000000000000000000000000019
:10F7F0000000000000000000000000000000000009
:10F8000000000000000000000000000000000000F8
:10F8100000000000000000000000000000000000E8
:10F8200000000000000000000000000000000000D8
:10F8300000000000000000000000000000000000C8
:10F8400000000000000000000000000000000000B8
:10F8500000000000000000000000000000000000A8
:10F860000000000000000000000000000000000098
:10F870000000000000000000000000000000000088
:10F880000000000000000000000000000000000078
:10F890000000000000000000000000000000000068
:10F8A0000000000000000000000000000000000058
:10F8B0000000000000000000000000000000000048
:10F8C0000000000000000000000000000000000038
:10F8D0000000000000000000000000000000000028
:10F8E0000000000000000000000000000000000018
:10F8F0000000000000000000000000000000000008
:10F9000000000000000000000000000000000000F7
:10F9100000000000000000000000000000000000E7
:10F9200000000000000000000000000000000000D7
:10F9300000000000000000000000000000000000C7
:10F9400000000000000000000000000000000000B7
:10F9500000000000000000000000000000000000A7
:10F960000000000000000000000000000000000097
:10F970000000000000000000000000000000000087
:10F980000000000000000000000000000000000077
:10F990000000000000000000000000000000000067
:10F9A0000000000000000000000000000000000057
:10F9B0000000000000000000000000000000000047
:10F9C0000000000000000000000000000000000037
:10F9D0000000000000000000000000000000000027
:10F9E0000000000000000000000000000000000017
:10F9F0000000000000000000000000000000000007
:10FA000000000000000000000000000000000000F6
:10FA100000000000000000000000000000000000E6
:10FA200000000000000000000000000000000000D6
:10FA300000000000000000000000000000000000C6
:10FA400000000000000000000000000000000000B6
:10FA500000000000000000000000000000000000A6
:10FA60000000000000000000000000000000000096
:10FA70000000000000000000000000000000000086
:10FA80000000000000000000000000000000000076
:10FA90000000000000000000000000000000000066
:10FAA0000000000000000000000000000000000056
:10FAB0000000000000000000000000000000000046
:10FAC0000000000000000000000000000000000036
:10FAD0000000000000000000000000000000000026
:10FAE0000000000000000000000000000000000016
:10FAF0000000000000000000000000000000000006
:10FB000000000000000000000000000000000000F5
:10FB100000000000000000000000000000000000E5
:10FB200000000000000000000000000000000000D5
:10FB300000000000000000000000000000000000C5
:10FB400000000000000000000000000000000000B5
:10FB500000000000000000000000000000000000A5
:10FB60000000000000000000000000000000000095
:10FB70000000000000000000000000000000000085
:10FB80000000000000000000000000000000000075
:10FB90000000000000000000000000000000000065
:10FBA0000000000000000000000000000000000055
:10FBB0000000000000000000000000000000000045
:10FBC0000000000000000000000000000000000035
:10FBD0000000000000000000000000000000000025
:10FBE0000000000000000000000000000000000015
:10FBF0000000000000000000000000000000000005
:10FC000000000000000000000000000000000000F4
:10FC100000000000000000000000000000000000E4
:10FC200000000000000000000000000000000000D4
:10FC300000000000000000000000000000000000C4
:10FC400000000000000000000000000000000000B4
:10FC500000000000000000000000000000000000A4
:10FC60000000000000000000000000000000000094
:10FC70000000000000000000000000000000000084
:10FC80000000000000000000000000000000000074
:10FC90000000000000000000000000000000000064
:10FCA0000000000000000000000000000000000054
:10FCB0000000000000000000000000000000000044
:10FCC0000000000000000000000000000000000034
:10FCD0000000000000000000000000000000000024
:10FCE0000000000000000000000000000000000014
:10FCF0000000000000000000000000000000000004
:10FD000000000000000000000000000000000000F3
:10FD100000000000000000000000000000000000E3
:10FD200000000000000000000000000000000000D3
:10FD300000000000000000000000000000000000C3
:10FD400000000000000000000000000000000000B3
:10FD500000000000000000000000000000000000A3
:10FD60000000000000000000000000000000000093
:10FD70000000000000000000000000000000000083
:10FD80000000000000000000000000000000000073
:10FD90000000000000000000000000000000000063
:10FDA0000000000000000000000000000000000053
:10FDB0000000000000000000000000000000000043
:10FDC0000000000000000000000000000000000033
:10FDD0000000000000000000000000000000000023
:10FDE0000000000000000000000000000000000013
:10FDF0000000000000000000000000000000000003
:10FE000000000000000000000000000000000000F2
:10FE100000000000000000000000000000000000E2
:10FE200000000000000000000000000000000000D2
:10FE300000000000000000000000000000000000C2
:10FE400000000000000000000000000000000000B2
:10FE500000000000000000000000000000000000A2
:10FE60000000000000000000000000000000000092
:10FE70000000000000000000000000000000000082
:10FE80000000000000000000000000000000000072
:10FE90000000000000000000000000000000000062
:10FEA0000000000000000000000000000000000052
:10FEB0000000000000000000000000000000000042
:10FEC0000000000000000000000000000000000032
:10FED0000000000000000000000000000000000022
:10FEE0000000000000000000000000000000000012
:10FEF0000000000000000000000000000000000002
:10FF000000000000000000000000000000000000F1
:10FF100000000000000000000000000000000000E1
:10FF200000000000000000000000000000000000D1
:10FF300000000000000000000000000000000000C1
:10FF400000000000000000000000000000000000B1
:10FF500000000000000000000000000000000000A1
:10FF60000000000000000000000000000000000091
:10FF70000000000000000000000000000000000081
:10FF80000000000000000000000000000000000071
:10FF90000000000000000000000000000000000061
:10FFA0000000000000000000000000006F12833C11
:10FFB0006F1203BDBC7413BE6F1203BD00000000BE
:10FFC000A69B44BDA69B44BD6F12033D6F1203BDAB
:10FFD0006F1203BD6F12833C4260E53D6F1283BC1C
:10FFE0006F1283BCA69B443D6F12033D6F1203BD8D
:10FFF0004260E5BD6F12033D000000006F12033D3B
:020000040801F1
:10000000000000006F1283BC6F12833D6F12833CAF
:100010006F1283BCA69B44BD0000000000000000DE
:1000200000000000000000000000000000000000D0
:1000300000000000000000000000000000000000C0
:1000400000000000000000000000000000000000B0
:1000500000000000000000000000000000000000A0
:100060000000000000000000000000000000000090
:100070000000000000000000000000000000000080
:100080000000000000000000000000000000000070
:100090000000000000000000000000000000000060
:1000A0000000000000000000000000000000000050
:1000B0000000000000000000000000000000000040
:1000C0000000000000000000000000000000000030
:1000D0000000000000000000000000000000000020
:1000E0000000000000000000000000000000000010
:1000F0000000000000000000000000000000000000
:1001000000000000000000000000000000000000EF
:1001100000000000000000000000000000000000DF
:1001200000000000000000000000000000000000CF
:1001300000000000000000000000000000000000BF
:1001400000000000000000000000000000000000AF
:10015000000000000000000000000000000000009F
:10016000000000000000000000000000000000008F
:10017000000000000000000000000000000000007F
:10018000000000000000000000000000000000006F
:10019000000000000000000000000000000000005F
:1001A000000000000000000000000000000000004F
:1001B000000000000000000000000000000000003F
:1001C000000000000000000000000000000000002F
:1001D000000000000000000000000000000000001F
:1001E000000000000000000000000000000000000F
:1001F00000000000000000000000000000000000FF
:1002000000000000000000000000000000000000EE
:1002100000000000000000000000000000000000DE
:1002200000000000000000000000000000000000CE
:1002300000000000000000000000000000000000BE
:1002400000000000000000000000000000000000AE
:10025000000000000000000000000000000000009E
:10026000000000000000000000000000000000008E
:10027000000000000000000000000000000000007E
:10028000000000000000000000000000000000006E
:10029000000000000000000000000000000000005E
:1002A000000000000000000000000000000000004E
:1002B000000000000000000000000000000000003E
:1002C000000000000000000000000000000000002E
:1002D000000000000000000000000000000000001E
:1002E000000000000000000000000000000000000E
:1002F00000000000000000000000000000000000FE
:1003000000000000000000000000000000000000ED
:1003100000000000000000000000000000000000DD
:1003200000000000000000000000000000000000CD
:1003300000000000000000000000000000000000BD
:1003400000000000000000000000000000000000AD
:10035000000000000000000000000000000000009D
:10036000000000000000000000000000000000008D
:10037000000000000000000000000000000000007D
:10038000000000000000000000000000000000006D
:10039000000000000000000000000000000000005D
:1003A000000000000000000000000000000000004D
:1003B000000000000000000000000000000000003D
:1003C000000000000000000000000000000000002D
:1003D000000000000000000000000000000000001D
:1003E000000000000000000000000000000000000D
:1003F00000000000000000000000000000000000FD
:1004000000000000000000000000000000000000EC
:1004100000000000000000000000000000000000DC
:1004200000000000000000000000000000000000CC
:1004300000000000000000000000000000000000BC
:1004400000000000000000000000000000000000AC
:10045000000000000000000000000000000000009C
:10046000000000000000000000000000000000008C
:10047000000000000000000000000000000000007C
:10048000000000000000000000000000000000006C
:10049000000000000000000000000000000000005C
:1004A000000000000000000000000000000000004C
:1004B000000000000000000000000000000000003C
:1004C000000000000000000000000000000000002C
:1004D000000000000000000000000000000000001C
:1004E000000000000000000000000000000000000C
:1004F00000000000000000000000000000000000FC
:1005000000000000000000000000000000000000EB
:1005100000000000000000000000000000000000DB
:1005200000000000000000000000000000000000CB
:1005300000000000000000000000000000000000BB
:1005400000000000000000000000000000000000AB
:10055000000000000000000000000000000000009B
:10056000000000000000000000000000000000008B
:10057000000000000000000000000000000000007B
:10058000000000000000000000000000000000006B
:10059000000000000000000000000000000000005B
:1005A000000000000000000000000000000000004B
:1005B000000000000000000000000000000000003B
:1005C000000000006F1283BC6F1283BCA69B443DE9
:1005D0006F1283BC6F1283BCA69B443D6F1283BC19
:1005E0006F1283BC000000006F1283BC000000008B
:1005F000000000006F1283BC6F1283BC000000007B
:100600006F1283BC000000006F1203BD6F1283BC29
:100610006F12833C6F1203BD000000000000000059
:100620006F1283BC6F1283BC6F1283BC6F1283BCCA
:1006300000000000000000000000000000000000BA
:1006400000000000000000000000000000000000AA
:10065000000000000000000000000000000000009A
:10066000000000000000000000000000000000008A
:10067000000000000000000000000000000000007A
:10068000000000000000000000000000000000006A
:10069000000000000000000000000000000000005A
:1006A000000000000000000000000000000000004A
:1006B000000000000000000000000000000000003A
:1006C000000000000000000000000000000000002A
:1006D000000000000000000000000000000000001A
:1006E000000000000000000000000000000000000A
:1006F00000000000000000000000000000000000FA
:1007000000000000000000000000000000000000E9
:1007100000000000000000000000000000000000D9
:1007200000000000000000000000000000000000C9
:1007300000000000000000000000000000000000B9
:1007400000000000000000000000000000000000A9
:100750000000000000000000000000000000000099
:100760000000000000000000000000000000000089
:100770000000000000000000000000000000000079
:100780000000000000000000000000000000000069
:100790000000000000000000000000000000000059
:1007A0000000000000000000000000000000000049
:1007B0000000000000000000000000000000000039
:1007C0000000000000000000000000000000000029
:1007D0000000000000000000000000000000000019
:1007E0000000000000000000000000000000000009
:1007F00000000000000000000000000000000000F9
:1008000000000000000000000000000000000000E8
:1008100000000000000000000000000000000000D8
:1008200000000000000000000000000000000000C8
:1008300000000000000000000000000000000000B8
:1008400000000000000000000000000000000000A8
:100850000000000000000000000000000000000098
:100860000000000000000000000000000000000088
:100870000000000000000000000000000000000078
:100880000000000000000000000000000000000068
:100890000000000000000000000000000000000058
:1008A0000000000000000000000000000000000048
:1008B0000000000000000000000000000000000038
:1008C0000000000000000000000000000000000028
:1008D0000000000000000000000000000000000018
:1008E0000000000000000000000000000000000008
:1008F00000000000000000000000000000000000F8
:1009000000000000000000000000000000000000E7
:1009100000000000000000000000000000000000D7
:1009200000000000000000000000000000000000C7
:1009300000000000000000000000000000000000B7
:1009400000000000000000000000000000000000A7
:100950000000000000000000000000000000000097
:100960000000000000000000000000000000000087
:100970000000000000000000000000000000000077
:100980000000000000000000000000000000000067
:100990000000000000000000000000000000000057
:1009A0000000000000000000000000000000000047
:1009B0000000000000000000000000000000000037
:1009C0000000000000000000000000000000000027
:1009D0000000000000000000000000000000000017
:1009E0000000000000000000000000000000000007
:1009F00000000000000000000000000000000000F7
:100A000000000000000000000000000000000000E6
:100A100000000000000000000000000000000000D6
:100A200000000000000000000000000000000000C6
:100A300000000000000000000000000000000000B6
:100A400000000000000000000000000000000000A6
:100A50000000000000000000000000000000000096
:100A60000000000000000000000000000000000086
:100A70000000000000000000000000000000000076
:100A80000000000000000000000000000000000066
:100A90000000000000000000000000000000000056
:100AA0000000000000000000000000000000000046
:100AB0000000000000000000000000000000000036
:100AC0000000000000000000000000000000000026
:100AD0000000000000000000000000000000000016
:100AE0000000000000000000000000000000000006
:100AF00000000000000000000000000000000000F6
:100B000000000000000000000000000000000000E5
:100B100000000000000000000000000000000000D5
:100B200000000000000000000000000000000000C5
:100B300000000000000000000000000000000000B5
:100B400000000000000000000000000000000000A5
:100B50000000000000000000000000000000000095
:100B60000000000000000000000000000000000085
:100B70000000000000000000000000000000000075
:100B80000000000000000000000000000000000065
:100B90000000000000000000000000000000000055
:100BA0000000000000000000000000000000000045
:100BB0000000000000000000000000000000000035
:100BC0000000000000000000000000000000000025
:100BD0000000000000000000000000000000000015
:100BE0000000000000000000000000000000000005
:100BF00000000000000000000000000000000000F5
:100C000000000000000000000000000000000000E4
:100C100000000000000000000000000000000000D4
:100C200000000000000000000000000000000000C4
:100C300000000000000000000000000000000000B4
:100C400000000000000000000000000000000000A4
:100C50000000000000000000000000000000000094
:100C60000000000000000000000000000000000084
:100C70000000000000000000000000000000000074
:100C80000000000000000000000000000000000064
:100C90000000000000000000000000000000000054
:100CA0000000000000000000000000000000000044
:100CB0000000000000000000000000000000000034
:100CC0000000000000000000000000000000000024
:100CD0000000000000000000000000000000000014
:100CE0000000000000000000000000000000000004
:100CF00000000000000000000000000000000000F4
:100D000000000000000000000000000000000000E3
:100D100000000000000000000000000000000000D3
:100D200000000000000000000000000000000000C3
:100D300000000000000000000000000000000000B3
:100D400000000000000000000000000000000000A3
:100D50000000000000000000000000000000000093
:100D60000000000000000000000000000000000083
:100D70000000000000000000000000000000000073
:100D80000000000000000000000000000000000063
:100D90000000000000000000000000000000000053
:100DA0000000000000000000000000000000000043
:100DB0000000000000000000000000000000000033
:100DC0000000000000000000000000000000000023
:100DD0000000000000000000000000000000000013
:100DE0000000000000000000000000000000000003
:100DF00000000000000000000000000000000000F3
:100E000000000000000000000000000000000000E2
:100E100000000000000000000000000000000000D2
:100E200000000000000000000000000000000000C2
:100E300000000000000000000000000000000000B2
:100E400000000000000000000000000000000000A2
:100E50000000000000000000000000000000000092
:100E60000000000000000000000000000000000082
:100E70000000000000000000000000000000000072
:100E80000000000000000000000000000000000062
:100E90000000000000000000000000000000000052
:100EA0000000000000000000000000000000000042
:100EB0000000000000000000000000000000000032
:100EC0000000000000000000000000000000000022
:100ED0000000000000000000000000000000000012
:100EE0000000000000000000000000000000000002
:100EF00000000000000000000000000000000000F2
:100F000000000000000000000000000000000000E1
:100F100000000000000000000000000000000000D1
:100F200000000000000000000000000000000000C1
:100F300000000000000000000000000000000000B1
:100F400000000000000000000000000000000000A1
:100F50000000000000000000000000000000000091
:100F60000000000000000000000000000000000081
:100F70000000000000000000000000000000000071
:100F80000000000000000000000000000000000061
:100F90000000000000000000000000000000000051
:100FA0000000000000000000000000000000000041
:100FB0000000000000000000000000000000000031
:100FC0000000000000000000000000000000000021
:100FD0000000000000000000000000000000000011
:100FE0000000000000000000000000000000000001
:100FF00000000000000000000000000000000000F1
:1010000000000000000000000000000000000000E0
:1010100000000000000000000000000000000000D0
:1010200000000000000000000000000000000000C0
:1010300000000000000000000000000000000000B0
:1010400000000000000000000000000000000000A0
:101050000000000000000000000000000000000090
:101060000000000000000000000000000000000080
:101070000000000000000000000000000000000070
:101080000000000000000000000000000000000060
:101090000000000000000000000000000000000050
:1010A0000000000000000000000000000000000040
:1010B0000000000000000000000000000000000030
:1010C0000000000000000000000000000000000020
:1010D0000000000000000000000000000000000010
:1010E0000000000000000000000000000000000000
:1010F00000000000000000000000000000000000F0
:1011000000000000000000000000000000000000DF
:1011100000000000000000000000000000000000CF
:1011200000000000000000000000000000000000BF
:1011300000000000000000000000000000000000AF
:10114000000000000000000000000000000000009F
:10115000000000000000000000000000000000008F
:10116000000000000000000000000000000000007F
:10117000000000000000000000000000000000006F
:10118000000000000000000000000000000000005F
:10119000000000000000000000000000000000004F
:1011A000000000000000000000000000000000003F
:1011B000000000000000000000000000000000002F
:1011C000000000000000000000000000000000001F
:1011D000000000000000000000000000000000000F
:1011E00000000000000000000000000000000000FF
:1011F00000000000000000000000000000000000EF
:1012000000000000000000000000000000000000DE
:1012100000000000000000000000000000000000CE
:1012200000000000000000000000000000000000BE
:1012300000000000000000000000000000000000AE
:1012400000000000000000006F1283BC6F12033D1D
:101250006F1283BD6F1283BC6F12033D6F1283BD8B
:10126000000000006F1283BCA69B44BD6F1283BCBC
:101270006F1283BC6F12033D000000006F1283BC2D
:10128000000000006F1283BC6F1283BC00000000DE
:10129000000000006F1283BC00000000000000008E
:1012A0006F1283BC0000000000000000000000007E
:1012B0006F12833C000000000000000000000000EE
:1012C000000000000000000000000000000000001E
:1012D000000000000000000000000000000000000E
:1012E00000000000000000000000000000000000FE
:1012F00000000000000000000000000000000000EE
:1013000000000000000000000000000000000000DD
:1013100000000000000000000000000000000000CD
:1013200000000000000000000000000000000000BD
:1013300000000000000000000000000000000000AD
:10134000000000000000000000000000000000009D
:10135000000000000000000000000000000000008D
:10136000000000000000000000000000000000007D
:10137000000000000000000000000000000000006D
:10138000000000000000000000000000000000005D
:10139000000000000000000000000000000000004D
:1013A000000000000000000000000000000000003D
:1013B000000000000000000000000000000000002D
:1013C000000000000000000000000000000000001D
:1013D000000000000000000000000000000000000D
:1013E00000000000000000000000000000000000FD
:1013F00000000000000000000000000000000000ED
:1014000000000000000000000000000000000000DC
:1014100000000000000000000000000000000000CC
:1014200000000000000000000000000000000000BC
:1014300000000000000000000000000000000000AC
:10144000000000000000000000000000000000009C
:10145000000000000000000000000000000000008C
:10146000000000000000000000000000000000007C
:10147000000000000000000000000000000000006C
:10148000000000000000000000000000000000005C
:10149000000000000000000000000000000000004C
:1014A000000000000000000000000000000000003C
:1014B000000000000000000000000000000000002C
:1014C000000000000000000000000000000000001C
:1014D000000000000000000000000000000000000C
:1014E00000000000000000000000000000000000FC
:1014F00000000000000000000000000000000000EC
:1015000000000000000000000000000000000000DB
:1015100000000000000000000000000000000000CB
:1015200000000000000000000000000000000000BB
:1015300000000000000000000000000000000000AB
:10154000000000000000000000000000000000009B
:10155000000000000000000000000000000000008B
:10156000000000000000000000000000000000007B
:10157000000000000000000000000000000000006B
:10158000000000000000000000000000000000005B
:10159000000000000000000000000000000000004B
:1015A000000000000000000000000000000000003B
:1015B000000000000000000000000000000000002B
:1015C000000000000000000000000000000000001B
:1015D000000000000000000000000000000000000B
:1015E00000000000000000000000000000000000FB
:1015F00000000000000000000000000000000000EB
:1016000000000000000000000000000000000000DA
:1016100000000000000000000000000000000000CA
:1016200000000000000000000000000000000000BA
:1016300000000000000000000000000000000000AA
:10164000000000000000000000000000000000009A
:10165000000000000000000000000000000000008A
:10166000000000000000000000000000000000007A
:10167000000000000000000000000000000000006A
:10168000000000000000000000000000000000005A
:10169000000000000000000000000000000000004A
:1016A000000000000000000000000000000000003A
:1016B000000000000000000000000000000000002A
:1016C000000000000000000000000000000000001A
:1016D000000000000000000000000000000000000A
:1016E00000000000000000000000000000000000FA
:1016F00000000000000000000000000000000000EA
:1017000000000000000000000000000000000000D9
:1017100000000000000000000000000000000000C9
:1017200000000000000000000000000000000000B9
:1017300000000000000000000000000000000000A9
:101740000000000000000000000000000000000099
:101750000000000000000000000000000000000089
:101760000000000000000000000000000000000079
:101770000000000000000000000000000000000069
:101780000000000000000000000000000000000059
:101790000000000000000000000000000000000049
:1017A0000000000000000000000000000000000039
:1017B0000000000000000000000000000000000029
:1017C0000000000000000000000000000000000019
:1017D0000000000000000000000000000000000009
:1017E00000000000000000000000000000000000F9
:1017F00000000000000000000000000000000000E9
:1018000000000000000000000000000000000000D8
:1018100000000000000000000000000000000000C8
:1018200000000000000000000000000000000000B8
:1018300000000000000000000000000000000000A8
:101840000000000000000000000000000000000098
:101850000000000000000000000000000000000088
:101860000000000000000000000000000000000078
:101870000000000000000000000000000000000068
:101880000000000000000000000000000000000058
:101890000000000000000000000000000000000048
:1018A0000000000000000000000000000000000038
:1018B000000000006F1203BD00000000A69B44BDA5
:1018C0006F1203BD00000000A69B44BD0000000095
:1018D00000000000A69B443D6F1283BC6F1283BCC6
:1018E0006F12833C6F1283BC6F1283BC6F12833CF8
:1018F0006F1283BC6F1283BC000000006F1283BCA8
:10190000000000006F1283BC000000006F1283BC57
:101910006F1283BC6F1283BC6F1283BC0000000087
:1019200000000000000000000000000000000000B7
:1019300000000000000000000000000000000000A7
:101940000000000000000000000000000000000097
:101950000000000000000000000000000000000087
:101960000000000000000000000000000000000077
:101970000000000000000000000000000000000067
:101980000000000000000000000000000000000057
:101990000000000000000000000000000000000047
:1019A0000000000000000000000000000000000037
:1019B0000000000000000000000000000000000027
:1019C0000000000000000000000000000000000017
:1019D0000000000000000000000000000000000007
:1019E00000000000000000000000000000000000F7
:1019F00000000000000000000000000000000000E7
:101A000000000000000000000000000000000000D6
:101A100000000000000000000000000000000000C6
:101A200000000000000000000000000000000000B6
:101A300000000000000000000000000000000000A6
:101A40000000000000000000000000000000000096
:101A50000000000000000000000000000000000086
:101A60000000000000000000000000000000000076
:101A70000000000000000000000000000000000066
:101A80000000000000000000000000000000000056
:101A90000000000000000000000000000000000046
:101AA0000000000000000000000000000000000036
:101AB0000000000000000000000000000000000026
:101AC0000000000000000000000000000000000016
:101AD0000000000000000000000000000000000006
:101AE00000000000000000000000000000000000F6
:101AF00000000000000000000000000000000000E6
:101B000000000000000000000000000000000000D5
:101B100000000000000000000000000000000000C5
:101B200000000000000000000000000000000000B5
:101B300000000000000000000000000000000000A5
:101B40000000000000000000000000000000000095
:101B50000000000000000000000000000000000085
:101B60000000000000000000000000000000000075
:101B70000000000000000000000000000000000065
:101B80000000000000000000000000000000000055
:101B90000000000000000000000000000000000045
:101BA0000000000000000000000000000000000035
:101BB0000000000000000000000000000000000025
:101BC0000000000000000000000000000000000015
:101BD0000000000000000000000000000000000005
:101BE00000000000000000000000000000000000F5
:101BF00000000000000000000000000000000000E5
:101C000000000000000000000000000000000000D4
:101C100000000000000000000000000000000000C4
:101C200000000000000000000000000000000000B4
:101C300000000000000000000000000000000000A4
:101C40000000000000000000000000000000000094
:101C50000000000000000000000000000000000084
:101C60000000000000000000000000000000000074
:101C70000000000000000000000000000000000064
:101C80000000000000000000000000000000000054
:101C90000000000000000000000000000000000044
:101CA0000000000000000000000000000000000034
:101CB0000000000000000000000000000000000024
:101CC0000000000000000000000000000000000014
:101CD0000000000000000000000000000000000004
:101CE00000000000000000000000000000000000F4
:101CF00000000000000000000000000000000000E4
:101D000000000000000000000000000000000000D3
:101D100000000000000000000000000000000000C3
:101D200000000000000000000000000000000000B3
:101D300000000000000000000000000000000000A3
:101D40000000000000000000000000000000000093
:101D50000000000000000000000000000000000083
:101D60000000000000000000000000000000000073
:101D70000000000000000000000000000000000063
:101D80000000000000000000000000000000000053
:101D90000000000000000000000000000000000043
:101DA0000000000000000000000000000000000033
:101DB0000000000000000000000000000000000023
:101DC0000000000000000000000000000000000013
:101DD0000000000000000000000000000000000003
:101DE00000000000000000000000000000000000F3
:101DF00000000000000000000000000000000000E3
:101E000000000000000000000000000000000000D2
:101E100000000000000000000000000000000000C2
:101E200000000000000000000000000000000000B2
:101E300000000000000000000000000000000000A2
:101E40000000000000000000000000000000000092
:101E50000000000000000000000000000000000082
:101E60000000000000000000000000000000000072
:101E70000000000000000000000000000000000062
:101E80000000000000000000000000000000000052
:101E90000000000000000000000000000000000042
:101EA0000000000000000000000000000000000032
:101EB0000000000000000000000000000000000022
:101EC0000000000000000000000000000000000012
:101ED0000000000000000000000000000000000002
:101EE00000000000000000000000000000000000F2
:101EF00000000000000000000000000000000000E2
:101F000000000000000000000000000000000000D1
:101F100000000000000000000000000000000000C1
:101F20000000000000000000000000006F1283BCF1
:101F30006F1283BC6F1203BE6F1283BC6F1283BC1F
:101F40006F1203BE6F1283BC6F1283BC6F1283BC0F
:101F50006F1283BC000000006F1203BD6F1283BCC0
:101F600000000000000000006F1283BC00000000B1
:101F70000000000000000000000000006F1283BCA1
:101F800000000000000000006F12833C0000000011
:101F90006F1283BC00000000000000000000000081
:101FA0000000000000000000000000000000000031
:101FB0000000000000000000000000000000000021
:101FC0000000000000000000000000000000000011
:101FD0000000000000000000000000000000000001
:101FE00000000000000000000000000000000000F1
:101FF00000000000000000000000000000000000E1
:1020000000000000000000000000000000000000D0
:1020100000000000000000000000000000000000C0
:1020200000000000000000000000000000000000B0
:1020300000000000000000000000000000000000A0
:102040000000000000000000000000000000000090
:102050000000000000000000000000000000000080
:102060000000000000000000000000000000000070
:102070000000000000000000000000000000000060
:102080000000000000000000000000000000000050
:102090000000000000000000000000000000000040
:1020A0000000000000000000000000000000000030
:1020B0000000000000000000000000000000000020
:1020C0000000000000000000000000000000000010
:1020D0000000000000000000000000000000000000
:1020E00000000000000000000000000000000000F0
:1020F00000000000000000000000000000000000E0
:1021000000000000000000000000000000000000CF
:1021100000000000000000000000000000000000BF
:1021200000000000000000000000000000000000AF
:10213000000000000000000000000000000000009F
:10214000000000000000000000000000000000008F
:10215000000000000000000000000000000000007F
:10216000000000000000000000000000000000006F
:10217000000000000000000000000000000000005F
:10218000000000000000000000000000000000004F
:10219000000000000000000000000000000000003F
:1021A000000000000000000000000000000000002F
:1021B000000000000000000000000000000000001F
:1021C000000000000000000000000000000000000F
:1021D00000000000000000000000000000000000FF
:1021E00000000000000000000000000000000000EF
:1021F00000000000000000000000000000000000DF
:1022000000000000000000000000000000000000CE
:1022100000000000000000000000000000000000BE
:1022200000000000000000000000000000000000AE
:10223000000000000000000000000000000000009E
:10224000000000000000000000000000000000008E
:10225000000000000000000000000000000000007E
:10226000000000000000000000000000000000006E
:10227000000000000000000000000000000000005E
:10228000000000000000000000000000000000004E
:10229000000000000000000000000000000000003E
:1022A000000000000000000000000000000000002E
:1022B000000000000000000000000000000000001E
:1022C000000000000000000000000000000000000E
:1022D00000000000000000000000000000000000FE
:1022E00000000000000000000000000000000000EE
:1022F00000000000000000000000000000000000DE
:1023000000000000000000000000000000000000CD
:1023100000000000000000000000000000000000BD
:1023200000000000000000000000000000000000AD
:10233000000000000000000000000000000000009D
:10234000000000000000000000000000000000008D
:10235000000000000000000000000000000000007D
:10236000000000000000000000000000000000006D
:10237000000000000000000000000000000000005D
:10238000000000000000000000000000000000004D
:10239000000000000000000000000000000000003D
:1023A000000000000000000000000000000000002D
:1023B000000000000000000000000000000000001D
:1023C000000000000000000000000000000000000D
:1023D00000000000000000000000000000000000FD
:1023E00000000000000000000000000000000000ED
:1023F00000000000000000000000000000000000DD
:1024000000000000000000000000000000000000CC
:1024100000000000000000000000000000000000BC
:1024200000000000000000000000000000000000AC
:10243000000000000000000000000000000000009C
:10244000000000000000000000000000000000008C
:10245000000000000000000000000000000000007C
:10246000000000000000000000000000000000006C
:10247000000000000000000000000000000000005C
:10248000000000000000000000000000000000004C
:10249000000000000000000000000000000000003C
:1024A000000000000000000000000000000000002C
:1024B000000000000000000000000000000000001C
:1024C000000000000000000000000000000000000C
:1024D00000000000000000000000000000000000FC
:1024E00000000000000000000000000000000000EC
:1024F00000000000000000000000000000000000DC
:1025000000000000000000000000000000000000CB
:1025100000000000000000000000000000000000BB
:1025200000000000000000000000000000000000AB
:10253000000000000000000000000000000000009B
:10254000000000000000000000000000000000008B
:10255000000000000000000000000000000000007B
:10256000000000000000000000000000000000006B
:10257000000000000000000000000000000000005B
:10258000000000000000000000000000000000004B
:1025900000000000000000006F12833CA69B443D39
:1025A0006F1283BC6F12833CA69B443D6F1283BCA9
:1025B0006F1283BC000000000AD7A3BD6F1283BC5A
:1025C0006F1283BC6F12833C000000006F1283BC4B
:1025D0006F12833C6F1283BC0000000000000000FB
:1025E00000000000000000006F12833C00000000AB
:1025F000000000006F12833C6F1283BC00000000DB
:1026000000000000000000000000000000000000CA
:1026100000000000000000000000000000000000BA
:1026200000000000000000000000000000000000AA
:10263000000000000000000000000000000000009A
:10264000000000000000000000000000000000008A
:10265000000000000000000000000000000000007A
:10266000000000000000000000000000000000006A
:10267000000000000000000000000000000000005A
:10268000000000000000000000000000000000004A
:10269000000000000000000000000000000000003A
:1026A000000000000000000000000000000000002A
:1026B000000000000000000000000000000000001A
:1026C000000000000000000000000000000000000A
:1026D00000000000000000000000000000000000FA
:1026E00000000000000000000000000000000000EA
:1026F00000000000000000000000000000000000DA
:1027000000000000000000000000000000000000C9
:1027100000000000000000000000000000000000B9
:1027200000000000000000000000000000000000A9
:102730000000000000000000000000000000000099
:102740000000000000000000000000000000000089
:102750000000000000000000000000000000000079
:102760000000000000000000000000000000000069
:102770000000000000000000000000000000000059
:102780000000000000000000000000000000000049
:102790000000000000000000000000000000000039
:1027A0000000000000000000000000000000000029
:1027B0000000000000000000000000000000000019
:1027C0000000000000000000000000000000000009
:1027D00000000000000000000000000000000000F9
:1027E00000000000000000000000000000000000E9
:1027F00000000000000000000000000000000000D9
:1028000000000000000000000000000000000000C8
:1028100000000000000000000000000000000000B8
:1028200000000000000000000000000000000000A8
:102830000000000000000000000000000000000098
:102840000000000000000000000000000000000088
:102850000000000000000000000000000000000078
:102860000000000000000000000000000000000068
:102870000000000000000000000000000000000058
:102880000000000000000000000000000000000048
:102890000000000000000000000000000000000038
:1028A0000000000000000000000000000000000028
:1028B0000000000000000000000000000000000018
:1028C0000000000000000000000000000000000008
:1028D00000000000000000000000000000000000F8
:1028E00000000000000000000000000000000000E8
:1028F00000000000000000000000000000000000D8
:1029000000000000000000000000000000000000C7
:1029100000000000000000000000000000000000B7
:1029200000000000000000000000000000000000A7
:102930000000000000000000000000000000000097
:102940000000000000000000000000000000000087
:102950000000000000000000000000000000000077
:102960000000000000000000000000000000000067
:102970000000000000000000000000000000000057
:102980000000000000000000000000000000000047
:102990000000000000000000000000000000000037
:1029A0000000000000000000000000000000000027
:1029B0000000000000000000000000000000000017
:1029C0000000000000000000000000000000000007
:1029D00000000000000000000000000000000000F7
:1029E00000000000000000000000000000000000E7
:1029F00000000000000000000000000000000000D7
:102A000000000000000000000000000000000000C6
:102A100000000000000000000000000000000000B6
:102A200000000000000000000000000000000000A6
:102A30000000000000000000000000000000000096
:102A40000000000000000000000000000000000086
:102A50000000000000000000000000000000000076
:102A60000000000000000000000000000000000066
:102A70000000000000000000000000000000000056
:102A80000000000000000000000000000000000046
:102A90000000000000000000000000000000000036
:102AA0000000000000000000000000000000000026
:102AB0000000000000000000000000000000000016
:102AC0000000000000000000000000000000000006
:102AD00000000000000000000000000000000000F6
:102AE00000000000000000000000000000000000E6
:102AF00000000000000000000000000000000000D6
:102B000000000000000000000000000000000000C5
:102B100000000000000000000000000000000000B5
:102B200000000000000000000000000000000000A5
:102B30000000000000000000000000000000000095
:102B40000000000000000000000000000000000085
:102B50000000000000000000000000000000000075
:102B60000000000000000000000000000000000065
:102B70000000000000000000000000000000000055
:102B80000000000000000000000000000000000045
:102B90000000000000000000000000000000000035
:102BA0000000000000000000000000000000000025
:102BB0000000000000000000000000000000000015
:102BC0000000000000000000000000000000000005
:102BD00000000000000000000000000000000000F5
:102BE0006F1283BC6F1203BD4260E5BD6F1283BCE0
:102BF0006F1203BD4260E5BD6F1283BC6F1283BCD0
:102C0000000000006F1283BC000000006F12833CC4
:102C10006F1283BC6F1283BC000000006F1283BC74
:102C20006F1283BC6F1283BC6F1283BC6F1283BCA4
:102C30000000000000000000000000000000000094
:102C40000000000000000000000000000000000084
:102C50000000000000000000000000000000000074
:102C60000000000000000000000000000000000064
:102C70000000000000000000000000000000000054
:102C80000000000000000000000000000000000044
:102C90000000000000000000000000000000000034
:102CA0000000000000000000000000000000000024
:102CB0000000000000000000000000000000000014
:102CC0000000000000000000000000000000000004
:102CD00000000000000000000000000000000000F4
:102CE00000000000000000000000000000000000E4
:102CF00000000000000000000000000000000000D4
:102D000000000000000000000000000000000000C3
:102D100000000000000000000000000000000000B3
:102D200000000000000000000000000000000000A3
:102D30000000000000000000000000000000000093
:102D40000000000000000000000000000000000083
:102D50000000000000000000000000000000000073
:102D60000000000000000000000000000000000063
:102D70000000000000000000000000000000000053
:102D80000000000000000000000000000000000043
:102D90000000000000000000000000000000000033
:102DA0000000000000000000000000000000000023
:102DB0000000000000000000000000000000000013
:102DC0000000000000000000000000000000000003
:102DD00000000000000000000000000000000000F3
:102DE00000000000000000000000000000000000E3
:102DF00000000000000000000000000000000000D3
:102E000000000000000000000000000000000000C2
:102E100000000000000000000000000000000000B2
:102E200000000000000000000000000000000000A2
:102E30000000000000000000000000000000000092
:102E40000000000000000000000000000000000082
:102E50000000000000000000000000000000000072
:102E60000000000000000000000000000000000062
:102E70000000000000000000000000000000000052
:102E80000000000000000000000000000000000042
:102E90000000000000000000000000000000000032
:102EA0000000000000000000000000000000000022
:102EB0000000000000000000000000000000000012
:102EC0000000000000000000000000000000000002
:102ED00000000000000000000000000000000000F2
:102EE00000000000000000000000000000000000E2
:102EF00000000000000000000000000000000000D2
:102F000000000000000000000000000000000000C1
:102F100000000000000000000000000000000000B1
:102F200000000000000000000000000000000000A1
:102F30000000000000000000000000000000000091
:102F40000000000000000000000000000000000081
:102F50000000000000000000000000000000000071
:102F60000000000000000000000000000000000061
:102F70000000000000000000000000000000000051
:102F80000000000000000000000000000000000041
:102F90000000000000000000000000000000000031
:102FA0000000000000000000000000000000000021
:102FB0000000000000000000000000000000000011
:102FC0000000000000000000000000000000000001
:102FD00000000000000000000000000000000000F1
:102FE00000000000000000000000000000000000E1
:102FF00000000000000000000000000000000000D1
:1030000000000000000000000000000000000000C0
:1030100000000000000000000000000000000000B0
:1030200000000000000000000000000000000000A0
:103030000000000000000000000000000000000090
:103040000000000000000000000000000000000080
:103050000000000000000000000000000000000070
:103060000000000000000000000000000000000060
:103070000000000000000000000000000000000050
:103080000000000000000000000000000000000040
:103090000000000000000000000000000000000030
:1030A0000000000000000000000000000000000020
:1030B0000000000000000000000000000000000010
:1030C0000000000000000000000000000000000000
:1030D00000000000000000000000000000000000F0
:1030E00000000000000000000000000000000000E0
:1030F00000000000000000000000000000000000D0
:1031000000000000000000000000000000000000BF
:1031100000000000000000000000000000000000AF
:10312000000000000000000000000000000000009F
:10313000000000000000000000000000000000008F
:10314000000000000000000000000000000000007F
:10315000000000000000000000000000000000006F
:10316000000000000000000000000000000000005F
:10317000000000000000000000000000000000004F
:10318000000000000000000000000000000000003F
:10319000000000000000000000000000000000002F
:1031A000000000000000000000000000000000001F
:1031B000000000000000000000000000000000000F
:1031C00000000000000000000000000000000000FF
:1031D00000000000000000000000000000000000EF
:1031E00000000000000000000000000000000000DF
:1031F00000000000000000006F1203BD6F12833C4E
:103200004260E5BD6F1203BD6F12833C4260E5BDB5
:1032100000000000000000006F12833D6F1283BCAD
:103220006F1283BC00000000000000006F1283BC1E
:103230006F12833C000000006F1283BC000000008E
:103240006F1283BC000000000000000000000000BE
:10325000000000006F1283BC000000006F1283BCEE
:10326000000000000000000000000000000000005E
:10327000000000000000000000000000000000004E
:10328000000000000000000000000000000000003E
:10329000000000000000000000000000000000002E
:1032A000000000000000000000000000000000001E
:1032B000000000000000000000000000000000000E
:1032C00000000000000000000000000000000000FE
:1032D00000000000000000000000000000000000EE
:1032E00000000000000000000000000000000000DE
:1032F00000000000000000000000000000000000CE
:1033000000000000000000000000000000000000BD
:1033100000000000000000000000000000000000AD
:10332000000000000000000000000000000000009D
:10333000000000000000000000000000000000008D
:10334000000000000000000000000000000000007D
:10335000000000000000000000000000000000006D
:10336000000000000000000000000000000000005D
:10337000000000000000000000000000000000004D
:10338000000000000000000000000000000000003D
:10339000000000000000000000000000000000002D
:1033A000000000000000000000000000000000001D
:1033B000000000000000000000000000000000000D
:1033C00000000000000000000000000000000000FD
:1033D00000000000000000000000000000000000ED
:1033E00000000000000000000000000000000000DD
:1033F00000000000000000000000000000000000CD
:1034000000000000000000000000000000000000BC
:1034100000000000000000000000000000000000AC
:10342000000000000000000000000000000000009C
:10343000000000000000000000000000000000008C
:10344000000000000000000000000000000000007C
:10345000000000000000000000000000000000006C
:10346000000000000000000000000000000000005C
:10347000000000000000000000000000000000004C
:10348000000000000000000000000000000000003C
:10349000000000000000000000000000000000002C
:1034A000000000000000000000000000000000001C
:1034B000000000000000000000000000000000000C
:1034C00000000000000000000000000000000000FC
:1034D00000000000000000000000000000000000EC
:1034E00000000000000000000000000000000000DC
:1034F00000000000000000000000000000000000CC
:1035000000000000000000000000000000000000BB
:1035100000000000000000000000000000000000AB
:10352000000000000000000000000000000000009B
:10353000000000000000000000000000000000008B
:10354000000000000000000000000000000000007B
:10355000000000000000000000000000000000006B
:10356000000000000000000000000000000000005B
:10357000000000000000000000000000000000004B
:10358000000000000000000000000000000000003B
:10359000000000000000000000000000000000002B
:1035A000000000000000000000000000000000001B
:1035B000000000000000000000000000000000000B
:1035C00000000000000000000000000000000000FB
:1035D00000000000000000000000000000000000EB
:1035E00000000000000000000000000000000000DB
:1035F00000000000000000000000000000000000CB
:1036000000000000000000000000000000000000BA
:1036100000000000000000000000000000000000AA
:10362000000000000000000000000000000000009A
:10363000000000000000000000000000000000008A
:10364000000000000000000000000000000000007A
:10365000000000000000000000000000000000006A
:10366000000000000000000000000000000000005A
:10367000000000000000000000000000000000004A
:10368000000000000000000000000000000000003A
:10369000000000000000000000000000000000002A
:1036A000000000000000000000000000000000001A
:1036B000000000000000000000000000000000000A
:1036C00000000000000000000000000000000000FA
:1036D00000000000000000000000000000000000EA
:1036E00000000000000000000000000000000000DA
:1036F00000000000000000000000000000000000CA
:1037000000000000000000000000000000000000B9
:1037100000000000000000000000000000000000A9
:103720000000000000000000000000000000000099
:103730000000000000000000000000000000000089
:103740000000000000000000000000000000000079
:103750000000000000000000000000000000000069
:103760000000000000000000000000000000000059
:103770000000000000000000000000000000000049
:103780000000000000000000000000000000000039
:103790000000000000000000000000000000000029
:1037A0000000000000000000000000000000000019
:1037B0000000000000000000000000000000000009
:1037C00000000000000000000000000000000000F9
:1037D00000000000000000000000000000000000E9
:1037E00000000000000000000000000000000000D9
:1037F00000000000000000000000000000000000C9
:1038000000000000000000000000000000000000B8
:103810000000000000000000000000006F1203BD67
:10382000000000000AD7A3BD6F1203BD0000000016
:103830000AD7A3BD6F1283BC00000000A69B443DC5
:103840006F1283BC000000006F1283BC6F1283BC38
:103850006F1283BC6F12833C000000000000000068
:10386000000000006F1283BC000000000000000098
:103870006F1283BC6F1283BC000000006F1283BC08
:103880000000000000000000000000000000000038
:103890000000000000000000000000000000000028
:1038A0000000000000000000000000000000000018
:1038B0000000000000000000000000000000000008
:1038C00000000000000000000000000000000000F8
:1038D00000000000000000000000000000000000E8
:1038E00000000000000000000000000000000000D8
:1038F00000000000000000000000000000000000C8
:1039000000000000000000000000000000000000B7
:1039100000000000000000000000000000000000A7
:103920000000000000000000000000000000000097
:103930000000000000000000000000000000000087
:103940000000000000000000000000000000000077
:103950000000000000000000000000000000000067
:103960000000000000000000000000000000000057
:103970000000000000000000000000000000000047
:103980000000000000000000000000000000000037
:103990000000000000000000000000000000000027
:1039A0000000000000000000000000000000000017
:1039B0000000000000000000000000000000000007
:1039C00000000000000000000000000000000000F7
:1039D00000000000000000000000000000000000E7
:1039E00000000000000000000000000000000000D7
:1039F00000000000000000000000000000000000C7
:103A000000000000000000000000000000000000B6
:103A100000000000000000000000000000000000A6
:103A20000000000000000000000000000000000096
:103A30000000000000000000000000000000000086
:103A40000000000000000000000000000000000076
:103A50000000000000000000000000000000000066
:103A60000000000000000000000000000000000056
:103A70000000000000000000000000000000000046
:103A80000000000000000000000000000000000036
:103A90000000000000000000000000000000000026
:103AA0000000000000000000000000000000000016
:103AB0000000000000000000000000000000000006
:103AC00000000000000000000000000000000000F6
:103AD00000000000000000000000000000000000E6
:103AE00000000000000000000000000000000000D6
:103AF00000000000000000000000000000000000C6
:103B000000000000000000000000000000000000B5
:103B100000000000000000000000000000000000A5
:103B20000000000000000000000000000000000095
:103B30000000000000000000000000000000000085
:103B40000000000000000000000000000000000075
:103B50000000000000000000000000000000000065
:103B60000000000000000000000000000000000055
:103B70000000000000000000000000000000000045
:103B80000000000000000000000000000000000035
:103B90000000000000000000000000000000000025
:103BA0000000000000000000000000000000000015
:103BB0000000000000000000000000000000000005
:103BC00000000000000000000000000000000000F5
:103BD00000000000000000000000000000000000E5
:103BE00000000000000000000000000000000000D5
:103BF00000000000000000000000000000000000C5
:103C000000000000000000000000000000000000B4
:103C100000000000000000000000000000000000A4
:103C20000000000000000000000000000000000094
:103C30000000000000000000000000000000000084
:103C40000000000000000000000000000000000074
:103C50000000000000000000000000000000000064
:103C60000000000000000000000000000000000054
:103C70000000000000000000000000000000000044
:103C80000000000000000000000000000000000034
:103C90000000000000000000000000000000000024
:103CA0000000000000000000000000000000000014
:103CB0000000000000000000000000000000000004
:103CC00000000000000000000000000000000000F4
:103CD00000000000000000000000000000000000E4
:103CE00000000000000000000000000000000000D4
:103CF00000000000000000000000000000000000C4
:103D000000000000000000000000000000000000B3
:103D100000000000000000000000000000000000A3
:103D20000000000000000000000000000000000093
:103D30000000000000000000000000000000000083
:103D40000000000000000000000000000000000073
:103D50000000000000000000000000000000000063
:103D60000000000000000000000000000000000053
:103D70000000000000000000000000000000000043
:103D80000000000000000000000000000000000033
:103D90000000000000000000000000000000000023
:103DA0000000000000000000000000000000000013
:103DB0000000000000000000000000000000000003
:103DC00000000000000000000000000000000000F3
:103DD00000000000000000000000000000000000E3
:103DE00000000000000000000000000000000000D3
:103DF00000000000000000000000000000000000C3
:103E000000000000000000000000000000000000B2
:103E100000000000000000000000000000000000A2
:103E20000000000000000000000000000000000092
:103E30000000000000000000000000000000000082
:103E40000000000000000000000000000000000072
:103E50000000000000000000000000000000000062
:103E6000000000006F1283BCA69BC4BD6F1283BD0F
:103E70006F1283BCA69BC4BD6F1283BD00000000FF
:103E80006F1283BCA69BC43D6F1283BC0000000070
:103E90006F12833C6F1283BC6F1283BC6F1283BCA2
:103EA000000000006F1283BC6F1203BD0000000011
:103EB00000000000A69B44BD6F1283BC6F1283BC40
:103EC0006F1283BC000000006F1283BC0000000072
:103ED00000000000000000000000000000000000E2
:103EE00000000000000000000000000000000000D2
:103EF00000000000000000000000000000000000C2
:103F000000000000000000000000000000000000B1
:103F100000000000000000000000000000000000A1
:103F20000000000000000000000000000000000091
:103F30000000000000000000000000000000000081
:103F40000000000000000000000000000000000071
:103F50000000000000000000000000000000000061
:103F60000000000000000000000000000000000051
:103F70000000000000000000000000000000000041
:103F80000000000000000000000000000000000031
:103F90000000000000000000000000000000000021
:103FA0000000000000000000000000000000000011
:103FB0000000000000000000000000000000000001
:103FC00000000000000000000000000000000000F1
:103FD00000000000000000000000000000000000E1
:103FE00000000000000000000000000000000000D1
:103FF00000000000000000000000000000000000C1
:1040000000000000000000000000000000000000B0
:1040100000000000000000000000000000000000A0
:104020000000000000000000000000000000000090
:104030000000000000000000000000000000000080
:104040000000000000000000000000000000000070
:104050000000000000000000000000000000000060
:104060000000000000000000000000000000000050
:104070000000000000000000000000000000000040
:104080000000000000000000000000000000000030
:104090000000000000000000000000000000000020
:1040A0000000000000000000000000000000000010
:1040B0000000000000000000000000000000000000
:1040C00000000000000000000000000000000000F0
:1040D00000000000000000000000000000000000E0
:1040E00000000000000000000000000000000000D0
:1040F00000000000000000000000000000000000C0
:1041000000000000000000000000000000000000AF
:10411000000000000000000000000000000000009F
:10412000000000000000000000000000000000008F
:10413000000000000000000000000000000000007F
:10414000000000000000000000000000000000006F
:10415000000000000000000000000000000000005F
:10416000000000000000000000000000000000004F
:10417000000000000000000000000000000000003F
:10418000000000000000000000000000000000002F
:10419000000000000000000000000000000000001F
:1041A000000000000000000000000000000000000F
:1041B00000000000000000000000000000000000FF
:1041C00000000000000000000000000000000000EF
:1041D00000000000000000000000000000000000DF
:1041E00000000000000000000000000000000000CF
:1041F00000000000000000000000000000000000BF
:1042000000000000000000000000000000000000AE
:10421000000000000000000000000000000000009E
:10422000000000000000000000000000000000008E
:10423000000000000000000000000000000000007E
:10424000000000000000000000000000000000006E
:10425000000000000000000000000000000000005E
:10426000000000000000000000000000000000004E
:10427000000000000000000000000000000000003E
:10428000000000000000000000000000000000002E
:10429000000000000000000000000000000000001E
:1042A000000000000000000000000000000000000E
:1042B00000000000000000000000000000000000FE
:1042C00000000000000000000000000000000000EE
:1042D00000000000000000000000000000000000DE
:1042E00000000000000000000000000000000000CE
:1042F00000000000000000000000000000000000BE
:1043000000000000000000000000000000000000AD
:10431000000000000000000000000000000000009D
:10432000000000000000000000000000000000008D
:10433000000000000000000000000000000000007D
:10434000000000000000000000000000000000006D
:10435000000000000000000000000000000000005D
:10436000000000000000000000000000000000004D
:10437000000000000000000000000000000000003D
:10438000000000000000000000000000000000002D
:10439000000000000000000000000000000000001D
:1043A000000000000000000000000000000000000D
:1043B00000000000000000000000000000000000FD
:1043C00000000000000000000000000000000000ED
:1043D00000000000000000000000000000000000DD
:1043E00000000000000000000000000000000000CD
:1043F00000000000000000000000000000000000BD
:1044000000000000000000000000000000000000AC
:10441000000000000000000000000000000000009C
:10442000000000000000000000000000000000008C
:10443000000000000000000000000000000000007C
:10444000000000000000000000000000000000006C
:10445000000000000000000000000000000000005C
:10446000000000000000000000000000000000004C
:10447000000000000000000000000000000000003C
:104480000000000000000000000000006F1283BC6C
:104490000AD7A3BD000000006F1283BC0AD7A3BDDA
:1044A0006F1283BC6F1283BCA69B443D6F1283BC0A
:1044B0006F1283BC6F12833D000000006F1283BC3B
:1044C0006F12833C00000000000000000AD7A3BD6B
:1044D0006F1203BD6F1283BC6F12833C6F1283BCDB
:1044E0006F1283BC000000006F1283BC000000004C
:1044F0006F1283BC000000000000000000000000FC
:1045000000000000000000000000000000000000AB
:10451000000000000000000000000000000000009B
:10452000000000000000000000000000000000008B
:10453000000000000000000000000000000000007B
:10454000000000000000000000000000000000006B
:10455000000000000000000000000000000000005B
:10456000000000000000000000000000000000004B
:10457000000000000000000000000000000000003B
:10458000000000000000000000000000000000002B
:10459000000000000000000000000000000000001B
:1045A000000000000000000000000000000000000B
:1045B00000000000000000000000000000000000FB
:1045C00000000000000000000000000000000000EB
:1045D00000000000000000000000000000000000DB
:1045E00000000000000000000000000000000000CB
:1045F00000000000000000000000000000000000BB
:1046000000000000000000000000000000000000AA
:10461000000000000000000000000000000000009A
:10462000000000000000000000000000000000008A
:10463000000000000000000000000000000000007A
:10464000000000000000000000000000000000006A
:10465000000000000000000000000000000000005A
:10466000000000000000000000000000000000004A
:10467000000000000000000000000000000000003A
:10468000000000000000000000000000000000002A
:10469000000000000000000000000000000000001A
:1046A000000000000000000000000000000000000A
:1046B00000000000000000000000000000000000FA
:1046C00000000000000000000000000000000000EA
:1046D00000000000000000000000000000000000DA
:1046E00000000000000000000000000000000000CA
:1046F00000000000000000000000000000000000BA
:1047000000000000000000000000000000000000A9
:104710000000000000000000000000000000000099
:104720000000000000000000000000000000000089
:104730000000000000000000000000000000000079
:104740000000000000000000000000000000000069
:104750000000000000000000000000000000000059
:104760000000000000000000000000000000000049
:104770000000000000000000000000000000000039
:104780000000000000000000000000000000000029
:104790000000000000000000000000000000000019
:1047A0000000000000000000000000000000000009
:1047B00000000000000000000000000000000000F9
:1047C00000000000000000000000000000000000E9
:1047D00000000000000000000000000000000000D9
:1047E00000000000000000000000000000000000C9
:1047F00000000000000000000000000000000000B9
:1048000000000000000000000000000000000000A8
:104810000000000000000000000000000000000098
:104820000000000000000000000000000000000088
:104830000000000000000000000000000000000078
:104840000000000000000000000000000000000068
:104850000000000000000000000000000000000058
:104860000000000000000000000000000000000048
:104870000000000000000000000000000000000038
:104880000000000000000000000000000000000028
:104890000000000000000000000000000000000018
:1048A0000000000000000000000000000000000008
:1048B00000000000000000000000000000000000F8
:1048C00000000000000000000000000000000000E8
:1048D00000000000000000000000000000000000D8
:1048E00000000000000000000000000000000000C8
:1048F00000000000000000000000000000000000B8
:1049000000000000000000000000000000000000A7
:104910000000000000000000000000000000000097
:104920000000000000000000000000000000000087
:104930000000000000000000000000000000000077
:104940000000000000000000000000000000000067
:104950000000000000000000000000000000000057
:104960000000000000000000000000000000000047
:104970000000000000000000000000000000000037
:104980000000000000000000000000000000000027
:104990000000000000000000000000000000000017
:1049A0000000000000000000000000000000000007
:1049B00000000000000000000000000000000000F7
:1049C00000000000000000000000000000000000E7
:1049D00000000000000000000000000000000000D7
:1049E00000000000000000000000000000000000C7
:1049F00000000000000000000000000000000000B7
:104A000000000000000000000000000000000000A6
:104A10000000000000000000000000000000000096
:104A20000000000000000000000000000000000086
:104A30000000000000000000000000000000000076
:104A40000000000000000000000000000000000066
:104A50000000000000000000000000000000000056
:104A60000000000000000000000000000000000046
:104A70000000000000000000000000000000000036
:104A80000000000000000000000000000000000026
:104A90000000000000000000000000000000000016
:104AA0000000000000000000000000000000000006
:104AB00000000000000000000000000000000000F6
:104AC00000000000000000000000000000000000E6
:104AD00000000000000000000000000000000000D6
:104AE00000000000000000000000000000000000C6
:104AF00000000000000000000000000000000000B6
:104B000000000000000000000000000000000000A5
:104B10000000000000000000000000000000000095
:104B20000000000000000000000000000000000085
:104B30000000000000000000000000000000000075
:104B40000000000000000000000000000000000065
:104B50000000000000000000000000000000000055
:104B60000000000000000000000000000000000045
:104B70000000000000000000000000000000000035
:104B80000000000000000000000000000000000025
:104B90000000000000000000000000000000000015
:104BA0000000000000000000000000000000000005
:104BB00000000000000000000000000000000000F5
:104BC00000000000000000000000000000000000E5
:104BD00000000000000000000000000000000000D5
:104BE00000000000000000000000000000000000C5
:104BF00000000000000000000000000000000000B5
:104C000000000000000000000000000000000000A4
:104C10000000000000000000000000000000000094
:104C20000000000000000000000000000000000084
:104C30000000000000000000000000000000000074
:104C40000000000000000000000000000000000064
:104C50000000000000000000000000000000000054
:104C60000000000000000000000000000000000044
:104C70000000000000000000000000000000000034
:104C80000000000000000000000000000000000024
:104C90000000000000000000000000000000000014
:104CA0000000000000000000000000000000000004
:104CB00000000000000000000000000000000000F4
:104CC00000000000000000000000000000000000E4
:104CD00000000000000000000000000000000000D4
:104CE00000000000000000000000000000000000C4
:104CF00000000000000000000000000000000000B4
:104D000000000000000000000000000000000000A3
:104D10000000000000000000000000000000000093
:104D20000000000000000000000000000000000083
:104D30000000000000000000000000000000000073
:104D40000000000000000000000000000000000063
:104D50000000000000000000000000000000000053
:104D60000000000000000000000000000000000043
:104D70000000000000000000000000000000000033
:104D80000000000000000000000000000000000023
:104D90000000000000000000000000000000000013
:104DA0000000000000000000000000000000000003
:104DB00000000000000000000000000000000000F3
:104DC00000000000000000000000000000000000E3
:104DD00000000000000000000000000000000000D3
:104DE00000000000000000000000000000000000C3
:104DF00000000000000000000000000000000000B3
:104E000000000000000000000000000000000000A2
:104E10000000000000000000000000000000000092
:104E20000000000000000000000000000000000082
:104E30000000000000000000000000000000000072
:104E40000000000000000000000000000000000062
:104E50000000000000000000000000000000000052
:104E60000000000000000000000000000000000042
:104E70000000000000000000000000000000000032
:104E80000000000000000000000000000000000022
:104E90000000000000000000000000000000000012
:104EA0000000000000000000000000000000000002
:104EB00000000000000000000000000000000000F2
:104EC00000000000000000000000000000000000E2
:104ED00000000000000000000000000000000000D2
:104EE00000000000000000000000000000000000C2
:104EF00000000000000000000000000000000000B2
:104F000000000000000000000000000000000000A1
:104F10000000000000000000000000000000000091
:104F20000000000000000000000000000000000081
:104F30000000000000000000000000000000000071
:104F40000000000000000000000000000000000061
:104F50000000000000000000000000000000000051
:104F60000000000000000000000000000000000041
:104F70000000000000000000000000000000000031
:104F80000000000000000000000000000000000021
:104F90000000000000000000000000000000000011
:104FA0000000000000000000000000000000000001
:104FB00000000000000000000000000000000000F1
:104FC00000000000000000000000000000000000E1
:104FD00000000000000000000000000000000000D1
:104FE00000000000000000000000000000000000C1
:104FF00000000000000000000000000000000000B1
:1050000000000000000000000000000000000000A0
:105010000000000000000000000000000000000090
:105020000000000000000000000000000000000080
:105030000000000000000000000000000000000070
:105040000000000000000000000000000000000060
:105050000000000000000000000000000000000050
:105060000000000000000000000000000000000040
:105070000000000000000000000000000000000030
:105080000000000000000000000000000000000020
:105090000000000000000000000000000000000010
:1050A0000000000000000000000000000000000000
:1050B00000000000000000000000000000000000F0
:1050C00000000000000000000000000000000000E0
:1050D00000000000000000000000000000000000D0
:1050E00000000000000000000000000000000000C0
:1050F00000000000000000000000000000000000B0
:10510000000000000000000000000000000000009F
:10511000000000000000000000000000000000008F
:10512000000000000000000000000000000000007F
:10513000000000000000000000000000000000006F
:10514000000000000000000000000000000000005F
:10515000000000000000000000000000000000004F
:10516000000000000000000000000000000000003F
:10517000000000000000000000000000000000002F
:10518000000000000000000000000000000000001F
:10519000000000000000000000000000000000000F
:1051A00000000000000000000000000000000000FF
:1051B00000000000000000000000000000000000EF
:1051C00000000000000000000000000000000000DF
:1051D00000000000000000000000000000000000CF
:1051E00000000000000000000000000000000000BF
:1051F00000000000000000000000000000000000AF
:10520000000000000000000000000000000000009E
:10521000000000000000000000000000000000008E
:10522000000000000000000000000000000000007E
:10523000000000000000000000000000000000006E
:10524000000000000000000000000000000000005E
:10525000000000000000000000000000000000004E
:10526000000000000000000000000000000000003E
:10527000000000000000000000000000000000002E
:10528000000000000000000000000000000000001E
:10529000000000000000000000000000000000000E
:1052A00000000000000000000000000000000000FE
:1052B00000000000000000000000000000000000EE
:1052C00000000000000000000000000000000000DE
:1052D00000000000000000000000000000000000CE
:1052E00000000000000000000000000000000000BE
:1052F00000000000000000000000000000000000AE
:10530000000000000000000000000000000000009D
:10531000000000000000000000000000000000008D
:10532000000000000000000000000000000000007D
:10533000000000000000000000000000000000006D
:10534000000000000000000000000000000000005D
:10535000000000000000000000000000000000004D
:10536000000000000000000000000000000000003D
:10537000000000000000000000000000000000002D
:10538000000000000000000000000000000000001D
:10539000000000000000000000000000000000000D
:1053A00000000000000000000000000000000000FD
:1053B00000000000000000000000000000000000ED
:1053C00000000000000000000000000000000000DD
:1053D00000000000000000000000000000000000CD
:1053E00000000000000000000000000000000000BD
:1053F00000000000000000000000000000000000AD
:10540000000000000000000000000000000000009C
:10541000000000000000000000000000000000008C
:10542000000000000000000000000000000000007C
:10543000000000000000000000000000000000006C
:10544000000000000000000000000000000000005C
:10545000000000000000000000000000000000004C
:10546000000000000000000000000000000000003C
:10547000000000000000000000000000000000002C
:10548000000000000000000000000000000000001C
:10549000000000000000000000000000000000000C
:1054A00000000000000000000000000000000000FC
:1054B00000000000000000000000000000000000EC
:1054C00000000000000000000000000000000000DC
:1054D00000000000000000000000000000000000CC
:1054E00000000000000000000000000000000000BC
:1054F00000000000000000000000000000000000AC
:10550000000000000000000000000000000000009B
:10551000000000000000000000000000000000008B
:10552000000000000000000000000000000000007B
:10553000000000000000000000000000000000006B
:10554000000000000000000000000000000000005B
:10555000000000000000000000000000000000004B
:10556000000000000000000000000000000000003B
:10557000000000000000000000000000000000002B
:10558000000000000000000000000000000000001B
:10559000000000000000000000000000000000000B
:1055A00000000000000000000000000000000000FB
:1055B00000000000000000000000000000000000EB
:1055C00000000000000000000000000000000000DB
:1055D00000000000000000000000000000000000CB
:1055E00000000000000000000000000000000000BB
:1055F00000000000000000000000000000000000AB
:10560000000000000000000000000000000000009A
:10561000000000000000000000000000000000008A
:10562000000000000000000000000000000000007A
:10563000000000000000000000000000000000006A
:105640000000000000000000000000006F1283BC9A
:105650006F1283BCA69B44BD6F1283BC6F1283BCC8
:10566000A69B44BD6F1283BC6F1283BC6F1203BD37
:105670000000000000000000000000006F1283BC6A
:105680006F1203BD6F12833C6F1283BC6F1283BC19
:105690006F1203BD6F1283BC000000006F1283BC49
:1056A0006F1283BC6F1283BC6F1203BD6F12033D78
:1056B0006F12033DA69B443D000000000000000067
:1056C00000000000000000000000000000000000DA
:1056D00000000000000000000000000000000000CA
:1056E00000000000000000000000000000000000BA
:1056F00000000000000000000000000000000000AA
:105700000000000000000000000000000000000099
:105710000000000000000000000000000000000089
:105720000000000000000000000000000000000079
:105730000000000000000000000000000000000069
:105740000000000000000000000000000000000059
:105750000000000000000000000000000000000049
:105760000000000000000000000000000000000039
:105770000000000000000000000000000000000029
:105780000000000000000000000000000000000019
:105790000000000000000000000000000000000009
:1057A00000000000000000000000000000000000F9
:1057B00000000000000000000000000000000000E9
:1057C00000000000000000000000000000000000D9
:1057D00000000000000000000000000000000000C9
:1057E00000000000000000000000000000000000B9
:1057F00000000000000000000000000000000000A9
:105800000000000000000000000000000000000098
:105810000000000000000000000000000000000088
:105820000000000000000000000000000000000078
:105830000000000000000000000000000000000068
:105840000000000000000000000000000000000058
:105850000000000000000000000000000000000048
:105860000000000000000000000000000000000038
:105870000000000000000000000000000000000028
:105880000000000000000000000000000000000018
:105890000000000000000000000000000000000008
:1058A00000000000000000000000000000000000F8
:1058B00000000000000000000000000000000000E8
:1058C00000000000000000000000000000000000D8
:1058D00000000000000000000000000000000000C8
:1058E00000000000000000000000000000000000B8
:1058F00000000000000000000000000000000000A8
:105900000000000000000000000000000000000097
:105910000000000000000000000000000000000087
:105920000000000000000000000000000000000077
:105930000000000000000000000000000000000067
:105940000000000000000000000000000000000057
:105950000000000000000000000000000000000047
:105960000000000000000000000000000000000037
:105970000000000000000000000000000000000027
:105980000000000000000000000000000000000017
:105990000000000000000000000000000000000007
:1059A00000000000000000000000000000000000F7
:1059B00000000000000000000000000000000000E7
:1059C00000000000000000000000000000000000D7
:1059D00000000000000000000000000000000000C7
:1059E00000000000000000000000000000000000B7
:1059F00000000000000000000000000000000000A7
:105A00000000000000000000000000000000000096
:105A10000000000000000000000000000000000086
:105A20000000000000000000000000000000000076
:105A30000000000000000000000000000000000066
:105A40000000000000000000000000000000000056
:105A50000000000000000000000000000000000046
:105A60000000000000000000000000000000000036
:105A70000000000000000000000000000000000026
:105A80000000000000000000000000000000000016
:105A90000000000000000000000000000000000006
:105AA00000000000000000000000000000000000F6
:105AB00000000000000000000000000000000000E6
:105AC00000000000000000000000000000000000D6
:105AD00000000000000000000000000000000000C6
:105AE00000000000000000000000000000000000B6
:105AF00000000000000000000000000000000000A6
:105B00000000000000000000000000000000000095
:105B10000000000000000000000000000000000085
:105B20000000000000000000000000000000000075
:105B30000000000000000000000000000000000065
:105B40000000000000000000000000000000000055
:105B50000000000000000000000000000000000045
:105B60000000000000000000000000000000000035
:105B70000000000000000000000000000000000025
:105B80000000000000000000000000000000000015
:105B90000000000000000000000000000000000005
:105BA00000000000000000000000000000000000F5
:105BB00000000000000000000000000000000000E5
:105BC00000000000000000000000000000000000D5
:105BD00000000000000000000000000000000000C5
:105BE00000000000000000000000000000000000B5
:105BF00000000000000000000000000000000000A5
:105C00000000000000000000000000000000000094
:105C10000000000000000000000000000000000084
:105C20000000000000000000000000000000000074
:105C30000000000000000000000000000000000064
:105C40000000000000000000000000000000000054
:105C50000000000000000000000000000000000044
:105C60000000000000000000000000000000000034
:105C70000000000000000000000000000000000024
:105C80000000000000000000000000000000000014
:105C90000000000000000000000000000000000004
:105CA00000000000000000000000000000000000F4
:105CB00000000000000000000000000000000000E4
:105CC00000000000000000000000000000000000D4
:105CD00000000000000000000000000000000000C4
:105CE00000000000000000000000000000000000B4
:105CF00000000000000000000000000000000000A4
:105D00000000000000000000000000000000000093
:105D10000000000000000000000000000000000083
:105D20000000000000000000000000000000000073
:105D30000000000000000000000000000000000063
:105D40000000000000000000000000000000000053
:105D50000000000000000000000000000000000043
:105D60000000000000000000000000000000000033
:105D70000000000000000000000000000000000023
:105D80000000000000000000000000000000000013
:105D90000000000000000000000000000000000003
:105DA00000000000000000000000000000000000F3
:105DB00000000000000000000000000000000000E3
:105DC00000000000000000000000000000000000D3
:105DD00000000000000000000000000000000000C3
:105DE00000000000000000000000000000000000B3
:105DF00000000000000000000000000000000000A3
:105E00000000000000000000000000000000000092
:105E10000000000000000000000000000000000082
:105E20000000000000000000000000000000000072
:105E30000000000000000000000000000000000062
:105E40000000000000000000000000000000000052
:105E50000000000000000000000000000000000042
:105E60000000000000000000000000000000000032
:105E70000000000000000000000000000000000022
:105E80000000000000000000000000000000000012
:105E90000000000000000000000000000000000002
:105EA00000000000000000000000000000000000F2
:105EB00000000000000000000000000000000000E2
:105EC00000000000000000000000000000000000D2
:105ED00000000000000000000000000000000000C2
:105EE00000000000000000000000000000000000B2
:105EF00000000000000000000000000000000000A2
:105F00000000000000000000000000000000000091
:105F10000000000000000000000000000000000081
:105F20000000000000000000000000000000000071
:105F30000000000000000000000000000000000061
:105F40000000000000000000000000000000000051
:105F5000000000006F1283BD000000000000000080
:105F60006F12833C6F1283BC6F12833C6F12833CB1
:105F70006F12833C6F1283BCA69BC4BD6F1283BC9F
:105F80000000000000000000A69B44BD6F1283BC0F
:105F90006F1283BCA69B443D00000000A69B443DBD
:105FA0006F1283BC6F12833C6F12033D0000000030
:105FB0006F1283BC6F12033D000000000000000060
:105FC00000000000000000000000000000000000D1
:105FD00000000000000000000000000000000000C1
:105FE00000000000000000000000000000000000B1
:105FF00000000000000000000000000000000000A1
:106000000000000000000000000000000000000090
:106010000000000000000000000000000000000080
:106020000000000000000000000000000000000070
:106030000000000000000000000000000000000060
:106040000000000000000000000000000000000050
:106050000000000000000000000000000000000040
:106060000000000000000000000000000000000030
:106070000000000000000000000000000000000020
:106080000000000000000000000000000000000010
:106090000000000000000000000000000000000000
:1060A00000000000000000000000000000000000F0
:1060B00000000000000000000000000000000000E0
:1060C00000000000000000000000000000000000D0
:1060D00000000000000000000000000000000000C0
:1060E00000000000000000000000000000000000B0
:1060F00000000000000000000000000000000000A0
:10610000000000000000000000000000A69B44BD4D
:106110000000000000000000A69B44BD000000003D
:106120006F12833C000000006F12833C00000000EF
:10613000000000006F1283BCA69B44BD6F1283BC9D
:10614000A69B44BD0000000000000000A69B443D4B
:106150006F1283BC00000000000000006F1283BCBF
:106160006F1283BCA69B44BD000000006F12833CED
:106170006F1283BC0000000000000000000000005F
:10618000000000000000000000000000000000000F
:1061900000000000000000000000000000000000FF
:1061A00000000000000000000000000000000000EF
:1061B00000000000000000000000000000000000DF
:1061C00000000000000000000000000000000000CF
:1061D00000000000000000000000000000000000BF
:1061E00000000000000000000000000000000000AF
:1061F000000000000000000000000000000000009F
:10620000000000000000000000000000000000008E
:10621000000000000000000000000000000000007E
:10622000000000000000000000000000000000006E
:10623000000000000000000000000000000000005E
:10624000000000000000000000000000000000004E
:10625000000000000000000000000000000000003E
:10626000000000000000000000000000000000002E
:10627000000000000000000000000000000000001E
:10628000000000000000000000000000000000000E
:1062900000000000000000000000000000000000FE
:1062A00000000000000000000000000000000000EE
:1062B00000000000000000000000000000000000DE
:1062C00000000000000000000000000000000000CE
:1062D00000000000000000000000000000000000BE
:1062E00000000000000000000000000000000000AE
:1062F000000000000000000000000000000000009E
:10630000000000000000000000000000000000008D
:10631000000000000000000000000000000000007D
:10632000000000000000000000000000000000006D
:10633000000000000000000000000000000000005D
:10634000000000000000000000000000000000004D
:10635000000000000000000000000000000000003D
:10636000000000000000000000000000000000002D
:10637000000000000000000000000000000000001D
:10638000000000000000000000000000000000000D
:1063900000000000000000000000000000000000FD
:1063A00000000000000000000000000000000000ED
:1063B00000000000000000000000000000000000DD
:1063C00000000000000000000000000000000000CD
:1063D00000000000000000000000000000000000BD
:1063E00000000000000000000000000000000000AD
:1063F0006F12833C00000000A69B443D6F12833C5B
:1064000000000000A69B443D0000000000000000CA
:1064100000000000000000006F12833C6F12033D7B
:1064200000000000000000006F1283BC00000000AC
:106430006F12833C000000006F1283BC6F1283BC9C
:106440006F1283BD6F1283BC6F1283BC6F1283BC4B
:10645000000000006F1283BC6F1283BC00000000BC
:10646000000000000000000000000000000000002C
:10647000000000000000000000000000000000001C
:10648000000000000000000000000000000000000C
:1064900000000000000000000000000000000000FC
:1064A00000000000000000000000000000000000EC
:1064B0000000000000000000A69B44BD6F1283BCDA
:1064C0006F1283BC6F1283BC000000006F1283BC8C
:1064D0006F12833C6F1283BC6F1203BD6F12033DBA
:1064E0006F1283BC6F1283BC00000000000000002C
:1064F000000000006F12833C00000000000000005C
:106500006F1203BD0000000000000000A69B44BD08
:106510006F1283BC6F12833C6F12033D00000000BA
:10652000000000000000000000000000000000006B
:10653000000000000000000000000000000000005B
:10654000000000000000000000000000000000004B
:10655000000000000000000000000000000000003B
:10656000000000000000000000000000000000002B
:10657000000000000000000000000000000000001B
:10658000000000000000000000000000000000000B
:1065900000000000000000000000000000000000FB
:1065A00000000000000000000000000000000000EB
:1065B00000000000000000000000000000000000DB
:1065C00000000000000000000000000000000000CB
:1065D00000000000000000000000000000000000BB
:1065E00000000000000000000000000000000000AB
:1065F000000000000000000000000000000000009B
:10660000000000000000000000000000000000008A
:10661000000000000000000000000000000000007A
:10662000000000000000000000000000000000006A
:10663000000000000000000000000000000000005A
:10664000000000000000000000000000000000004A
:10665000000000000000000000000000000000003A
:10666000000000000000000000000000000000002A
:10667000000000000000000000000000000000001A
:10668000000000000000000000000000000000000A
:1066900000000000000000000000000000000000FA
:1066A00000000000000000000000000000000000EA
:1066B00000000000000000000000000000000000DA
:1066C00000000000000000000000000000000000CA
:1066D00000000000000000000000000000000000BA
:1066E00000000000000000000000000000000000AA
:1066F000000000000000000000000000000000009A
:106700000000000000000000000000000000000089
:106710000000000000000000000000000000000079
:106720000000000000000000000000000000000069
:106730000000000000000000000000000000000059
:106740000000000000000000000000000000000049
:106750000000000000000000000000000000000039
:106760000000000000000000000000000000000029
:106770000000000000000000000000000000000019
:106780000000000000000000000000000000000009
:1067900000000000000000000000000000000000F9
:1067A00000000000000000000000000000000000E9
:1067B00000000000000000000000000000000000D9
:1067C00000000000000000000000000000000000C9
:1067D00000000000000000000000000000000000B9
:1067E00000000000000000000000000000000000A9
:1067F0000000000000000000000000000000000099
:106800000000000000000000000000000000000088
:106810000000000000000000000000000000000078
:106820000000000000000000000000000000000068
:106830000000000000000000000000000000000058
:106840000000000000000000000000000000000048
:106850000000000000000000000000000000000038
:106860000000000000000000000000000000000028
:106870000000000000000000000000000000000018
:106880000000000000000000000000000000000008
:1068900000000000000000000000000000000000F8
:1068A00000000000000000000000000000000000E8
:1068B00000000000000000000000000000000000D8
:1068C00000000000000000000000000000000000C8
:1068D00000000000000000000000000000000000B8
:1068E00000000000000000000000000000000000A8
:1068F0000000000000000000000000000000000098
:106900000000000000000000000000000000000087
:106910000000000000000000000000000000000077
:106920000000000000000000000000000000000067
:106930000000000000000000000000000000000057
:106940000000000000000000000000000000000047
:106950000000000000000000000000000000000037
:106960000000000000000000000000000000000027
:106970000000000000000000000000000000000017
:106980000000000000000000000000000000000007
:1069900000000000000000000000000000000000F7
:1069A00000000000000000000000000000000000E7
:1069B00000000000000000000000000000000000D7
:1069C00000000000000000000000000000000000C7
:1069D00000000000000000000000000000000000B7
:1069E00000000000000000000000000000000000A7
:1069F0000000000000000000000000000000000097
:106A00000000000000000000000000000000000086
:106A10000000000000000000000000000000000076
:106A20000000000000000000000000000000000066
:106A30000000000000000000000000000000000056
:106A40000000000000000000000000000000000046
:106A50000000000000000000000000000000000036
:106A60000000000000000000000000000000000026
:106A70000000000000000000000000000000000016
:106A80000000000000000000000000000000000006
:106A900000000000000000000000000000000000F6
:106AA00000000000000000000000000000000000E6
:106AB00000000000000000000000000000000000D6
:106AC00000000000000000000000000000000000C6
:106AD00000000000000000000000000000000000B6
:106AE00000000000000000000000000000000000A6
:106AF0000000000000000000000000000000000096
:106B00000000000000000000000000000000000085
:106B10000000000000000000000000000000000075
:106B20000000000000000000000000000000000065
:106B30000000000000000000000000000000000055
:106B40000000000000000000000000000000000045
:106B50000000000000000000000000000000000035
:106B60000000000000000000000000000000000025
:106B70000000000000000000000000000000000015
:106B80000000000000000000000000000000000005
:106B900000000000000000000000000000000000F5
:106BA00000000000000000000000000000000000E5
:106BB00000000000000000000000000000000000D5
:106BC00000000000000000000000000000000000C5
:106BD00000000000000000000000000000000000B5
:106BE00000000000000000000000000000000000A5
:106BF0000000000000000000000000000000000095
:106C00000000000000000000000000000000000084
:106C10000000000000000000000000000000000074
:106C20000000000000000000000000000000000064
:106C30000000000000000000000000000000000054
:106C40000000000000000000000000000000000044
:106C50000000000000000000000000000000000034
:106C60000000000000000000000000000000000024
:106C70000000000000000000000000000000000014
:106C80000000000000000000000000000000000004
:106C900000000000000000000000000000000000F4
:106CA00000000000000000000000000000000000E4
:106CB00000000000000000000000000000000000D4
:106CC00000000000000000000000000000000000C4
:106CD00000000000000000000000000000000000B4
:106CE00000000000000000000000000000000000A4
:106CF0000000000000000000000000000000000094
:106D00000000000000000000000000000000000083
:106D10000000000000000000000000000000000073
:106D20000000000000000000000000000000000063
:106D30000000000000000000000000000000000053
:106D40000000000000000000000000000000000043
:106D50000000000000000000000000000000000033
:106D60000000000000000000000000000000000023
:106D70000000000000000000000000000000000013
:106D80000000000000000000000000000000000003
:106D900000000000000000000000000000000000F3
:106DA00000000000000000000000000000000000E3
:106DB00000000000000000000000000000000000D3
:106DC00000000000000000000000000000000000C3
:106DD00000000000000000000000000000000000B3
:106DE00000000000000000000000000000000000A3
:106DF0000000000000000000000000000000000093
:106E00000000000000000000000000000000000082
:106E10000000000000000000000000000000000072
:106E20000000000000000000000000000000000062
:106E30000000000000000000000000000000000052
:106E40000000000000000000000000000000000042
:106E50000000000000000000000000000000000032
:106E60000000000000000000000000000000000022
:106E70000000000000000000000000000000000012
:106E80000000000000000000000000000000000002
:106E900000000000000000000000000000000000F2
:106EA00000000000000000000000000000000000E2
:106EB00000000000000000000000000000000000D2
:106EC00000000000000000000000000000000000C2
:106ED00000000000000000000000000000000000B2
:106EE00000000000000000000000000000000000A2
:106EF0000000000000000000000000000000000092
:106F00000000000000000000000000000000000081
:106F10000000000000000000000000000000000071
:106F20000000000000000000000000000000000061
:106F30000000000000000000000000000000000051
:106F40000000000000000000000000000000000041
:106F50000000000000000000000000000000000031
:106F60000000000000000000000000000000000021
:106F70000000000000000000000000000000000011
:106F80000000000000000000000000000000000001
:106F900000000000000000000000000000000000F1
:106FA00000000000000000000000000000000000E1
:106FB00000000000000000000000000000000000D1
:106FC00000000000000000000000000000000000C1
:106FD00000000000000000000000000000000000B1
:106FE00000000000000000000000000000000000A1
:106FF0000000000000000000000000000000000091
:1070000000000000A69B44BD00000000000000003E
:10701000A69B44BD000000006F1283BC6F1283BCAE
:1070200000000000000000006F12033D6F1283BCDF
:107030006F1283BC6F12833C6F1203BD6F1203BDCE
:10704000A69B44BD00000000000000006F12833CBE
:107050006F1283BC000000006F1283BC6F1283BCF0
:107060006F1283BC6F1203BD00000000000000001F
:107070000000000000000000000000000000000010
:107080000000000000000000000000000000000000
:1070900000000000000000000000000000000000F0
:1070A00000000000000000000000000000000000E0
:1070B00000000000000000000000000000000000D0
:1070C00000000000000000000000000000000000C0
:1070D00000000000000000000000000000000000B0
:1070E00000000000000000000000000000000000A0
:1070F0000000000000000000000000000000000090
:10710000000000000000000000000000000000007F
:10711000000000000000000000000000000000006F
:10712000000000000000000000000000000000005F
:10713000000000000000000000000000000000004F
:10714000000000000000000000000000000000003F
:10715000000000000000000000000000000000002F
:10716000000000000000000000000000000000001F
:10717000000000000000000000000000000000000F
:1071800000000000000000006F1283BC6F1203BDFE
:10719000A69B44BD6F1283BC6F1203BDA69B44BD6A
:1071A00000000000000000006F1203BD6F1203BD5D
:1071B0006F1203BD6F12833C000000006F1283BC8E
:1071C00000000000000000006F1283BC6F1203BDBE
:1071D0006F12833C6F12833C6F12833C6F1283BC2F
:1071E0006F1283BC000000006F1203BDA69B44BD5C
:1071F000A69B44BD0000000000000000000000004D
:10720000000000000000000000000000000000007E
:10721000000000000000000000000000000000006E
:10722000000000000000000000000000000000005E
:10723000000000000000000000000000000000004E
:10724000000000000000000000000000000000003E
:10725000000000006F1283BC00000000A69B443DAC
:107260006F1283BC6F1283BC6F12833C6F1283BC9E
:107270006F12033D6F12833C000000006F1283BC4D
:107280006F1283BC6F1283BC6F1283BC6F1283BCFE
:107290006F12833C6F12833C6F1203BD000000002D
:1072A0006F1283BC6F1203BD6F1203BD6F1283BCDC
:1072B0006F1203BD000000006F1283BC6F12833C8D
:1072C00000000000000000000000000000000000BE
:1072D00000000000000000000000000000000000AE
:1072E0000000000000000000A69B44BDA69B44BD1A
:1072F0006F1203BDA69B443D6F1283BD00000000CA
:10730000000000006F12033D000000006F1283BCFC
:107310006F12033D6F1283BC6F1283BCA69BC4BD6A
:107320006F1203BDA69B443D6F12033EA69B44BD56
:107330006F1203BDA69B44BE6F12833C6F1283BCC9
:10734000A69B443D0AD7A3BD00000000000000003A
:10735000000000000000000000000000000000002D
:10736000000000000000000000000000000000001D
:10737000000000000000000000000000000000000D
:1073800000000000000000000000000000000000FD
:1073900000000000000000000000000000000000ED
:1073A00000000000000000000000000000000000DD
:1073B00000000000000000000000000000000000CD
:1073C00000000000000000000000000000000000BD
:1073D00000000000000000000000000000000000AD
:1073E000000000000000000000000000000000009D
:1073F000000000000000000000000000000000008D
:10740000000000000000000000000000000000007C
:10741000000000000000000000000000000000006C
:10742000000000000000000000000000000000005C
:10743000000000000000000000000000000000004C
:10744000000000000000000000000000000000003C
:10745000000000000000000000000000000000002C
:10746000000000000000000000000000000000001C
:10747000000000000000000000000000000000000C
:1074800000000000000000000000000000000000FC
:1074900000000000000000000000000000000000EC
:1074A00000000000000000000000000000000000DC
:1074B00000000000000000000000000000000000CC
:1074C00000000000000000000000000000000000BC
:1074D00000000000000000000000000000000000AC
:1074E000000000000000000000000000000000009C
:1074F000000000000000000000000000000000008C
:10750000000000000000000000000000000000007B
:10751000000000000000000000000000000000006B
:10752000000000000000000000000000000000005B
:10753000000000000000000000000000000000004B
:10754000000000000000000000000000000000003B
:10755000000000000000000000000000000000002B
:10756000000000000000000000000000000000001B
:10757000000000000000000000000000000000000B
:1075800000000000000000000000000000000000FB
:1075900000000000000000000000000000000000EB
:1075A00000000000000000000000000000000000DB
:1075B00000000000000000000000000000000000CB
:1075C00000000000000000000000000000000000BB
:1075D00000000000000000000000000000000000AB
:1075E000000000000000000000000000000000009B
:1075F0000000000000000000000000006F12833C4B
:107600006F1283BCA69B443D6F12833C6F1283BCF8
:10761000A69B443D000000006F1203BD6F12833C27
:107620006F1283BC000000006F1203BD0000000059
:10763000000000006F12033D6F1283BC6F12833C89
:107640006F12833C0000000000000000A69B44BDB8
:1076500000000000000000006F1203BD00000000E9
:107660006F12833C6F1283BC00000000000000001A
:10767000000000000000000000000000000000000A
:1076800000000000000000000000000000000000FA
:1076900000000000000000000000000000000000EA
:1076A00000000000000000000000000000000000DA
:1076B00000000000000000000000000000000000CA
:1076C00000000000000000000000000000000000BA
:1076D00000000000000000000000000000000000AA
:1076E000000000000000000000000000000000009A
:1076F000000000000000000000000000000000008A
:107700000000000000000000000000000000000079
:107710000000000000000000000000000000000069
:107720000000000000000000000000000000000059
:107730000000000000000000000000000000000049
:107740000000000000000000000000000000000039
:107750000000000000000000000000000000000029
:107760000000000000000000000000000000000019
:107770000000000000000000000000000000000009
:1077800000000000000000000000000000000000F9
:1077900000000000000000000000000000000000E9
:1077A00000000000000000000000000000000000D9
:1077B00000000000000000000000000000000000C9
:1077C00000000000000000000000000000000000B9
:1077D00000000000000000000000000000000000A9
:1077E0000000000000000000000000000000000099
:1077F0000000000000000000000000000000000089
:107800000000000000000000000000000000000078
:107810000000000000000000000000000000000068
:107820000000000000000000000000000000000058
:107830000000000000000000000000000000000048
:107840000000000000000000000000000000000038
:107850000000000000000000000000000000000028
:107860000000000000000000000000000000000018
:107870000000000000000000000000000000000008
:1078800000000000000000000000000000000000F8
:1078900000000000000000000000000000000000E8
:1078A00000000000000000000000000000000000D8
:1078B00000000000000000000000000000000000C8
:1078C00000000000000000000000000000000000B8
:1078D00000000000000000000000000000000000A8
:1078E0000000000000000000000000000000000098
:1078F0000000000000000000000000000000000088
:107900000000000000000000000000000000000077
:107910000000000000000000000000000000000067
:107920000000000000000000000000000000000057
:107930000000000000000000000000000000000047
:107940000000000000000000000000000000000037
:107950000000000000000000000000000000000027
:107960000000000000000000000000000000000017
:107970000000000000000000000000000000000007
:1079800000000000000000000000000000000000F7
:1079900000000000000000000000000000000000E7
:1079A00000000000000000000000000000000000D7
:1079B00000000000000000000000000000000000C7
:1079C00000000000000000000000000000000000B7
:1079D00000000000000000000000000000000000A7
:1079E0000000000000000000000000000000000097
:1079F0000000000000000000000000000000000087
:107A00000000000000000000000000000000000076
:107A10000000000000000000000000000000000066
:107A20000000000000000000000000000000000056
:107A30000000000000000000000000000000000046
:107A40000000000000000000000000000000000036
:107A50000000000000000000000000000000000026
:107A60000000000000000000000000000000000016
:107A70000000000000000000000000000000000006
:107A800000000000000000000000000000000000F6
:107A900000000000000000000000000000000000E6
:107AA00000000000000000000000000000000000D6
:107AB00000000000000000000000000000000000C6
:107AC00000000000000000000000000000000000B6
:107AD00000000000000000000000000000000000A6
:107AE0000000000000000000000000000000000096
:107AF0000000000000000000000000000000000086
:107B00000000000000000000000000000000000075
:107B10000000000000000000000000000000000065
:107B20000000000000000000000000000000000055
:107B30000000000000000000000000000000000045
:107B40000000000000000000000000000000000035
:107B50000000000000000000000000000000000025
:107B60000000000000000000000000000000000015
:107B70000000000000000000000000000000000005
:107B800000000000000000000000000000000000F5
:107B900000000000000000000000000000000000E5
:107BA00000000000000000000000000000000000D5
:107BB00000000000000000000000000000000000C5
:107BC00000000000000000000000000000000000B5
:107BD00000000000000000000000000000000000A5
:107BE000000000000000000000000000A69B44BD53
:107BF0000000000000000000A69B44BD6F1283BC83
:107C0000000000006F1203BD6F12833C6F1283BC33
:107C10006F12033D000000006F1283BC6F12033D22
:107C2000000000006F1203BD6F1283BD0000000052
:107C300000000000000000006F1283BC0000000084
:107C40006F1283BC000000006F1283BC6F1283BCF4
:107C50000000000000000000000000000000000024
:107C60000000000000000000000000000000000014
:107C70000000000000000000000000000000000004
:107C800000000000000000000000000000000000F4
:107C900000000000000000000000000000000000E4
:107CA00000000000000000000000000000000000D4
:107CB00000000000000000000000000000000000C4
:107CC00000000000000000000000000000000000B4
:107CD00000000000000000000000000000000000A4
:107CE0000000000000000000000000000000000094
:107CF0000000000000000000000000000000000084
:107D00000000000000000000000000000000000073
:107D10000000000000000000000000000000000063
:107D20000000000000000000000000000000000053
:107D30000000000000000000000000000000000043
:107D40000000000000000000000000000000000033
:107D50000000000000000000000000000000000023
:107D60000000000000000000000000000000000013
:107D70000000000000000000000000000000000003
:107D800000000000000000000000000000000000F3
:107D900000000000000000000000000000000000E3
:107DA00000000000000000000000000000000000D3
:107DB00000000000000000000000000000000000C3
:107DC00000000000000000000000000000000000B3
:107DD00000000000000000000000000000000000A3
:107DE0000000000000000000000000000000000093
:107DF0000000000000000000000000000000000083
:107E00000000000000000000000000000000000072
:107E10000000000000000000000000000000000062
:107E20000000000000000000000000000000000052
:107E30000000000000000000000000000000000042
:107E40000000000000000000000000000000000032
:107E50000000000000000000000000000000000022
:107E60000000000000000000000000000000000012
:107E70000000000000000000000000000000000002
:107E800000000000000000000000000000000000F2
:107E900000000000000000000000000000000000E2
:107EA00000000000000000000000000000000000D2
:107EB000000000006F1283BC6F1283BCA69B44BD00
:107EC0006F1283BC6F1283BCA69B44BD00000000F0
:107ED000000000006F1283BC0000000000000000E2
:107EE0006F12833C000000006F1283BC6F1283BCD2
:107EF000000000006F12833C000000006F1283BC82
:107F00006F1203BD6F12833C6F1283BC0000000030
:107F10006F1283BC6F1283BC6F1203BD6F1283BDDF
:107F20000000000000000000000000000000000051
:107F30000000000000000000000000000000000041
:107F40000000000000000000000000000000000031
:107F50000000000000000000000000000000000021
:107F60000000000000000000000000000000000011
:107F70000000000000000000000000000000000001
:107F800000000000000000000000000000000000F1
:107F900000000000000000000000000000000000E1
:107FA00000000000000000000000000000000000D1
:107FB00000000000000000000000000000000000C1
:107FC00000000000000000000000000000000000B1
:107FD00000000000000000000000000000000000A1
:107FE0000000000000000000000000000000000091
:107FF0000000000000000000000000000000000081
:108000000000000000000000000000000000000070
:108010000000000000000000000000000000000060
:108020000000000000000000000000000000000050
:108030000000000000000000000000000000000040
:108040000000000000000000000000000000000030
:108050000000000000000000000000000000000020
:108060000000000000000000000000000000000010
:108070000000000000000000000000000000000000
:1080800000000000000000000000000000000000F0
:1080900000000000000000000000000000000000E0
:1080A00000000000000000000000000000000000D0
:1080B00000000000000000000000000000000000C0
:1080C00000000000000000000000000000000000B0
:1080D00000000000000000000000000000000000A0
:1080E0000000000000000000000000000000000090
:1080F0000000000000000000000000000000000080
:10810000000000000000000000000000000000006F
:10811000000000000000000000000000000000005F
:10812000000000000000000000000000000000004F
:10813000000000000000000000000000000000003F
:10814000000000000000000000000000000000002F
:10815000000000000000000000000000000000001F
:10816000000000000000000000000000000000000F
:1081700000000000000000000000000000000000FF
:1081800000000000000000000000000000000000EF
:1081900000000000000000000000000000000000DF
:1081A00000000000000000000000000000000000CF
:1081B00000000000000000000000000000000000BF
:1081C00000000000000000000000000000000000AF
:1081D000000000000000000000000000000000009F
:1081E000000000000000000000000000000000008F
:1081F000000000000000000000000000000000007F
:10820000000000000000000000000000000000006E
:10821000000000000000000000000000000000005E
:10822000000000000000000000000000000000004E
:10823000000000000000000000000000000000003E
:10824000000000000000000000000000000000002E
:10825000000000000000000000000000000000001E
:10826000000000000000000000000000000000000E
:1082700000000000000000000000000000000000FE
:1082800000000000000000000000000000000000EE
:1082900000000000000000000000000000000000DE
:1082A00000000000000000000000000000000000CE
:1082B00000000000000000000000000000000000BE
:1082C00000000000000000000000000000000000AE
:1082D000000000000000000000000000000000009E
:1082E000000000000000000000000000000000008E
:1082F000000000000000000000000000000000007E
:10830000000000000000000000000000000000006D
:10831000000000000000000000000000000000005D
:10832000000000000000000000000000000000004D
:10833000000000000000000000000000000000003D
:10834000000000000000000000000000000000002D
:10835000000000000000000000000000000000001D
:10836000000000000000000000000000000000000D
:1083700000000000000000000000000000000000FD
:1083800000000000000000000000000000000000ED
:1083900000000000000000000000000000000000DD
:1083A00000000000000000000000000000000000CD
:1083B00000000000000000000000000000000000BD
:1083C00000000000000000000000000000000000AD
:1083D000000000000000000000000000000000009D
:1083E000000000000000000000000000000000008D
:1083F000000000000000000000000000000000007D
:10840000000000000000000000000000000000006C
:10841000000000000000000000000000000000005C
:10842000000000000000000000000000000000004C
:10843000000000000000000000000000000000003C
:10844000000000000000000000000000000000002C
:10845000000000000000000000000000000000001C
:10846000000000000000000000000000000000000C
:1084700000000000000000000000000000000000FC
:1084800000000000000000000000000000000000EC
:1084900000000000000000000000000000000000DC
:1084A00000000000000000000000000000000000CC
:1084B00000000000000000000000000000000000BC
:1084C00000000000000000000000000000000000AC
:1084D000000000000000000000000000000000009C
:1084E000000000000000000000000000000000008C
:1084F000000000000000000000000000000000007C
:10850000000000000000000000000000000000006B
:10851000000000000000000000000000000000005B
:10852000000000000000000000000000000000004B
:10853000000000000000000000000000000000003B
:10854000000000000000000000000000000000002B
:10855000000000000000000000000000000000001B
:10856000000000000000000000000000000000000B
:1085700000000000000000000000000000000000FB
:1085800000000000000000000000000000000000EB
:1085900000000000000000000000000000000000DB
:1085A00000000000000000000000000000000000CB
:1085B00000000000000000000000000000000000BB
:1085C00000000000000000000000000000000000AB
:1085D000000000000000000000000000000000009B
:1085E000000000000000000000000000000000008B
:1085F000000000000000000000000000000000007B
:10860000000000000000000000000000000000006A
:10861000000000000000000000000000000000005A
:10862000000000000000000000000000000000004A
:10863000000000000000000000000000000000003A
:10864000000000000000000000000000000000002A
:10865000000000000000000000000000000000001A
:10866000000000000000000000000000000000000A
:1086700000000000000000000000000000000000FA
:1086800000000000000000000000000000000000EA
:1086900000000000000000000000000000000000DA
:1086A00000000000000000000000000000000000CA
:1086B00000000000000000000000000000000000BA
:1086C00000000000000000000000000000000000AA
:1086D000000000000000000000000000000000009A
:1086E000000000000000000000000000000000008A
:1086F000000000000000000000000000000000007A
:108700000000000000000000000000000000000069
:108710000000000000000000000000000000000059
:108720000000000000000000000000000000000049
:108730000000000000000000000000000000000039
:108740000000000000000000000000000000000029
:108750000000000000000000000000000000000019
:108760000000000000000000000000000000000009
:1087700000000000000000000000000000000000F9
:1087800000000000000000000000000000000000E9
:1087900000000000000000000000000000000000D9
:1087A00000000000000000000000000000000000C9
:1087B00000000000000000000000000000000000B9
:1087C00000000000000000000000000000000000A9
:1087D0000000000000000000000000000000000099
:1087E0000000000000000000000000000000000089
:1087F0000000000000000000000000000000000079
:108800000000000000000000000000000000000068
:108810000000000000000000000000000000000058
:108820000000000000000000000000000000000048
:108830000000000000000000000000000000000038
:108840000000000000000000000000000000000028
:108850000000000000000000000000000000000018
:108860000000000000000000000000000000000008
:1088700000000000000000000000000000000000F8
:1088800000000000000000000000000000000000E8
:1088900000000000000000000000000000000000D8
:1088A00000000000000000000000000000000000C8
:1088B00000000000000000000000000000000000B8
:1088C00000000000000000000000000000000000A8
:1088D0000000000000000000000000000000000098
:1088E0000000000000000000000000000000000088
:1088F0000000000000000000000000000000000078
:108900000000000000000000000000000000000067
:108910000000000000000000000000000000000057
:108920000000000000000000000000000000000047
:108930000000000000000000000000000000000037
:108940000000000000000000000000000000000027
:108950000000000000000000000000000000000017
:108960000000000000000000000000000000000007
:1089700000000000000000000000000000000000F7
:1089800000000000000000000000000000000000E7
:1089900000000000000000000000000000000000D7
:1089A00000000000000000000000000000000000C7
:1089B00000000000000000000000000000000000B7
:1089C00000000000000000000000000000000000A7
:1089D0000000000000000000000000000000000097
:1089E0000000000000000000000000000000000087
:1089F0000000000000000000000000000000000077
:108A00000000000000000000000000000000000066
:108A10000000000000000000000000000000000056
:108A20000000000000000000000000000000000046
:108A30000000000000000000000000000000000036
:108A40000000000000000000000000000000000026
:108A50000000000000000000000000000000000016
:108A60000000000000000000000000000000000006
:108A700000000000000000000000000000000000F6
:108A800000000000000000000000000000000000E6
:108A900000000000000000000000000000000000D6
:108AA00000000000000000000000000000000000C6
:108AB00000000000000000000000000000000000B6
:108AC00000000000000000000000000000000000A6
:108AD0000000000000000000000000000000000096
:108AE0000000000000000000000000000000000086
:108AF0000000000000000000000000000000000076
:108B00000000000000000000000000000000000065
:108B10000000000000000000000000000000000055
:108B20000000000000000000000000000000000045
:108B30000000000000000000000000000000000035
:108B40000000000000000000000000000000000025
:108B50000000000000000000000000000000000015
:108B60000000000000000000000000000000000005
:108B700000000000000000000000000000000000F5
:108B800000000000000000000000000000000000E5
:108B900000000000000000000000000000000000D5
:108BA00000000000000000000000000000000000C5
:108BB00000000000000000000000000000000000B5
:108BC00000000000000000000000000000000000A5
:108BD0000000000000000000000000000000000095
:108BE0000000000000000000000000000000000085
:108BF0000000000000000000000000000000000075
:108C00000000000000000000000000000000000064
:108C10000000000000000000000000000000000054
:108C20000000000000000000000000000000000044
:108C30000000000000000000000000000000000034
:108C40000000000000000000000000000000000024
:108C50000000000000000000000000000000000014
:108C60000000000000000000000000000000000004
:108C700000000000000000000000000000000000F4
:108C800000000000000000000000000000000000E4
:108C900000000000000000000000000000000000D4
:108CA00000000000000000000000000000000000C4
:108CB00000000000000000000000000000000000B4
:108CC00000000000000000000000000000000000A4
:108CD0000000000000000000000000000000000094
:108CE0000000000000000000000000000000000084
:108CF0000000000000000000000000000000000074
:108D00000000000000000000000000000000000063
:108D10000000000000000000000000000000000053
:108D20000000000000000000000000000000000043
:108D30000000000000000000000000000000000033
:108D40000000000000000000000000000000000023
:108D50000000000000000000000000000000000013
:108D60000000000000000000000000000000000003
:108D700000000000000000000000000000000000F3
:108D800000000000000000000000000000000000E3
:108D900000000000000000000000000000000000D3
:108DA00000000000000000000000000000000000C3
:108DB00000000000000000000000000000000000B3
:108DC00000000000000000000000000000000000A3
:108DD0000000000000000000000000000000000093
:108DE0000000000000000000000000000000000083
:108DF0000000000000000000000000000000000073
:108E00000000000000000000000000000000000062
:108E10000000000000000000000000000000000052
:108E20000000000000000000000000000000000042
:108E30000000000000000000000000000000000032
:108E40000000000000000000000000000000000022
:108E50000000000000000000000000000000000012
:108E60000000000000000000000000000000000002
:108E700000000000000000000000000000000000F2
:108E800000000000000000000000000000000000E2
:108E900000000000000000000000000000000000D2
:108EA00000000000000000000000000000000000C2
:108EB00000000000000000000000000000000000B2
:108EC00000000000000000000000000000000000A2
:108ED0000000000000000000000000000000000092
:108EE0000000000000000000000000000000000082
:108EF0000000000000000000000000000000000072
:108F00000000000000000000000000000000000061
:108F10000000000000000000000000000000000051
:108F20000000000000000000000000000000000041
:108F30000000000000000000000000000000000031
:108F40000000000000000000000000000000000021
:108F50000000000000000000000000000000000011
:108F60000000000000000000000000000000000001
:108F700000000000000000000000000000000000F1
:108F800000000000000000000000000000000000E1
:108F900000000000000000000000000000000000D1
:108FA00000000000000000000000000000000000C1
:108FB00000000000000000000000000000000000B1
:108FC00000000000000000000000000000000000A1
:108FD0000000000000000000000000000000000091
:108FE0000000000000000000000000000000000081
:108FF0000000000000000000000000000000000071
:109000000000000000000000000000000000000060
:109010000000000000000000000000000000000050
:109020000000000000000000000000000000000040
:109030000000000000000000000000000000000030
:109040000000000000000000000000000000000020
:109050000000000000000000000000000000000010
:109060000000000000000000000000000000000000
:1090700000000000000000000000000000000000F0
:1090800000000000000000000000000000000000E0
:1090900000000000000000000000000000000000D0
:1090A00000000000000000000000000000000000C0
:1090B00000000000000000000000000000000000B0
:1090C00000000000000000000000000000000000A0
:1090D0000000000000000000000000000000000090
:1090E0000000000000000000000000000000000080
:1090F0000000000000000000000000000000000070
:10910000000000000000000000000000000000005F
:10911000000000000000000000000000000000004F
:10912000000000000000000000000000000000003F
:10913000000000000000000000000000000000002F
:10914000000000000000000000000000000000001F
:10915000000000000000000000000000000000000F
:1091600000000000000000000000000000000000FF
:1091700000000000000000000000000000000000EF
:1091800000000000000000000000000000000000DF
:1091900000000000000000000000000000000000CF
:1091A00000000000000000000000000000000000BF
:1091B00000000000000000000000000000000000AF
:1091C000000000000000000000000000000000009F
:1091D000000000000000000000000000000000008F
:1091E000000000000000000000000000000000007F
:1091F000000000000000000000000000000000006F
:10920000000000000000000000000000000000005E
:10921000000000000000000000000000000000004E
:10922000000000000000000000000000000000003E
:10923000000000000000000000000000000000002E
:10924000000000000000000000000000000000001E
:10925000000000000000000000000000000000000E
:1092600000000000000000000000000000000000FE
:1092700000000000000000000000000000000000EE
:1092800000000000000000000000000000000000DE
:1092900000000000000000000000000000000000CE
:1092A00000000000000000000000000000000000BE
:1092B00000000000000000000000000000000000AE
:1092C000000000000000000000000000000000009E
:1092D000000000000000000000000000000000008E
:1092E000000000000000000000000000000000007E
:1092F000000000000000000000000000000000006E
:10930000000000000000000000000000000000005D
:10931000000000000000000000000000000000004D
:10932000000000000000000000000000000000003D
:10933000000000000000000000000000000000002D
:10934000000000000000000000000000000000001D
:10935000000000000000000000000000000000000D
:1093600000000000000000000000000000000000FD
:1093700000000000000000000000000000000000ED
:1093800000000000000000000000000000000000DD
:1093900000000000000000000000000000000000CD
:1093A00000000000000000000000000000000000BD
:1093B00000000000000000000000000000000000AD
:1093C000000000000000000000000000000000009D
:1093D000000000000000000000000000000000008D
:1093E000000000000000000000000000000000007D
:1093F000000000000000000000000000000000006D
:10940000000000000000000000000000000000005C
:10941000000000000000000000000000000000004C
:10942000000000000000000000000000000000003C
:10943000000000000000000000000000000000002C
:10944000000000000000000000000000000000001C
:10945000000000000000000000000000000000000C
:1094600000000000000000000000000000000000FC
:1094700000000000000000000000000000000000EC
:1094800000000000000000000000000000000000DC
:1094900000000000000000000000000000000000CC
:1094A00000000000000000000000000000000000BC
:1094B00000000000000000000000000000000000AC
:1094C000000000000000000000000000000000009C
:1094D000000000000000000000000000000000008C
:1094E000000000000000000000000000000000007C
:1094F000000000000000000000000000000000006C
:10950000000000000000000000000000000000005B
:10951000000000000000000000000000000000004B
:10952000000000000000000000000000000000003B
:10953000000000000000000000000000000000002B
:10954000000000000000000000000000000000001B
:10955000000000000000000000000000000000000B
:1095600000000000000000000000000000000000FB
:1095700000000000000000000000000000000000EB
:1095800000000000000000000000000000000000DB
:1095900000000000000000000000000000000000CB
:1095A00000000000000000000000000000000000BB
:1095B00000000000000000000000000000000000AB
:1095C000000000000000000000000000000000009B
:1095D000000000000000000000000000000000008B
:1095E000000000000000000000000000000000007B
:1095F000000000000000000000000000000000006B
:10960000000000000000000000000000000000005A
:10961000000000000000000000000000000000004A
:10962000000000000000000000000000000000003A
:10963000000000000000000000000000000000002A
:10964000000000000000000000000000000000001A
:10965000000000000000000000000000000000000A
:1096600000000000000000000000000000000000FA
:1096700000000000000000000000000000000000EA
:1096800000000000000000000000000000000000DA
:1096900000000000000000000000000000000000CA
:1096A00000000000000000000000000000000000BA
:1096B00000000000000000000000000000000000AA
:1096C000000000000000000000000000000000009A
:1096D000000000000000000000000000000000008A
:1096E000000000000000000000000000000000007A
:1096F000000000000000000000000000000000006A
:109700000000000000000000000000000000000059
:109710000000000000000000000000000000000049
:109720000000000000000000000000000000000039
:109730000000000000000000000000000000000029
:109740000000000000000000000000000000000019
:109750000000000000000000000000000000000009
:1097600000000000000000000000000000000000F9
:1097700000000000000000000000000000000000E9
:1097800000000000000000000000000000000000D9
:1097900000000000000000000000000000000000C9
:1097A00000000000000000000000000000000000B9
:1097B00000000000000000000000000000000000A9
:1097C0000000000000000000000000000000000099
:1097D0000000000000000000000000000000000089
:1097E0000000000000000000000000000000000079
:1097F0000000000000000000000000000000000069
:109800000000000000000000000000000000000058
:109810000000000000000000000000000000000048
:109820000000000000000000000000000000000038
:109830000000000000000000000000000000000028
:109840000000000000000000000000000000000018
:109850000000000000000000000000000000000008
:1098600000000000000000000000000000000000F8
:1098700000000000000000000000000000000000E8
:1098800000000000000000000000000000000000D8
:1098900000000000000000000000000000000000C8
:1098A00000000000000000000000000000000000B8
:1098B00000000000000000000000000000000000A8
:1098C0000000000000000000000000000000000098
:1098D0000000000000000000000000000000000088
:1098E0000000000000000000000000000000000078
:1098F0000000000000000000000000000000000068
:109900000000000000000000000000000000000057
:109910000000000000000000000000000000000047
:109920000000000000000000000000000000000037
:109930000000000000000000000000000000000027
:109940000000000000000000000000000000000017
:109950000000000000000000000000000000000007
:1099600000000000000000000000000000000000F7
:1099700000000000000000000000000000000000E7
:1099800000000000000000000000000000000000D7
:1099900000000000000000000000000000000000C7
:1099A00000000000000000000000000000000000B7
:1099B00000000000000000000000000000000000A7
:1099C0000000000000000000000000000000000097
:1099D0000000000000000000000000000000000087
:1099E0000000000000000000000000000000000077
:1099F0000000000000000000000000000000000067
:109A00000000000000000000000000000000000056
:109A10000000000000000000000000000000000046
:109A20000000000000000000000000000000000036
:109A30000000000000000000000000000000000026
:109A40000000000000000000000000000000000016
:109A50000000000000000000000000000000000006
:109A600000000000000000000000000000000000F6
:109A700000000000000000000000000000000000E6
:109A800000000000000000000000000000000000D6
:109A900000000000000000000000000000000000C6
:109AA00000000000000000000000000000000000B6
:109AB00000000000000000000000000000000000A6
:109AC0000000000000000000000000000000000096
:109AD0000000000000000000000000000000000086
:109AE0000000000000000000000000000000000076
:109AF0000000000000000000000000000000000066
:109B00000000000000000000000000000000000055
:109B10000000000000000000000000000000000045
:109B20000000000000000000000000000000000035
:109B30000000000000000000000000000000000025
:109B40000000000000000000000000000000000015
:109B50000000000000000000000000000000000005
:109B600000000000000000000000000000000000F5
:109B700000000000000000000000000000000000E5
:109B800000000000000000000000000000000000D5
:109B900000000000000000000000000000000000C5
:109BA00000000000000000000000000000000000B5
:109BB00000000000000000000000000000000000A5
:109BC0000000000000000000000000000000000095
:109BD0000000000000000000000000000000000085
:109BE0000000000000000000000000000000000075
:109BF0000000000000000000000000000000000065
:109C00000000000000000000000000000000000054
:109C10000000000000000000000000000000000044
:109C20000000000000000000000000000000000034
:109C30000000000000000000000000000000000024
:109C40000000000000000000000000000000000014
:109C50000000000000000000000000000000000004
:109C600000000000000000000000000000000000F4
:109C700000000000000000000000000000000000E4
:109C800000000000000000000000000000000000D4
:109C900000000000000000000000000000000000C4
:109CA00000000000000000000000000000000000B4
:109CB00000000000000000000000000000000000A4
:109CC0000000000000000000000000000000000094
:109CD0000000000000000000000000000000000084
:109CE0000000000000000000000000000000000074
:109CF0000000000000000000000000000000000064
:109D00000000000000000000000000000000000053
:109D10000000000000000000000000000000000043
:109D20000000000000000000000000000000000033
:109D30000000000000000000000000000000000023
:109D40000000000000000000000000000000000013
:109D50000000000000000000000000000000000003
:109D600000000000000000000000000000000000F3
:109D700000000000000000000000000000000000E3
:109D800000000000000000000000000000000000D3
:109D900000000000000000000000000000000000C3
:109DA00000000000000000000000000000000000B3
:109DB00000000000000000000000000000000000A3
:109DC0000000000000000000000000000000000093
:109DD0000000000000000000000000000000000083
:109DE0000000000000000000000000000000000073
:109DF0000000000000000000000000000000000063
:109E00000000000000000000000000000000000052
:109E10000000000000000000000000000000000042
:109E20000000000000000000000000000000000032
:109E30000000000000000000000000000000000022
:109E40000000000000000000000000000000000012
:109E50000000000000000000000000000000000002
:109E600000000000000000000000000000000000F2
:109E700000000000000000000000000000000000E2
:109E800000000000000000000000000000000000D2
:109E900000000000000000000000000000000000C2
:109EA00000000000000000000000000000000000B2
:109EB00000000000000000000000000000000000A2
:109EC0000000000000000000000000000000000092
:109ED0000000000000000000000000000000000082
:109EE0000000000000000000000000000000000072
:109EF0000000000000000000000000000000000062
:109F00000000000000000000000000000000000051
:109F10000000000000000000000000000000000041
:109F20000000000000000000000000000000000031
:109F30000000000000000000000000000000000021
:109F40000000000000000000000000000000000011
:109F50000000000000000000000000000000000001
:109F600000000000000000000000000000000000F1
:109F700000000000000000000000000000000000E1
:109F800000000000000000000000000000000000D1
:109F900000000000000000000000000000000000C1
:109FA00000000000000000000000000000000000B1
:109FB00000000000000000000000000000000000A1
:109FC0000000000000000000000000000000000091
:109FD0000000000000000000000000000000000081
:109FE0000000000000000000000000000000000071
:109FF0000000000000000000000000000000000061
:10A000000000000000000000000000000000000050
:10A010000000000000000000000000000000000040
:10A020000000000000000000000000000000000030
:10A030000000000000000000000000000000000020
:10A040000000000000000000000000000000000010
:10A050000000000000000000000000000000000000
:10A0600000000000000000000000000000000000F0
:10A0700000000000000000000000000000000000E0
:10A0800000000000000000000000000000000000D0
:10A0900000000000000000000000000000000000C0
:10A0A00000000000000000000000000000000000B0
:10A0B00000000000000000000000000000000000A0
:10A0C0000000000000000000000000000000000090
:10A0D0000000000000000000000000000000000080
:10A0E0000000000000000000000000000000000070
:10A0F0000000000000000000000000000000000060
:10A10000000000000000000000000000000000004F
:10A11000000000000000000000000000000000003F
:10A12000000000000000000000000000000000002F
:10A13000000000000000000000000000000000001F
:10A14000000000000000000000000000000000000F
:10A1500000000000000000000000000000000000FF
:10A1600000000000000000000000000000000000EF
:10A1700000000000000000000000000000000000DF
:10A1800000000000000000000000000000000000CF
:10A1900000000000000000000000000000000000BF
:10A1A00000000000000000000000000000000000AF
:10A1B000000000000000000000000000000000009F
:10A1C000000000000000000000000000000000008F
:10A1D000000000000000000000000000000000007F
:10A1E000000000000000000000000000000000006F
:10A1F000000000000000000000000000000000005F
:10A20000000000000000000000000000000000004E
:10A21000000000000000000000000000000000003E
:10A22000000000000000000000000000000000002E
:10A23000000000000000000000000000000000001E
:10A24000000000000000000000000000000000000E
:10A2500000000000000000000000000000000000FE
:10A2600000000000000000000000000000000000EE
:10A2700000000000000000000000000000000000DE
:10A2800000000000000000000000000000000000CE
:10A2900000000000000000000000000000000000BE
:10A2A00000000000000000000000000000000000AE
:10A2B000000000000000000000000000000000009E
:10A2C000000000000000000000000000000000008E
:10A2D000000000000000000000000000000000007E
:10A2E000000000000000000000000000000000006E
:10A2F000000000000000000000000000000000005E
:10A30000000000000000000000000000000000004D
:10A31000000000000000000000000000000000003D
:10A32000000000000000000000000000000000002D
:10A33000000000000000000000000000000000001D
:10A34000000000000000000000000000000000000D
:10A3500000000000000000000000000000000000FD
:10A3600000000000000000000000000000000000ED
:10A3700000000000000000000000000000000000DD
:10A3800000000000000000000000000000000000CD
:10A3900000000000000000000000000000000000BD
:10A3A00000000000000000000000000000000000AD
:10A3B000000000000000000000000000000000009D
:10A3C000000000000000000000000000000000008D
:10A3D000000000000000000000000000000000007D
:10A3E000000000000000000000000000000000006D
:10A3F000000000000000000000000000000000005D
:10A40000000000000000000000000000000000004C
:10A41000000000000000000000000000000000003C
:10A42000000000000000000000000000000000002C
:10A43000000000000000000000000000000000001C
:10A44000000000000000000000000000000000000C
:10A4500000000000000000000000000000000000FC
:10A4600000000000000000000000000000000000EC
:10A4700000000000000000000000000000000000DC
:10A4800000000000000000000000000000000000CC
:10A4900000000000000000000000000000000000BC
:10A4A00000000000000000000000000000000000AC
:10A4B000000000000000000000000000000000009C
:10A4C000000000000000000000000000000000008C
:10A4D000000000000000000000000000000000007C
:10A4E000000000000000000000000000000000006C
:10A4F000000000000000000000000000000000005C
:10A50000000000000000000000000000000000004B
:10A51000000000000000000000000000000000003B
:10A52000000000000000000000000000000000002B
:10A53000000000000000000000000000000000001B
:10A54000000000000000000000000000000000000B
:10A5500000000000000000000000000000000000FB
:10A5600000000000000000000000000000000000EB
:10A5700000000000000000000000000000000000DB
:10A5800000000000000000000000000000000000CB
:10A5900000000000000000000000000000000000BB
:10A5A00000000000000000000000000000000000AB
:10A5B000000000000000000000000000000000009B
:10A5C000000000000000000000000000000000008B
:10A5D000000000000000000000000000000000007B
:10A5E000000000000000000000000000000000006B
:10A5F000000000000000000000000000000000005B
:10A60000000000000000000000000000000000004A
:10A61000000000000000000000000000000000003A
:10A62000000000000000000000000000000000002A
:10A63000000000000000000000000000000000001A
:10A64000000000000000000000000000000000000A
:10A6500000000000000000000000000000000000FA
:10A6600000000000000000000000000000000000EA
:10A6700000000000000000000000000000000000DA
:10A6800000000000000000000000000000000000CA
:10A6900000000000000000000000000000000000BA
:10A6A00000000000000000000000000000000000AA
:10A6B000000000000000000000000000000000009A
:10A6C000000000000000000000000000000000008A
:10A6D000000000000000000000000000000000007A
:10A6E000000000000000000000000000000000006A
:10A6F000000000000000000000000000000000005A
:10A700000000000000000000000000000000000049
:10A710000000000000000000000000000000000039
:10A720000000000000000000000000000000000029
:10A730000000000000000000000000000000000019
:10A740000000000000000000000000000000000009
:10A7500000000000000000000000000000000000F9
:10A7600000000000000000000000000000000000E9
:10A7700000000000000000000000000000000000D9
:10A7800000000000000000000000000000000000C9
:10A7900000000000000000000000000000000000B9
:10A7A00000000000000000000000000000000000A9
:10A7B0000000000000000000000000000000000099
:10A7C0000000000000000000000000000000000089
:10A7D0000000000000000000000000000000000079
:10A7E0000000000000000000000000000000000069
:10A7F0000000000000000000000000000000000059
:10A800000000000000000000000000000000000048
:10A810000000000000000000000000000000000038
:10A820000000000000000000000000000000000028
:10A830000000000000000000000000000000000018
:10A840000000000000000000000000000000000008
:10A8500000000000000000000000000000000000F8
:10A8600000000000000000000000000000000000E8
:10A8700000000000000000000000000000000000D8
:10A8800000000000000000000000000000000000C8
:10A8900000000000000000000000000000000000B8
:10A8A00000000000000000000000000000000000A8
:10A8B0000000000000000000000000000000000098
:10A8C0000000000000000000000000000000000088
:10A8D0000000000000000000000000000000000078
:10A8E0000000000000000000000000000000000068
:10A8F0000000000000000000000000000000000058
:10A900000000000000000000000000000000000047
:10A910000000000000000000000000000000000037
:10A920000000000000000000000000000000000027
:10A930000000000000000000000000000000000017
:10A940000000000000000000000000000000000007
:10A9500000000000000000000000000000000000F7
:10A9600000000000000000000000000000000000E7
:10A9700000000000000000000000000000000000D7
:10A9800000000000000000000000000000000000C7
:10A9900000000000000000000000000000000000B7
:10A9A00000000000000000000000000000000000A7
:10A9B0000000000000000000000000000000000097
:10A9C0000000000000000000000000000000000087
:10A9D0000000000000000000000000000000000077
:10A9E0000000000000000000000000000000000067
:10A9F0000000000000000000000000000000000057
:10AA00000000000000000000000000000000000046
:10AA10000000000000000000000000000000000036
:10AA20000000000000000000000000000000000026
:10AA30000000000000000000000000000000000016
:10AA40000000000000000000000000000000000006
:10AA500000000000000000000000000000000000F6
:10AA600000000000000000000000000000000000E6
:10AA700000000000000000000000000000000000D6
:10AA800000000000000000000000000000000000C6
:10AA900000000000000000000000000000000000B6
:10AAA00000000000000000000000000000000000A6
:10AAB0000000000000000000000000000000000096
:10AAC0000000000000000000000000000000000086
:10AAD0000000000000000000000000000000000076
:10AAE0000000000000000000000000000000000066
:10AAF0000000000000000000000000000000000056
:10AB00000000000000000000000000000000000045
:10AB10000000000000000000000000000000000035
:10AB20000000000000000000000000000000000025
:10AB30000000000000000000000000000000000015
:10AB40000000000000000000000000000000000005
:10AB500000000000000000000000000000000000F5
:10AB600000000000000000000000000000000000E5
:10AB700000000000000000000000000000000000D5
:10AB800000000000000000000000000000000000C5
:10AB900000000000000000000000000000000000B5
:10ABA00000000000000000000000000000000000A5
:10ABB0000000000000000000000000000000000095
:10ABC0000000000000000000000000000000000085
:10ABD0000000000000000000000000000000000075
:10ABE0000000000000000000000000000000000065
:10ABF0000000000000000000000000000000000055
:10AC00000000000000000000000000000000000044
:10AC10000000000000000000000000000000000034
:10AC20000000000000000000000000000000000024
:10AC30000000000000000000000000000000000014
:10AC40000000000000000000000000000000000004
:10AC500000000000000000000000000000000000F4
:10AC600000000000000000000000000000000000E4
:10AC700000000000000000000000000000000000D4
:10AC800000000000000000000000000000000000C4
:10AC900000000000000000000000000000000000B4
:10ACA00000000000000000000000000000000000A4
:10ACB0000000000000000000000000000000000094
:10ACC0000000000000000000000000000000000084
:10ACD0000000000000000000000000000000000074
:10ACE0000000000000000000000000000000000064
:10ACF0000000000000000000000000000000000054
:10AD00000000000000000000000000000000000043
:10AD10000000000000000000000000000000000033
:10AD20000000000000000000000000000000000023
:10AD30000000000000000000000000000000000013
:10AD40000000000000000000000000000000000003
:10AD500000000000000000000000000000000000F3
:10AD600000000000000000000000000000000000E3
:10AD700000000000000000000000000000000000D3
:10AD800000000000000000000000000000000000C3
:10AD900000000000000000000000000000000000B3
:10ADA00000000000000000000000000000000000A3
:10ADB0000000000000000000000000000000000093
:10ADC0000000000000000000000000000000000083
:10ADD0000000000000000000000000000000000073
:10ADE0000000000000000000000000000000000063
:10ADF0000000000000000000000000000000000053
:10AE00000000000000000000000000000000000042
:10AE10000000000000000000000000000000000032
:10AE20000000000000000000000000000000000022
:10AE30000000000000000000000000000000000012
:10AE40000000000000000000000000000000000002
:10AE500000000000000000000000000000000000F2
:10AE600000000000000000000000000000000000E2
:10AE700000000000000000000000000000000000D2
:10AE800000000000000000000000000000000000C2
:10AE900000000000000000000000000000000000B2
:10AEA00000000000000000000000000000000000A2
:10AEB0000000000000000000000000000000000092
:10AEC0000000000000000000000000000000000082
:10AED0000000000000000000000000000000000072
:10AEE0000000000000000000000000000000000062
:10AEF0000000000000000000000000000000000052
:10AF00000000000000000000000000000000000041
:10AF10000000000000000000000000000000000031
:10AF20000000000000000000000000000000000021
:10AF30000000000000000000000000000000000011
:10AF40000000000000000000000000000000000001
:10AF500000000000000000000000000000000000F1
:10AF600000000000000000000000000000000000E1
:10AF700000000000000000000000000000000000D1
:10AF800000000000000000000000000000000000C1
:10AF900000000000000000000000000000000000B1
:10AFA00000000000000000000000000000000000A1
:10AFB0000000000000000000000000000000000091
:10AFC0000000000000000000000000000000000081
:10AFD0000000000000000000000000000000000071
:10AFE0000000000000000000000000000000000061
:10AFF0000000000000000000000000000000000051
:10B000000000000000000000000000000000000040
:10B010000000000000000000000000000000000030
:10B020000000000000000000000000000000000020
:10B030000000000000000000000000000000000010
:10B040000000000000000000000000000000000000
:10B0500000000000000000000000000000000000F0
:10B0600000000000000000000000000000000000E0
:10B0700000000000000000000000000000000000D0
:10B0800000000000000000000000000000000000C0
:10B0900000000000000000000000000000000000B0
:10B0A00000000000000000000000000000000000A0
:10B0B0000000000000000000000000000000000090
:10B0C0000000000000000000000000000000000080
:10B0D0000000000000000000000000000000000070
:10B0E0000000000000000000000000000000000060
:10B0F0000000000000000000000000000000000050
:10B10000000000000000000000000000000000003F
:10B11000000000000000000000000000000000002F
:10B12000000000000000000000000000000000001F
:10B13000000000000000000000000000000000000F
:10B1400000000000000000000000000000000000FF
:10B1500000000000000000000000000000000000EF
:10B1600000000000000000000000000000000000DF
:10B1700000000000000000000000000000000000CF
:10B1800000000000000000000000000000000000BF
:10B1900000000000000000000000000000000000AF
:10B1A000000000000000000000000000000000009F
:10B1B000000000000000000000000000000000008F
:10B1C000000000000000000000000000000000007F
:10B1D000000000000000000000000000000000006F
:10B1E000000000000000000000000000000000005F
:10B1F000000000000000000000000000000000004F
:10B20000000000000000000000000000000000003E
:10B21000000000000000000000000000000000002E
:10B22000000000000000000000000000000000001E
:10B23000000000000000000000000000000000000E
:10B2400000000000000000000000000000000000FE
:10B2500000000000000000000000000000000000EE
:10B2600000000000000000000000000000000000DE
:10B2700000000000000000000000000000000000CE
:10B280000000000000000000000000006F1283BCFE
:10B29000000000006F1203BD6F1283BC00000000AD
:10B2A0006F1203BD00000000000000006F12833D1C
:10B2B0006F1283BC6F1283BC6F12033D000000004D
:10B2C0006F1283BC6F1283BC0000000000000000FE
:10B2D0006F1203BD6F1283BC6F1283BC6F1203BD6C
:10B2E00000000000000000006F12833C6F1283BC5E
:10B2F0006F1283BC0000000000000000000000008E
:10B30000000000000000000000000000000000003D
:10B31000000000000000000000000000000000002D
:10B32000000000000000000000000000000000001D
:10B33000000000000000000000000000000000000D
:10B3400000000000000000000000000000000000FD
:10B3500000000000000000000000000000000000ED
:10B3600000000000000000000000000000000000DD
:10B3700000000000000000000000000000000000CD
:10B3800000000000000000000000000000000000BD
:10B3900000000000000000000000000000000000AD
:10B3A000000000000000000000000000000000009D
:10B3B000000000000000000000000000000000008D
:10B3C000000000000000000000000000000000007D
:10B3D000000000000000000000000000000000006D
:10B3E000000000000000000000000000000000005D
:10B3F000000000000000000000000000000000004D
:10B40000000000000000000000000000000000003C
:10B41000000000000000000000000000000000002C
:10B42000000000000000000000000000000000001C
:10B43000000000000000000000000000000000000C
:10B4400000000000000000000000000000000000FC
:10B4500000000000000000000000000000000000EC
:10B4600000000000000000000000000000000000DC
:10B4700000000000000000000000000000000000CC
:10B4800000000000000000000000000000000000BC
:10B4900000000000000000000000000000000000AC
:10B4A000000000000000000000000000000000009C
:10B4B000000000000000000000000000000000008C
:10B4C000000000000000000000000000000000007C
:10B4D000000000000000000000000000000000006C
:10B4E000000000000000000000000000000000005C
:10B4F000000000000000000000000000000000004C
:10B50000000000000000000000000000000000003B
:10B51000000000000000000000000000000000002B
:10B52000000000000000000000000000000000001B
:10B53000000000000000000000000000000000000B
:10B5400000000000000000000000000000000000FB
:10B5500000000000000000000000000000000000EB
:10B5600000000000000000000000000000000000DB
:10B5700000000000000000000000000000000000CB
:10B5800000000000000000000000000000000000BB
:10B5900000000000000000000000000000000000AB
:10B5A000000000000000000000000000000000009B
:10B5B000000000000000000000000000000000008B
:10B5C000000000000000000000000000000000007B
:10B5D000000000000000000000000000000000006B
:10B5E000000000000000000000000000000000005B
:10B5F000000000000000000000000000000000004B
:10B60000000000000000000000000000000000003A
:10B61000000000000000000000000000000000002A
:10B62000000000000000000000000000000000001A
:10B63000000000000000000000000000000000000A
:10B6400000000000000000000000000000000000FA
:10B6500000000000000000000000000000000000EA
:10B6600000000000000000000000000000000000DA
:10B6700000000000000000000000000000000000CA
:10B6800000000000000000000000000000000000BA
:10B6900000000000000000000000000000000000AA
:10B6A000000000000000000000000000000000009A
:10B6B000000000000000000000000000000000008A
:10B6C000000000000000000000000000000000007A
:10B6D000000000000000000000000000000000006A
:10B6E000000000000000000000000000000000005A
:10B6F000000000000000000000000000000000004A
:10B700000000000000000000000000000000000039
:10B710000000000000000000000000000000000029
:10B720000000000000000000000000000000000019
:10B730000000000000000000000000000000000009
:10B7400000000000000000000000000000000000F9
:10B7500000000000000000000000000000000000E9
:10B7600000000000000000000000000000000000D9
:10B7700000000000000000000000000000000000C9
:10B7800000000000000000000000000000000000B9
:10B7900000000000000000000000000000000000A9
:10B7A0000000000000000000000000000000000099
:10B7B0000000000000000000000000000000000089
:10B7C0000000000000000000000000000000000079
:10B7D0000000000000000000000000000000000069
:10B7E0000000000000000000000000000000000059
:10B7F0000000000000000000000000000000000049
:10B800000000000000000000000000000000000038
:10B810000000000000000000000000000000000028
:10B820000000000000000000000000000000000018
:10B830000000000000000000000000000000000008
:10B8400000000000000000000000000000000000F8
:10B8500000000000000000000000000000000000E8
:10B8600000000000000000000000000000000000D8
:10B8700000000000000000000000000000000000C8
:10B8800000000000000000000000000000000000B8
:10B8900000000000000000000000000000000000A8
:10B8A0000000000000000000000000000000000098
:10B8B0000000000000000000000000000000000088
:10B8C0000000000000000000000000000000000078
:10B8D0000000000000000000000000000000000068
:10B8E0000000000000000000000000000000000058
:10B8F0000000000000000000000000000000000048
:10B900000000000000000000000000000000000037
:10B910000000000000000000000000000000000027
:10B920000000000000000000000000000000000017
:10B930000000000000000000000000000000000007
:10B9400000000000000000000000000000000000F7
:10B9500000000000000000000000000000000000E7
:10B9600000000000000000000000000000000000D7
:10B9700000000000000000000000000000000000C7
:10B9800000000000000000000000000000000000B7
:10B9900000000000000000000000000000000000A7
:10B9A0000000000000000000000000000000000097
:10B9B0000000000000000000000000000000000087
:10B9C0000000000000000000000000000000000077
:10B9D0000000000000000000000000000000000067
:10B9E0000000000000000000000000000000000057
:10B9F0000000000000000000000000000000000047
:10BA00000000000000000000000000000000000036
:10BA10000000000000000000000000000000000026
:10BA20000000000000000000000000000000000016
:10BA30000000000000000000000000000000000006
:10BA400000000000000000000000000000000000F6
:10BA500000000000000000000000000000000000E6
:10BA600000000000000000000000000000000000D6
:10BA700000000000000000000000000000000000C6
:10BA800000000000000000000000000000000000B6
:10BA900000000000000000000000000000000000A6
:10BAA0000000000000000000000000000000000096
:10BAB0000000000000000000000000000000000086
:10BAC0000000000000000000000000000000000076
:10BAD0000000000000000000000000000000000066
:10BAE0000000000000000000000000000000000056
:10BAF0000000000000000000000000000000000046
:10BB00000000000000000000000000000000000035
:10BB10000000000000000000000000000000000025
:10BB20000000000000000000000000000000000015
:10BB30000000000000000000000000000000000005
:10BB400000000000000000000000000000000000F5
:10BB500000000000000000000000000000000000E5
:10BB600000000000000000000000000000000000D5
:10BB700000000000000000000000000000000000C5
:10BB800000000000000000000000000000000000B5
:10BB900000000000000000000000000000000000A5
:10BBA0000000000000000000000000000000000095
:10BBB0000000000000000000000000000000000085
:10BBC0000000000000000000000000000000000075
:10BBD0000000000000000000000000000000000065
:10BBE0000000000000000000000000000000000055
:10BBF0000000000000000000000000000000000045
:10BC00000000000000000000000000000000000034
:10BC10000000000000000000000000000000000024
:10BC20000000000000000000000000000000000014
:10BC30000000000000000000000000000000000004
:10BC400000000000000000000000000000000000F4
:10BC500000000000000000000000000000000000E4
:10BC600000000000000000000000000000000000D4
:10BC700000000000000000000000000000000000C4
:10BC800000000000000000000000000000000000B4
:10BC900000000000000000000000000000000000A4
:10BCA0000000000000000000000000000000000094
:10BCB0000000000000000000000000000000000084
:10BCC0000000000000000000000000000000000074
:10BCD0000000000000000000000000000000000064
:10BCE0000000000000000000000000000000000054
:10BCF0000000000000000000000000000000000044
:10BD00000000000000000000000000000000000033
:10BD10000000000000000000000000000000000023
:10BD20000000000000000000000000000000000013
:10BD30000000000000000000000000000000000003
:10BD400000000000000000000000000000000000F3
:10BD500000000000000000000000000000000000E3
:10BD600000000000000000000000000000000000D3
:10BD700000000000000000000000000000000000C3
:10BD800000000000000000000000000000000000B3
:10BD900000000000000000000000000000000000A3
:10BDA0000000000000000000000000000000000093
:10BDB0000000000000000000000000000000000083
:10BDC0000000000000000000000000000000000073
:10BDD0000000000000000000000000000000000063
:10BDE0000000000000000000000000000000000053
:10BDF0000000000000000000000000000000000043
:10BE00000000000000000000000000000000000032
:10BE10000000000000000000000000000000000022
:10BE20000000000000000000000000000000000012
:10BE30000000000000000000000000000000000002
:10BE400000000000000000000000000000000000F2
:10BE500000000000000000000000000000000000E2
:10BE600000000000000000000000000000000000D2
:10BE700000000000000000000000000000000000C2
:10BE800000000000000000000000000000000000B2
:10BE900000000000000000000000000000000000A2
:10BEA0000000000000000000000000000000000092
:10BEB0000000000000000000000000000000000082
:10BEC0000000000000000000000000000000000072
:10BED0000000000000000000000000000000000062
:10BEE0000000000000000000000000000000000052
:10BEF0000000000000000000000000000000000042
:10BF00000000000000000000000000000000000031
:10BF10000000000000000000000000000000000021
:10BF20000000000000000000000000000000000011
:10BF30000000000000000000000000000000000001
:10BF400000000000000000000000000000000000F1
:10BF500000000000000000000000000000000000E1
:10BF600000000000000000000000000000000000D1
:10BF700000000000000000000000000000000000C1
:10BF800000000000000000000000000000000000B1
:10BF900000000000000000000000000000000000A1
:10BFA0000000000000000000000000000000000091
:10BFB0000000000000000000000000000000000081
:10BFC0000000000000000000000000000000000071
:10BFD0000000000000000000000000000000000061
:10BFE0000000000000000000000000000000000051
:10BFF0000000000000000000000000000000000041
:10C000000000000000000000000000000000000030
:10C010000000000000000000000000000000000020
:10C020000000000000000000000000000000000010
:10C030000000000000000000000000000000000000
:10C0400000000000000000000000000000000000F0
:10C0500000000000000000000000000000000000E0
:10C0600000000000000000000000000000000000D0
:10C0700000000000000000000000000000000000C0
:10C0800000000000000000000000000000000000B0
:10C0900000000000000000000000000000000000A0
:10C0A0000000000000000000000000000000000090
:10C0B0000000000000000000000000000000000080
:10C0C0000000000000000000000000000000000070
:10C0D0000000000000000000000000000000000060
:10C0E0000000000000000000000000000000000050
:10C0F0000000000000000000000000000000000040
:10C10000000000000000000000000000000000002F
:10C11000000000000000000000000000000000001F
:10C12000000000000000000000000000000000000F
:10C1300000000000000000000000000000000000FF
:10C1400000000000000000000000000000000000EF
:10C1500000000000000000000000000000000000DF
:10C1600000000000000000000000000000000000CF
:10C1700000000000000000000000000000000000BF
:10C1800000000000000000000000000000000000AF
:10C19000000000000000000000000000000000009F
:10C1A000000000000000000000000000000000008F
:10C1B000000000000000000000000000000000007F
:10C1C000000000000000000000000000000000006F
:10C1D000000000000000000000000000000000005F
:10C1E000000000000000000000000000000000004F
:10C1F000000000000000000000000000000000003F
:10C20000000000000000000000000000000000002E
:10C21000000000000000000000000000000000001E
:10C22000000000000000000000000000000000000E
:10C2300000000000000000000000000000000000FE
:10C2400000000000000000000000000000000000EE
:10C2500000000000000000000000000000000000DE
:10C2600000000000000000000000000000000000CE
:10C2700000000000000000000000000000000000BE
:10C2800000000000000000000000000000000000AE
:10C29000000000000000000000000000000000009E
:10C2A000000000000000000000000000000000008E
:10C2B000000000000000000000000000000000007E
:10C2C000000000000000000000000000000000006E
:10C2D000000000000000000000000000000000005E
:10C2E000000000000000000000000000000000004E
:10C2F000000000000000000000000000000000003E
:10C30000000000000000000000000000000000002D
:10C31000000000000000000000000000000000001D
:10C32000000000000000000000000000000000000D
:10C3300000000000000000000000000000000000FD
:10C3400000000000000000000000000000000000ED
:10C3500000000000000000000000000000000000DD
:10C3600000000000000000000000000000000000CD
:10C3700000000000000000000000000000000000BD
:10C3800000000000000000000000000000000000AD
:10C39000000000000000000000000000000000009D
:10C3A000000000000000000000000000000000008D
:10C3B000000000000000000000000000000000007D
:10C3C000000000000000000000000000000000006D
:10C3D000000000000000000000000000000000005D
:10C3E000000000000000000000000000000000004D
:10C3F000000000000000000000000000000000003D
:10C40000000000000000000000000000000000002C
:10C41000000000000000000000000000000000001C
:10C42000000000000000000000000000000000000C
:10C4300000000000000000000000000000000000FC
:10C4400000000000000000000000000000000000EC
:10C4500000000000000000000000000000000000DC
:10C4600000000000000000000000000000000000CC
:10C4700000000000000000000000000000000000BC
:10C4800000000000000000000000000000000000AC
:10C49000000000000000000000000000000000009C
:10C4A000000000000000000000000000000000008C
:10C4B000000000000000000000000000000000007C
:10C4C000000000000000000000000000000000006C
:10C4D000000000000000000000000000000000005C
:10C4E000000000000000000000000000000000004C
:10C4F000000000000000000000000000000000003C
:10C50000000000000000000000000000000000002B
:10C51000000000000000000000000000000000001B
:10C52000000000000000000000000000000000000B
:10C5300000000000000000000000000000000000FB
:10C5400000000000000000000000000000000000EB
:10C5500000000000000000000000000000000000DB
:10C5600000000000000000000000000000000000CB
:10C5700000000000000000000000000000000000BB
:10C5800000000000000000000000000000000000AB
:10C59000000000000000000000000000000000009B
:10C5A000000000000000000000000000000000008B
:10C5B000000000000000000000000000000000007B
:10C5C000000000000000000000000000000000006B
:10C5D000000000000000000000000000000000005B
:10C5E000000000000000000000000000000000004B
:10C5F000000000000000000000000000000000003B
:10C60000000000000000000000000000000000002A
:10C61000000000000000000000000000000000001A
:10C62000000000000000000000000000000000000A
:10C6300000000000000000000000000000000000FA
:10C6400000000000000000000000000000000000EA
:10C6500000000000000000000000000000000000DA
:10C6600000000000000000000000000000000000CA
:10C6700000000000000000000000000000000000BA
:10C6800000000000000000000000000000000000AA
:10C69000000000000000000000000000000000009A
:10C6A000000000000000000000000000000000008A
:10C6B000000000000000000000000000000000007A
:10C6C000000000000000000000000000000000006A
:10C6D000000000000000000000000000000000005A
:10C6E000000000000000000000000000000000004A
:10C6F000000000000000000000000000000000003A
:10C700000000000000000000000000000000000029
:10C710000000000000000000000000000000000019
:10C720000000000000000000000000000000000009
:10C7300000000000000000000000000000000000F9
:10C7400000000000000000000000000000000000E9
:10C7500000000000000000000000000000000000D9
:10C7600000000000000000000000000000000000C9
:10C7700000000000000000000000000000000000B9
:10C7800000000000000000000000000000000000A9
:10C790000000000000000000000000000000000099
:10C7A0000000000000000000000000000000000089
:10C7B0000000000000000000000000000000000079
:10C7C0000000000000000000000000000000000069
:10C7D0000000000000000000000000000000000059
:10C7E0000000000000000000000000000000000049
:10C7F0000000000000000000000000000000000039
:10C800000000000000000000000000000000000028
:10C810000000000000000000000000000000000018
:10C820000000000000000000000000000000000008
:10C8300000000000000000000000000000000000F8
:10C8400000000000000000000000000000000000E8
:10C8500000000000000000000000000000000000D8
:10C8600000000000000000000000000000000000C8
:10C8700000000000000000000000000000000000B8
:10C8800000000000000000000000000000000000A8
:10C890000000000000000000000000000000000098
:10C8A0000000000000000000000000000000000088
:10C8B0000000000000000000000000000000000078
:10C8C0000000000000000000000000000000000068
:10C8D0000000000000000000000000000000000058
:10C8E0000000000000000000000000000000000048
:10C8F0000000000000000000000000000000000038
:10C900000000000000000000000000000000000027
:10C910000000000000000000000000000000000017
:10C920000000000000000000000000000000000007
:10C9300000000000000000000000000000000000F7
:10C9400000000000000000000000000000000000E7
:10C9500000000000000000000000000000000000D7
:10C9600000000000000000000000000000000000C7
:10C9700000000000000000000000000000000000B7
:10C9800000000000000000000000000000000000A7
:10C990000000000000000000000000000000000097
:10C9A0000000000000000000000000000000000087
:10C9B0000000000000000000000000000000000077
:10C9C0000000000000000000000000000000000067
:10C9D0000000000000000000000000000000000057
:10C9E0000000000000000000000000000000000047
:10C9F0000000000000000000000000000000000037
:10CA00000000000000000000000000000000000026
:10CA10000000000000000000000000000000000016
:10CA20000000000000000000000000000000000006
:10CA300000000000000000000000000000000000F6
:10CA400000000000000000000000000000000000E6
:10CA500000000000000000000000000000000000D6
:10CA600000000000000000000000000000000000C6
:10CA700000000000000000000000000000000000B6
:10CA800000000000000000000000000000000000A6
:10CA90000000000000000000000000000000000096
:10CAA0000000000000000000000000000000000086
:10CAB0000000000000000000000000000000000076
:10CAC0000000000000000000000000000000000066
:10CAD0000000000000000000000000000000000056
:10CAE0000000000000000000000000000000000046
:10CAF0000000000000000000000000000000000036
:10CB00000000000000000000000000000000000025
:10CB10000000000000000000000000000000000015
:10CB20000000000000000000000000000000000005
:10CB300000000000000000000000000000000000F5
:10CB400000000000000000000000000000000000E5
:10CB500000000000000000000000000000000000D5
:10CB600000000000000000000000000000000000C5
:10CB700000000000000000000000000000000000B5
:10CB800000000000000000000000000000000000A5
:10CB90000000000000000000000000000000000095
:10CBA0000000000000000000000000000000000085
:10CBB0000000000000000000000000000000000075
:10CBC0000000000000000000000000000000000065
:10CBD0000000000000000000000000000000000055
:10CBE0000000000000000000000000000000000045
:10CBF0000000000000000000000000000000000035
:10CC00000000000000000000000000000000000024
:10CC10000000000000000000000000000000000014
:10CC20000000000000000000000000000000000004
:10CC300000000000000000000000000000000000F4
:10CC400000000000000000000000000000000000E4
:10CC500000000000000000000000000000000000D4
:10CC600000000000000000000000000000000000C4
:10CC700000000000000000000000000000000000B4
:10CC800000000000000000000000000000000000A4
:10CC90000000000000000000000000000000000094
:10CCA0000000000000000000000000000000000084
:10CCB0000000000000000000000000000000000074
:10CCC0000000000000000000000000000000000064
:10CCD0000000000000000000000000000000000054
:10CCE0000000000000000000000000000000000044
:10CCF0000000000000000000000000000000000034
:10CD00000000000000000000000000000000000023
:10CD10000000000000000000000000000000000013
:10CD20000000000000000000000000000000000003
:10CD300000000000000000000000000000000000F3
:10CD400000000000000000000000000000000000E3
:10CD500000000000000000000000000000000000D3
:10CD600000000000000000000000000000000000C3
:10CD700000000000000000000000000000000000B3
:10CD800000000000000000000000000000000000A3
:10CD90000000000000000000000000000000000093
:10CDA0000000000000000000000000000000000083
:10CDB0000000000000000000000000000000000073
:10CDC0000000000000000000000000000000000063
:10CDD0000000000000000000000000000000000053
:10CDE0000000000000000000000000000000000043
:10CDF0000000000000000000000000000000000033
:10CE00000000000000000000000000000000000022
:10CE10000000000000000000000000000000000012
:10CE20000000000000000000000000000000000002
:10CE300000000000000000000000000000000000F2
:10CE400000000000000000000000000000000000E2
:10CE500000000000000000000000000000000000D2
:10CE600000000000000000000000000000000000C2
:10CE700000000000000000000000000000000000B2
:10CE800000000000000000000000000000000000A2
:10CE90000000000000000000000000000000000092
:10CEA0000000000000000000000000000000000082
:10CEB0000000000000000000000000000000000072
:10CEC0000000000000000000000000000000000062
:10CED0000000000000000000000000000000000052
:10CEE0000000000000000000000000000000000042
:10CEF0000000000000000000000000000000000032
:10CF00000000000000000000000000000000000021
:10CF10000000000000000000000000000000000011
:10CF20000000000000000000000000000000000001
:10CF300000000000000000000000000000000000F1
:10CF400000000000000000000000000000000000E1
:10CF500000000000000000000000000000000000D1
:10CF600000000000000000000000000000000000C1
:10CF700000000000000000000000000000000000B1
:10CF800000000000000000000000000000000000A1
:10CF90000000000000000000000000000000000091
:10CFA0000000000000000000000000000000000081
:10CFB0000000000000000000000000000000000071
:10CFC0000000000000000000000000000000000061
:10CFD0000000000000000000000000000000000051
:10CFE0000000000000000000000000000000000041
:10CFF0000000000000000000000000000000000031
:10D000000000000000000000000000000000000020
:10D010000000000000000000000000000000000010
:10D020000000000000000000000000000000000000
:10D0300000000000000000000000000000000000F0
:10D0400000000000000000000000000000000000E0
:10D0500000000000000000000000000000000000D0
:10D0600000000000000000000000000000000000C0
:10D0700000000000000000000000000000000000B0
:10D0800000000000000000000000000000000000A0
:10D090000000000000000000000000000000000090
:10D0A0000000000000000000000000000000000080
:10D0B0000000000000000000000000000000000070
:10D0C0000000000000000000000000000000000060
:10D0D0000000000000000000000000000000000050
:10D0E0000000000000000000000000000000000040
:10D0F0000000000000000000000000000000000030
:10D10000000000000000000000000000000000001F
:10D11000000000000000000000000000000000000F
:10D1200000000000000000000000000000000000FF
:10D1300000000000000000000000000000000000EF
:10D1400000000000000000000000000000000000DF
:10D1500000000000000000000000000000000000CF
:10D1600000000000000000000000000000000000BF
:10D1700000000000000000000000000000000000AF
:10D18000000000000000000000000000000000009F
:10D19000000000000000000000000000000000008F
:10D1A000000000000000000000000000000000007F
:10D1B000000000000000000000000000000000006F
:10D1C000000000000000000000000000000000005F
:10D1D000000000000000000000000000000000004F
:10D1E000000000000000000000000000000000003F
:10D1F000000000000000000000000000000000002F
:10D20000000000000000000000000000000000001E
:10D21000000000000000000000000000000000000E
:10D2200000000000000000000000000000000000FE
:10D2300000000000000000000000000000000000EE
:10D2400000000000000000000000000000000000DE
:10D2500000000000000000000000000000000000CE
:10D2600000000000000000000000000000000000BE
:10D2700000000000000000000000000000000000AE
:10D28000000000000000000000000000000000009E
:10D29000000000000000000000000000000000008E
:10D2A000000000000000000000000000000000007E
:10D2B000000000000000000000000000000000006E
:10D2C000000000000000000000000000000000005E
:10D2D000000000000000000000000000000000004E
:10D2E000000000000000000000000000000000003E
:10D2F000000000000000000000000000000000002E
:10D30000000000000000000000000000000000001D
:10D31000000000000000000000000000000000000D
:10D3200000000000000000000000000000000000FD
:10D3300000000000000000000000000000000000ED
:10D3400000000000000000000000000000000000DD
:10D3500000000000000000000000000000000000CD
:10D3600000000000000000000000000000000000BD
:10D3700000000000000000000000000000000000AD
:10D38000000000000000000000000000000000009D
:10D39000000000000000000000000000000000008D
:10D3A000000000000000000000000000000000007D
:10D3B000000000000000000000000000000000006D
:10D3C000000000000000000000000000000000005D
:10D3D000000000000000000000000000000000004D
:10D3E000000000000000000000000000000000003D
:10D3F000000000000000000000000000000000002D
:10D40000000000000000000000000000000000001C
:10D41000000000000000000000000000000000000C
:10D4200000000000000000000000000000000000FC
:10D4300000000000000000000000000000000000EC
:10D4400000000000000000000000000000000000DC
:10D4500000000000000000000000000000000000CC
:10D4600000000000000000000000000000000000BC
:10D4700000000000000000000000000000000000AC
:10D48000000000000000000000000000000000009C
:10D49000000000000000000000000000000000008C
:10D4A000000000000000000000000000000000007C
:10D4B000000000000000000000000000000000006C
:10D4C000000000000000000000000000000000005C
:10D4D000000000000000000000000000000000004C
:10D4E000000000000000000000000000000000003C
:10D4F000000000000000000000000000000000002C
:10D50000000000000000000000000000000000001B
:10D51000000000000000000000000000000000000B
:10D5200000000000000000000000000000000000FB
:10D5300000000000000000000000000000000000EB
:10D5400000000000000000000000000000000000DB
:10D5500000000000000000000000000000000000CB
:10D5600000000000000000000000000000000000BB
:10D5700000000000000000000000000000000000AB
:10D58000000000000000000000000000000000009B
:10D59000000000000000000000000000000000008B
:10D5A000000000000000000000000000000000007B
:10D5B000000000000000000000000000000000006B
:10D5C000000000000000000000000000000000005B
:10D5D000000000000000000000000000000000004B
:10D5E000000000000000000000000000000000003B
:10D5F000000000000000000000000000000000002B
:10D60000000000000000000000000000000000001A
:10D61000000000000000000000000000000000000A
:10D6200000000000000000000000000000000000FA
:10D6300000000000000000000000000000000000EA
:10D6400000000000000000000000000000000000DA
:10D6500000000000000000000000000000000000CA
:10D6600000000000000000000000000000000000BA
:10D6700000000000000000000000000000000000AA
:10D68000000000000000000000000000000000009A
:10D69000000000000000000000000000000000008A
:10D6A000000000000000000000000000000000007A
:10D6B000000000000000000000000000000000006A
:10D6C000000000000000000000000000000000005A
:10D6D000000000000000000000000000000000004A
:10D6E000000000000000000000000000000000003A
:10D6F000000000000000000000000000000000002A
:10D700000000000000000000000000000000000019
:10D710000000000000000000000000000000000009
:10D7200000000000000000000000000000000000F9
:10D7300000000000000000000000000000000000E9
:10D7400000000000000000000000000000000000D9
:10D7500000000000000000000000000000000000C9
:10D7600000000000000000000000000000000000B9
:10D7700000000000000000000000000000000000A9
:10D780000000000000000000000000000000000099
:10D790000000000000000000000000000000000089
:10D7A0000000000000000000000000000000000079
:10D7B0000000000000000000000000000000000069
:10D7C0000000000000000000000000000000000059
:10D7D0000000000000000000000000000000000049
:10D7E0000000000000000000000000000000000039
:10D7F0000000000000000000000000000000000029
:10D800000000000000000000000000000000000018
:10D810000000000000000000000000000000000008
:10D8200000000000000000000000000000000000F8
:10D8300000000000000000000000000000000000E8
:10D8400000000000000000000000000000000000D8
:10D8500000000000000000000000000000000000C8
:10D8600000000000000000000000000000000000B8
:10D8700000000000000000000000000000000000A8
:10D880000000000000000000000000000000000098
:10D890000000000000000000000000000000000088
:10D8A0000000000000000000000000000000000078
:10D8B0000000000000000000000000000000000068
:10D8C0000000000000000000000000000000000058
:10D8D0000000000000000000000000000000000048
:10D8E0000000000000000000000000000000000038
:10D8F0000000000000000000000000000000000028
:10D900000000000000000000000000000000000017
:10D910000000000000000000000000000000000007
:10D9200000000000000000000000000000000000F7
:10D9300000000000000000000000000000000000E7
:10D9400000000000000000000000000000000000D7
:10D9500000000000000000000000000000000000C7
:10D9600000000000000000000000000000000000B7
:10D9700000000000000000000000000000000000A7
:10D980000000000000000000000000000000000097
:10D990000000000000000000000000000000000087
:10D9A0000000000000000000000000000000000077
:10D9B0000000000000000000000000000000000067
:10D9C0000000000000000000000000000000000057
:10D9D0000000000000000000000000000000000047
:10D9E0000000000000000000000000000000000037
:10D9F0000000000000000000000000000000000027
:10DA00000000000000000000000000000000000016
:10DA10000000000000000000000000000000000006
:10DA200000000000000000000000000000000000F6
:10DA300000000000000000000000000000000000E6
:10DA400000000000000000000000000000000000D6
:10DA500000000000000000000000000000000000C6
:10DA600000000000000000000000000000000000B6
:10DA700000000000000000000000000000000000A6
:10DA80000000000000000000000000000000000096
:10DA90000000000000000000000000000000000086
:10DAA0000000000000000000000000000000000076
:10DAB0000000000000000000000000000000000066
:10DAC0000000000000000000000000000000000056
:10DAD0000000000000000000000000000000000046
:10DAE0000000000000000000000000000000000036
:10DAF0000000000000000000000000000000000026
:10DB00000000000000000000000000000000000015
:10DB10000000000000000000000000000000000005
:10DB200000000000000000000000000000000000F5
:10DB300000000000000000000000000000000000E5
:10DB400000000000000000000000000000000000D5
:10DB500000000000000000000000000000000000C5
:10DB600000000000000000000000000000000000B5
:10DB700000000000000000000000000000000000A5
:10DB80000000000000000000000000000000000095
:10DB90000000000000000000000000000000000085
:10DBA0000000000000000000000000000000000075
:10DBB0000000000000000000000000000000000065
:10DBC0000000000000000000000000000000000055
:10DBD0000000000000000000000000000000000045
:10DBE0000000000000000000000000000000000035
:10DBF0000000000000000000000000000000000025
:10DC00000000000000000000000000000000000014
:10DC10000000000000000000000000000000000004
:10DC200000000000000000000000000000000000F4
:10DC300000000000000000000000000000000000E4
:10DC400000000000000000000000000000000000D4
:10DC500000000000000000000000000000000000C4
:10DC600000000000000000000000000000000000B4
:10DC700000000000000000000000000000000000A4
:10DC80000000000000000000000000000000000094
:10DC90000000000000000000000000000000000084
:10DCA0000000000000000000000000000000000074
:10DCB0000000000000000000000000000000000064
:10DCC0000000000000000000000000000000000054
:10DCD0000000000000000000000000000000000044
:10DCE0000000000000000000000000000000000034
:10DCF0000000000000000000000000000000000024
:10DD00000000000000000000000000000000000013
:10DD10000000000000000000000000000000000003
:10DD200000000000000000000000000000000000F3
:10DD300000000000000000000000000000000000E3
:10DD400000000000000000000000000000000000D3
:10DD500000000000000000000000000000000000C3
:10DD600000000000000000000000000000000000B3
:10DD700000000000000000000000000000000000A3
:10DD80000000000000000000000000000000000093
:10DD90000000000000000000000000000000000083
:10DDA0000000000000000000000000000000000073
:10DDB0000000000000000000000000000000000063
:10DDC0000000000000000000000000000000000053
:10DDD0000000000000000000000000000000000043
:10DDE0000000000000000000000000000000000033
:10DDF0000000000000000000000000000000000023
:10DE00000000000000000000000000000000000012
:10DE10000000000000000000000000000000000002
:10DE200000000000000000000000000000000000F2
:10DE300000000000000000000000000000000000E2
:10DE400000000000000000000000000000000000D2
:10DE500000000000000000000000000000000000C2
:10DE600000000000000000000000000000000000B2
:10DE700000000000000000000000000000000000A2
:10DE80000000000000000000000000000000000092
:10DE90000000000000000000000000000000000082
:10DEA0000000000000000000000000000000000072
:10DEB0000000000000000000000000000000000062
:10DEC0000000000000000000000000000000000052
:10DED0000000000000000000000000000000000042
:10DEE0000000000000000000000000000000000032
:10DEF0000000000000000000000000000000000022
:10DF00000000000000000000000000000000000011
:10DF10000000000000000000000000000000000001
:10DF200000000000000000000000000000000000F1
:10DF300000000000000000000000000000000000E1
:10DF400000000000000000000000000000000000D1
:10DF500000000000000000000000000000000000C1
:10DF600000000000000000000000000000000000B1
:10DF700000000000000000000000000000000000A1
:10DF80000000000000000000000000000000000091
:10DF90000000000000000000000000000000000081
:10DFA0000000000000000000000000000000000071
:10DFB0000000000000000000000000000000000061
:10DFC0000000000000000000000000000000000051
:10DFD0000000000000000000000000000000000041
:10DFE0000000000000000000000000000000000031
:10DFF0000000000000000000000000000000000021
:10E000000000000000000000000000000000000010
:10E010000000000000000000000000000000000000
:10E0200000000000000000000000000000000000F0
:10E0300000000000000000000000000000000000E0
:10E0400000000000000000000000000000000000D0
:10E0500000000000000000000000000000000000C0
:10E0600000000000000000000000000000000000B0
:10E0700000000000000000000000000000000000A0
:10E080000000000000000000000000000000000090
:10E090000000000000000000000000000000000080
:10E0A0000000000000000000000000000000000070
:10E0B0000000000000000000000000000000000060
:10E0C0000000000000000000000000000000000050
:10E0D0000000000000000000000000000000000040
:10E0E0000000000000000000000000000000000030
:10E0F0000000000000000000000000000000000020
:10E10000000000000000000000000000000000000F
:10E1100000000000000000000000000000000000FF
:10E1200000000000000000000000000000000000EF
:10E1300000000000000000000000000000000000DF
:10E1400000000000000000000000000000000000CF
:10E1500000000000000000000000000000000000BF
:10E1600000000000000000000000000000000000AF
:10E17000000000000000000000000000000000009F
:10E18000000000000000000000000000000000008F
:10E19000000000000000000000000000000000007F
:10E1A000000000000000000000000000000000006F
:10E1B000000000000000000000000000000000005F
:10E1C000000000000000000000000000000000004F
:10E1D000000000000000000000000000000000003F
:10E1E000000000000000000000000000000000002F
:10E1F000000000000000000000000000000000001F
:10E20000000000000000000000000000000000000E
:10E2100000000000000000000000000000000000FE
:10E2200000000000000000000000000000000000EE
:10E2300000000000000000000000000000000000DE
:10E2400000000000000000000000000000000000CE
:10E2500000000000000000000000000000000000BE
:10E2600000000000000000000000000000000000AE
:10E27000000000000000000000000000000000009E
:10E28000000000000000000000000000000000008E
:10E29000000000000000000000000000000000007E
:10E2A000000000000000000000000000000000006E
:10E2B000000000000000000000000000000000005E
:10E2C000000000000000000000000000000000004E
:10E2D000000000000000000000000000000000003E
:10E2E000000000000000000000000000000000002E
:10E2F000000000000000000000000000000000001E
:10E30000000000000000000000000000000000000D
:10E3100000000000000000000000000000000000FD
:10E3200000000000000000000000000000000000ED
:10E3300000000000000000000000000000000000DD
:10E3400000000000000000000000000000000000CD
:10E3500000000000000000000000000000000000BD
:10E3600000000000000000000000000000000000AD
:10E37000000000000000000000000000000000009D
:10E38000000000000000000000000000000000008D
:10E39000000000000000000000000000000000007D
:10E3A000000000000000000000000000000000006D
:10E3B000000000000000000000000000000000005D
:10E3C000000000000000000000000000000000004D
:10E3D000000000000000000000000000000000003D
:10E3E000000000000000000000000000000000002D
:10E3F000000000000000000000000000000000001D
:10E40000000000000000000000000000000000000C
:10E4100000000000000000000000000000000000FC
:10E4200000000000000000000000000000000000EC
:10E4300000000000000000000000000000000000DC
:10E4400000000000000000000000000000000000CC
:10E4500000000000000000000000000000000000BC
:10E4600000000000000000000000000000000000AC
:10E47000000000000000000000000000000000009C
:10E48000000000000000000000000000000000008C
:10E49000000000000000000000000000000000007C
:10E4A000000000000000000000000000000000006C
:10E4B000000000000000000000000000000000005C
:10E4C000000000000000000000000000000000004C
:10E4D000000000000000000000000000000000003C
:10E4E000000000000000000000000000000000002C
:10E4F000000000000000000000000000000000001C
:10E50000000000000000000000000000000000000B
:10E5100000000000000000000000000000000000FB
:10E5200000000000000000000000000000000000EB
:10E5300000000000000000000000000000000000DB
:10E5400000000000000000000000000000000000CB
:10E5500000000000000000000000000000000000BB
:10E5600000000000000000000000000000000000AB
:10E57000000000000000000000000000000000009B
:10E58000000000000000000000000000000000008B
:10E59000000000000000000000000000000000007B
:10E5A000000000000000000000000000000000006B
:10E5B000000000000000000000000000000000005B
:10E5C000000000000000000000000000000000004B
:10E5D000000000000000000000000000000000003B
:10E5E000000000000000000000000000000000002B
:10E5F000000000000000000000000000000000001B
:10E60000000000000000000000000000000000000A
:10E6100000000000000000000000000000000000FA
:10E6200000000000000000000000000000000000EA
:10E6300000000000000000000000000000000000DA
:10E6400000000000000000000000000000000000CA
:10E6500000000000000000000000000000000000BA
:10E6600000000000000000000000000000000000AA
:10E67000000000000000000000000000000000009A
:10E68000000000000000000000000000000000008A
:10E69000000000000000000000000000000000007A
:10E6A000000000000000000000000000000000006A
:10E6B000000000000000000000000000000000005A
:10E6C000000000000000000000000000000000004A
:10E6D000000000000000000000000000000000003A
:10E6E000000000000000000000000000000000002A
:10E6F000000000000000000000000000000000001A
:10E700000000000000000000000000000000000009
:10E7100000000000000000000000000000000000F9
:10E7200000000000000000000000000000000000E9
:10E7300000000000000000000000000000000000D9
:10E7400000000000000000000000000000000000C9
:10E7500000000000000000000000000000000000B9
:10E7600000000000000000000000000000000000A9
:10E770000000000000000000000000000000000099
:10E780000000000000000000000000000000000089
:10E790000000000000000000000000000000000079
:10E7A0000000000000000000000000000000000069
:10E7B0000000000000000000000000000000000059
:10E7C0000000000000000000000000000000000049
:10E7D0000000000000000000000000000000000039
:10E7E0000000000000000000000000000000000029
:10E7F0000000000000000000000000000000000019
:10E800000000000000000000000000000000000008
:10E8100000000000000000000000000000000000F8
:10E8200000000000000000000000000000000000E8
:10E8300000000000000000000000000000000000D8
:10E8400000000000000000000000000000000000C8
:10E8500000000000000000000000000000000000B8
:10E8600000000000000000000000000000000000A8
:10E870000000000000000000000000000000000098
:10E880000000000000000000000000000000000088
:10E890000000000000000000000000000000000078
:10E8A0000000000000000000000000000000000068
:10E8B0000000000000000000000000000000000058
:10E8C0000000000000000000000000000000000048
:10E8D0000000000000000000000000000000000038
:10E8E0000000000000000000000000000000000028
:10E8F0000000000000000000000000000000000018
:10E900000000000000000000000000000000000007
:10E9100000000000000000000000000000000000F7
:10E9200000000000000000000000000000000000E7
:10E9300000000000000000000000000000000000D7
:10E9400000000000000000000000000000000000C7
:10E9500000000000000000000000000000000000B7
:10E9600000000000000000000000000000000000A7
:10E970000000000000000000000000000000000097
:10E980000000000000000000000000000000000087
:10E990000000000000000000000000000000000077
:10E9A0000000000000000000000000000000000067
:10E9B0000000000000000000000000000000000057
:10E9C0000000000000000000000000000000000047
:10E9D0000000000000000000000000000000000037
:10E9E0000000000000000000000000000000000027
:10E9F0000000000000000000000000000000000017
:10EA00000000000000000000000000000000000006
:10EA100000000000000000000000000000000000F6
:10EA200000000000000000000000000000000000E6
:10EA300000000000000000000000000000000000D6
:10EA400000000000000000000000000000000000C6
:10EA500000000000000000000000000000000000B6
:10EA600000000000000000000000000000000000A6
:10EA70000000000000000000000000000000000096
:10EA80000000000000000000000000000000000086
:10EA90000000000000000000000000000000000076
:10EAA0000000000000000000000000000000000066
:10EAB0000000000000000000000000000000000056
:10EAC0000000000000000000000000000000000046
:10EAD0000000000000000000000000000000000036
:10EAE0000000000000000000000000000000000026
:10EAF0000000000000000000000000000000000016
:10EB00000000000000000000000000000000000005
:10EB100000000000000000000000000000000000F5
:10EB200000000000000000000000000000000000E5
:10EB300000000000000000000000000000000000D5
:10EB400000000000000000000000000000000000C5
:10EB500000000000000000000000000000000000B5
:10EB600000000000000000000000000000000000A5
:10EB70000000000000000000000000000000000095
:10EB80000000000000000000000000000000000085
:10EB90000000000000000000000000000000000075
:10EBA0000000000000000000000000000000000065
:10EBB0000000000000000000000000000000000055
:10EBC0000000000000000000000000000000000045
:10EBD0000000000000000000000000000000000035
:10EBE0000000000000000000000000000000000025
:10EBF0000000000000000000000000000000000015
:10EC00000000000000000000000000000000000004
:10EC100000000000000000000000000000000000F4
:10EC200000000000000000000000000000000000E4
:10EC300000000000000000000000000000000000D4
:10EC400000000000000000000000000000000000C4
:10EC500000000000000000000000000000000000B4
:10EC600000000000000000000000000000000000A4
:10EC70000000000000000000000000000000000094
:10EC80000000000000000000000000000000000084
:10EC90000000000000000000000000000000000074
:10ECA0000000000000000000000000000000000064
:10ECB0000000000000000000000000000000000054
:10ECC0000000000000000000000000000000000044
:10ECD0000000000000000000000000000000000034
:10ECE0000000000000000000000000000000000024
:10ECF0000000000000000000000000000000000014
:10ED00000000000000000000000000000000000003
:10ED100000000000000000000000000000000000F3
:10ED200000000000000000000000000000000000E3
:10ED300000000000000000000000000000000000D3
:10ED400000000000000000000000000000000000C3
:10ED500000000000000000000000000000000000B3
:10ED600000000000000000000000000000000000A3
:10ED70000000000000000000000000000000000093
:10ED80000000000000000000000000000000000083
:10ED90000000000000000000000000000000000073
:10EDA0000000000000000000000000000000000063
:10EDB0000000000000000000000000000000000053
:10EDC0000000000000000000000000000000000043
:10EDD0000000000000000000000000000000000033
:10EDE0000000000000000000000000000000000023
:10EDF0000000000000000000000000000000000013
:10EE00000000000000000000000000000000000002
:10EE100000000000000000000000000000000000F2
:10EE200000000000000000000000000000000000E2
:10EE300000000000000000000000000000000000D2
:10EE400000000000000000000000000000000000C2
:10EE500000000000000000000000000000000000B2
:10EE600000000000000000000000000000000000A2
:10EE70000000000000000000000000000000000092
:10EE80000000000000000000000000000000000082
:10EE90000000000000000000000000000000000072
:10EEA0000000000000000000000000000000000062
:10EEB0000000000000000000000000000000000052
:10EEC0000000000000000000000000000000000042
:10EED0000000000000000000000000000000000032
:10EEE0000000000000000000000000000000000022
:10EEF0000000000000000000000000000000000012
:10EF00000000000000000000000000000000000001
:10EF100000000000000000000000000000000000F1
:10EF200000000000000000000000000000000000E1
:10EF300000000000000000000000000000000000D1
:10EF400000000000000000000000000000000000C1
:10EF500000000000000000000000000000000000B1
:10EF600000000000000000000000000000000000A1
:10EF70000000000000000000000000000000000091
:10EF80000000000000000000000000000000000081
:10EF90000000000000000000000000000000000071
:10EFA0000000000000000000000000000000000061
:10EFB0000000000000000000000000000000000051
:10EFC0000000000000000000000000000000000041
:10EFD0000000000000000000000000000000000031
:10EFE0000000000000000000000000000000000021
:10EFF0000000000000000000000000000000000011
:10F000000000000000000000000000000000000000
:10F0100000000000000000000000000000000000F0
:10F0200000000000000000000000000000000000E0
:10F0300000000000000000000000000000000000D0
:10F0400000000000000000000000000000000000C0
:10F0500000000000000000000000000000000000B0
:10F0600000000000000000000000000000000000A0
:10F070000000000000000000000000000000000090
:10F080000000000000000000000000000000000080
:10F090000000000000000000000000000000000070
:10F0A0000000000000000000000000000000000060
:10F0B0000000000000000000000000000000000050
:10F0C0000000000000000000000000000000000040
:10F0D0000000000000000000000000000000000030
:10F0E0000000000000000000000000000000000020
:10F0F0000000000000000000000000000000000010
:10F1000000000000000000000000000000000000FF
:10F1100000000000000000000000000000000000EF
:10F1200000000000000000000000000000000000DF
:10F1300000000000000000000000000000000000CF
:10F1400000000000000000000000000000000000BF
:10F1500000000000000000000000000000000000AF
:10F16000000000000000000000000000000000009F
:10F17000000000000000000000000000000000008F
:10F18000000000000000000000000000000000007F
:10F19000000000000000000000000000000000006F
:10F1A000000000000000000000000000000000005F
:10F1B000000000000000000000000000000000004F
:10F1C000000000000000000000000000000000003F
:10F1D000000000000000000000000000000000002F
:10F1E000000000000000000000000000000000001F
:10F1F000000000000000000000000000000000000F
:10F2000000000000000000000000000000000000FE
:10F2100000000000000000000000000000000000EE
:10F2200000000000000000000000000000000000DE
:10F2300000000000000000000000000000000000CE
:10F2400000000000000000000000000000000000BE
:10F2500000000000000000000000000000000000AE
:10F26000000000000000000000000000000000009E
:10F27000000000000000000000000000000000008E
:10F28000000000000000000000000000000000007E
:10F29000000000000000000000000000000000006E
:10F2A000000000000000000000000000000000005E
:10F2B000000000000000000000000000000000004E
:10F2C000000000000000000000000000000000003E
:10F2D000000000000000000000000000000000002E
:10F2E000000000000000000000000000000000001E
:10F2F000000000000000000000000000000000000E
:10F3000000000000000000000000000000000000FD
:10F3100000000000000000000000000000000000ED
:10F3200000000000000000000000000000000000DD
:10F3300000000000000000000000000000000000CD
:10F3400000000000000000000000000000000000BD
:10F3500000000000000000000000000000000000AD
:10F36000000000000000000000000000000000009D
:10F37000000000000000000000000000000000008D
:10F38000000000000000000000000000000000007D
:10F39000000000000000000000000000000000006D
:10F3A000000000000000000000000000000000005D
:10F3B000000000000000000000000000000000004D
:10F3C000000000000000000000000000000000003D
:10F3D000000000000000000000000000000000002D
:10F3E000000000000000000000000000000000001D
:10F3F000000000000000000000000000000000000D
:10F4000000000000000000000000000000000000FC
:10F4100000000000000000000000000000000000EC
:10F4200000000000000000000000000000000000DC
:10F4300000000000000000000000000000000000CC
:10F4400000000000000000000000000000000000BC
:10F4500000000000000000000000000000000000AC
:10F46000000000000000000000000000000000009C
:10F47000000000000000000000000000000000008C
:10F48000000000000000000000000000000000007C
:10F49000000000000000000000000000000000006C
:10F4A000000000000000000000000000000000005C
:10F4B000000000000000000000000000000000004C
:10F4C000000000000000000000000000000000003C
:10F4D000000000000000000000000000000000002C
:10F4E000000000000000000000000000000000001C
:10F4F000000000000000000000000000000000000C
:10F5000000000000000000000000000000000000FB
:10F5100000000000000000000000000000000000EB
:10F5200000000000000000000000000000000000DB
:10F5300000000000000000000000000000000000CB
:10F5400000000000000000000000000000000000BB
:10F5500000000000000000000000000000000000AB
:10F56000000000000000000000000000000000009B
:10F57000000000000000000000000000000000008B
:10F58000000000000000000000000000000000007B
:10F59000000000000000000000000000000000006B
:10F5A000000000000000000000000000000000005B
:10F5B000000000000000000000000000000000004B
:10F5C000000000000000000000000000000000003B
:10F5D000000000000000000000000000000000002B
:10F5E000000000000000000000000000000000001B
:10F5F000000000000000000000000000000000000B
:10F6000000000000000000000000000000000000FA
:10F6100000000000000000000000000000000000EA
:10F6200000000000000000000000000000000000DA
:10F6300000000000000000000000000000000000CA
:10F6400000000000000000000000000000000000BA
:10F6500000000000000000000000000000000000AA
:10F66000000000000000000000000000000000009A
:10F67000000000000000000000000000000000008A
:10F68000000000000000000000000000000000007A
:10F69000000000000000000000000000000000006A
:10F6A000000000000000000000000000000000005A
:10F6B000000000000000000000000000000000004A
:10F6C000000000000000000000000000000000003A
:10F6D000000000000000000000000000000000002A
:10F6E000000000000000000000000000000000001A
:10F6F000000000000000000000000000000000000A
:10F7000000000000000000000000000000000000F9
:10F7100000000000000000000000000000000000E9
:10F7200000000000000000000000000000000000D9
:10F7300000000000000000000000000000000000C9
:10F7400000000000000000000000000000000000B9
:10F7500000000000000000000000000000000000A9
:10F760000000000000000000000000000000000099
:10F770000000000000000000000000000000000089
:10F780000000000000000000000000000000000079
:10F790000000000000000000000000000000000069
:10F7A0000000000000000000000000000000000059
:10F7B0000000000000000000000000000000000049
:10F7C0000000000000000000000000000000000039
:10F7D0000000000000000000000000000000000029
:10F7E0000000000000000000000000000000000019
:10F7F0000000000000000000000000000000000009
:10F8000000000000000000000000000000000000F8
:10F8100000000000000000000000000000000000E8
:10F8200000000000000000000000000000000000D8
:10F8300000000000000000000000000000000000C8
:10F8400000000000000000000000000000000000B8
:10F8500000000000000000000000000000000000A8
:10F860000000000000000000000000000000000098
:10F870000000000000000000000000000000000088
:10F880000000000000000000000000000000000078
:10F890000000000000000000000000000000000068
:10F8A0000000000000000000000000000000000058
:10F8B0000000000000000000000000000000000048
:10F8C0000000000000000000000000000000000038
:10F8D0000000000000000000000000000000000028
:10F8E0000000000000000000000000000000000018
:10F8F0000000000000000000000000000000000008
:10F9000000000000000000000000000000000000F7
:10F9100000000000000000000000000000000000E7
:10F9200000000000000000000000000000000000D7
:10F9300000000000000000000000000000000000C7
:10F9400000000000000000000000000000000000B7
:10F9500000000000000000000000000000000000A7
:10F960000000000000000000000000000000000097
:10F970000000000000000000000000000000000087
:10F980000000000000000000000000000000000077
:10F990000000000000000000000000000000000067
:10F9A0000000000000000000000000000000000057
:10F9B0000000000000000000000000000000000047
:10F9C0000000000000000000000000000000000037
:10F9D0000000000000000000000000000000000027
:10F9E0000000000000000000000000000000000017
:10F9F0000000000000000000000000000000000007
:10FA000000000000000000000000000000000000F6
:10FA100000000000000000000000000000000000E6
:10FA200000000000000000000000000000000000D6
:10FA300000000000000000000000000000000000C6
:10FA400000000000000000000000000000000000B6
:10FA500000000000000000000000000000000000A6
:10FA60000000000000000000000000000000000096
:10FA70000000000000000000000000000000000086
:10FA80000000000000000000000000000000000076
:10FA90000000000000000000000000000000000066
:10FAA0000000000000000000000000000000000056
:10FAB0000000000000000000000000000000000046
:10FAC0000000000000000000000000000000000036
:10FAD0000000000000000000000000000000000026
:10FAE0000000000000000000000000000000000016
:10FAF0000000000000000000000000000000000006
:10FB000000000000000000000000000000000000F5
:10FB100000000000000000000000000000000000E5
:10FB200000000000000000000000000000000000D5
:10FB300000000000000000000000000000000000C5
:10FB400000000000000000000000000000000000B5
:10FB500000000000000000000000000000000000A5
:10FB60000000000000000000000000000000000095
:10FB70000000000000000000000000000000000085
:10FB80000000000000000000000000000000000075
:10FB90000000000000000000000000000000000065
:10FBA0000000000000000000000000000000000055
:10FBB0000000000000000000000000000000000045
:10FBC0000000000000000000000000000000000035
:10FBD0000000000000000000000000000000000025
:10FBE0000000000000000000000000000000000015
:10FBF0000000000000000000000000000000000005
:10FC000000000000000000000000000000000000F4
:10FC100000000000000000000000000000000000E4
:10FC200000000000000000000000000000000000D4
:10FC300000000000000000000000000000000000C4
:10FC400000000000000000000000000000000000B4
:10FC500000000000000000000000000000000000A4
:10FC60000000000000000000000000000000000094
:10FC70000000000000000000000000000000000084
:10FC80000000000000000000000000000000000074
:10FC90000000000000000000000000000000000064
:10FCA0000000000000000000000000000000000054
:10FCB0000000000000000000000000000000000044
:10FCC0000000000000000000000000000000000034
:10FCD0000000000000000000000000000000000024
:10FCE0000000000000000000000000000000000014
:10FCF0000000000000000000000000000000000004
:10FD000000000000000000000000000000000000F3
:10FD100000000000000000000000000000000000E3
:10FD200000000000000000000000000000000000D3
:10FD300000000000000000000000000000000000C3
:10FD400000000000000000000000000000000000B3
:10FD500000000000000000000000000000000000A3
:10FD60000000000000000000000000000000000093
:10FD70000000000000000000000000000000000083
:10FD80000000000000000000000000000000000073
:10FD90000000000000000000000000000000000063
:10FDA0000000000000000000000000000000000053
:10FDB0000000000000000000000000000000000043
:10FDC0000000000000000000000000000000000033
:10FDD0000000000000000000000000000000000023
:10FDE0000000000000000000000000000000000013
:10FDF0000000000000000000000000000000000003
:10FE000000000000000000000000000000000000F2
:10FE100000000000000000000000000000000000E2
:10FE200000000000000000000000000000000000D2
:10FE300000000000000000000000000000000000C2
:10FE400000000000000000000000000000000000B2
:10FE500000000000000000000000000000000000A2
:10FE60000000000000000000000000000000000092
:10FE70000000000000000000000000000000000082
:10FE80000000000000000000000000000000000072
:10FE90000000000000000000000000000000000062
:10FEA0000000000000000000000000000000000052
:10FEB0000000000000000000000000000000000042
:10FEC0000000000000000000000000000000000032
:10FED0000000000000000000000000000000000022
:10FEE0000000000000000000000000000000000012
:10FEF0000000000000000000000000000000000002
:10FF000000000000000000000000000000000000F1
:10FF100000000000000000000000000000000000E1
:10FF200000000000000000000000000000000000D1
:10FF300000000000000000000000000000000000C1
:10FF400000000000000000000000000000000000B1
:10FF500000000000000000000000000000000000A1
:10FF60000000000000000000000000000000000091
:10FF70000000000000000000000000000000000081
:10FF80000000000000000000000000000000000071
:10FF90000000000000000000000000000000000061
:10FFA0000000000000000000000000000000000051
:10FFB0000000000000000000000000000000000041
:10FFC0000000000000000000000000000000000031
:10FFD0000000000000000000000000000000000021
:10FFE0000000000000000000000000000000000011
:10FFF0000000000000000000000000000000000001
:020000040802F0
:1000000000000000000000000000000000000000F0
:1000100000000000000000000000000000000000E0
:1000200000000000000000000000000000000000D0
:1000300000000000000000000000000000000000C0
:1000400000000000000000000000000000000000B0
:1000500000000000000000000000000000000000A0
:100060000000000000000000000000000000000090
:100070000000000000000000000000000000000080
:100080000000000000000000000000000000000070
:100090000000000000000000000000000000000060
:1000A0000000000000000000000000000000000050
:1000B0000000000000000000000000000000000040
:1000C0000000000000000000000000000000000030
:1000D0000000000000000000000000000000000020
:1000E0000000000000000000000000000000000010
:1000F0000000000000000000000000000000000000
:1001000000000000000000000000000000000000EF
:1001100000000000000000000000000000000000DF
:1001200000000000000000000000000000000000CF
:1001300000000000000000000000000000000000BF
:1001400000000000000000000000000000000000AF
:10015000000000000000000000000000000000009F
:10016000000000000000000000000000000000008F
:10017000000000000000000000000000000000007F
:10018000000000000000000000000000000000006F
:10019000000000000000000000000000000000005F
:1001A000000000000000000000000000000000004F
:1001B000000000000000000000000000000000003F
:1001C000000000000000000000000000000000002F
:1001D000000000000000000000000000000000001F
:1001E000000000000000000000000000000000000F
:1001F00000000000000000000000000000000000FF
:1002000000000000000000000000000000000000EE
:1002100000000000000000000000000000000000DE
:1002200000000000000000000000000000000000CE
:1002300000000000000000000000000000000000BE
:1002400000000000000000000000000000000000AE
:10025000000000000000000000000000000000009E
:10026000000000000000000000000000000000008E
:10027000000000000000000000000000000000007E
:10028000000000000000000000000000000000006E
:10029000000000000000000000000000000000005E
:1002A000000000000000000000000000000000004E
:1002B000000000000000000000000000000000003E
:1002C000000000000000000000000000000000002E
:1002D000000000000000000000000000000000001E
:1002E000000000000000000000000000000000000E
:1002F00000000000000000000000000000000000FE
:1003000000000000000000000000000000000000ED
:1003100000000000000000000000000000000000DD
:1003200000000000000000000000000000000000CD
:1003300000000000000000000000000000000000BD
:1003400000000000000000000000000000000000AD
:10035000000000000000000000000000000000009D
:10036000000000000000000000000000000000008D
:10037000000000000000000000000000000000007D
:10038000000000000000000000000000000000006D
:10039000000000000000000000000000000000005D
:1003A000000000000000000000000000000000004D
:1003B000000000000000000000000000000000003D
:1003C000000000000000000000000000000000002D
:1003D000000000000000000000000000000000001D
:1003E000000000000000000000000000000000000D
:1003F00000000000000000000000000000000000FD
:1004000000000000000000000000000000000000EC
:1004100000000000000000000000000000000000DC
:1004200000000000000000000000000000000000CC
:1004300000000000000000000000000000000000BC
:1004400000000000000000000000000000000000AC
:10045000000000000000000000000000000000009C
:10046000000000000000000000000000000000008C
:10047000000000000000000000000000000000007C
:10048000000000000000000000000000000000006C
:10049000000000000000000000000000000000005C
:1004A000000000000000000000000000000000004C
:1004B000000000000000000000000000000000003C
:1004C000000000000000000000000000000000002C
:1004D000000000000000000000000000000000001C
:1004E000000000000000000000000000000000000C
:1004F00000000000000000000000000000000000FC
:1005000000000000000000000000000000000000EB
:1005100000000000000000000000000000000000DB
:1005200000000000000000000000000000000000CB
:1005300000000000000000000000000000000000BB
:1005400000000000000000000000000000000000AB
:10055000000000000000000000000000000000009B
:10056000000000000000000000000000000000008B
:10057000000000000000000000000000000000007B
:10058000000000000000000000000000000000006B
:10059000000000000000000000000000000000005B
:1005A000000000000000000000000000000000004B
:1005B000000000000000000000000000000000003B
:1005C000000000000000000000000000000000002B
:1005D000000000000000000000000000000000001B
:1005E000000000000000000000000000000000000B
:1005F00000000000000000000000000000000000FB
:1006000000000000000000000000000000000000EA
:1006100000000000000000000000000000000000DA
:1006200000000000000000000000000000000000CA
:1006300000000000000000000000000000000000BA
:1006400000000000000000000000000000000000AA
:10065000000000000000000000000000000000009A
:10066000000000000000000000000000000000008A
:10067000000000000000000000000000000000007A
:10068000000000000000000000000000000000006A
:10069000000000000000000000000000000000005A
:1006A000000000000000000000000000000000004A
:1006B000000000000000000000000000000000003A
:1006C000000000000000000000000000000000002A
:1006D000000000000000000000000000000000001A
:1006E000000000000000000000000000000000000A
:1006F00000000000000000000000000000000000FA
:1007000000000000000000000000000000000000E9
:1007100000000000000000000000000000000000D9
:1007200000000000000000000000000000000000C9
:1007300000000000000000000000000000000000B9
:1007400000000000000000000000000000000000A9
:100750000000000000000000000000000000000099
:100760000000000000000000000000000000000089
:100770000000000000000000000000000000000079
:100780000000000000000000000000000000000069
:100790000000000000000000000000000000000059
:1007A0000000000000000000000000000000000049
:1007B0000000000000000000000000000000000039
:1007C0000000000000000000000000000000000029
:1007D0000000000000000000000000000000000019
:1007E0000000000000000000000000000000000009
:1007F00000000000000000000000000000000000F9
:1008000000000000000000000000000000000000E8
:1008100000000000000000000000000000000000D8
:1008200000000000000000000000000000000000C8
:1008300000000000000000000000000000000000B8
:1008400000000000000000000000000000000000A8
:100850000000000000000000000000000000000098
:100860000000000000000000000000000000000088
:100870000000000000000000000000000000000078
:100880000000000000000000000000000000000068
:100890000000000000000000000000000000000058
:1008A0000000000000000000000000000000000048
:1008B0000000000000000000000000000000000038
:1008C0000000000000000000000000000000000028
:1008D0000000000000000000000000000000000018
:1008E0000000000000000000000000000000000008
:1008F00000000000000000000000000000000000F8
:1009000000000000000000000000000000000000E7
:1009100000000000000000000000000000000000D7
:1009200000000000000000000000000000000000C7
:1009300000000000000000000000000000000000B7
:1009400000000000000000000000000000000000A7
:100950000000000000000000000000000000000097
:100960000000000000000000000000000000000087
:100970000000000000000000000000000000000077
:100980000000000000000000000000000000000067
:100990000000000000000000000000000000000057
:1009A0000000000000000000000000000000000047
:1009B0000000000000000000000000000000000037
:1009C0000000000000000000000000000000000027
:1009D0000000000000000000000000000000000017
:1009E0000000000000000000000000000000000007
:1009F00000000000000000000000000000000000F7
:100A000000000000000000000000000000000000E6
:100A100000000000000000000000000000000000D6
:100A200000000000000000000000000000000000C6
:100A300000000000000000000000000000000000B6
:100A400000000000000000000000000000000000A6
:100A50000000000000000000000000000000000096
:100A60000000000000000000000000000000000086
:100A70000000000000000000000000000000000076
:100A80000000000000000000000000000000000066
:100A90000000000000000000000000000000000056
:100AA0000000000000000000000000000000000046
:100AB0000000000000000000000000000000000036
:100AC0000000000000000000000000000000000026
:100AD0000000000000000000000000000000000016
:100AE0000000000000000000000000000000000006
:100AF00000000000000000000000000000000000F6
:100B000000000000000000000000000000000000E5
:100B100000000000000000000000000000000000D5
:100B200000000000000000000000000000000000C5
:100B300000000000000000000000000000000000B5
:100B400000000000000000000000000000000000A5
:100B50000000000000000000000000000000000095
:100B60000000000000000000000000000000000085
:100B70000000000000000000000000000000000075
:100B80000000000000000000000000000000000065
:100B90000000000000000000000000000000000055
:100BA0000000000000000000000000000000000045
:100BB0000000000000000000000000000000000035
:100BC0000000000000000000000000000000000025
:100BD0000000000000000000000000000000000015
:100BE0000000000000000000000000000000000005
:100BF00000000000000000000000000000000000F5
:100C000000000000000000000000000000000000E4
:100C100000000000000000000000000000000000D4
:100C200000000000000000000000000000000000C4
:100C300000000000000000000000000000000000B4
:100C400000000000000000000000000000000000A4
:100C50000000000000000000000000000000000094
:100C60000000000000000000000000000000000084
:100C70000000000000000000000000000000000074
:100C80000000000000000000000000000000000064
:100C90000000000000000000000000000000000054
:100CA0000000000000000000000000000000000044
:100CB0000000000000000000000000000000000034
:100CC0000000000000000000000000000000000024
:100CD0000000000000000000000000000000000014
:100CE0000000000000000000000000000000000004
:100CF00000000000000000000000000000000000F4
:100D000000000000000000000000000000000000E3
:100D100000000000000000000000000000000000D3
:100D200000000000000000000000000000000000C3
:100D300000000000000000000000000000000000B3
:100D400000000000000000000000000000000000A3
:100D50000000000000000000000000000000000093
:100D60000000000000000000000000000000000083
:100D70000000000000000000000000000000000073
:100D80000000000000000000000000000000000063
:100D90000000000000000000000000000000000053
:100DA0000000000000000000000000000000000043
:100DB0000000000000000000000000000000000033
:100DC0000000000000000000000000000000000023
:100DD0000000000000000000000000000000000013
:100DE0000000000000000000000000000000000003
:100DF00000000000000000000000000000000000F3
:100E000000000000000000000000000000000000E2
:100E100000000000000000000000000000000000D2
:100E200000000000000000000000000000000000C2
:100E300000000000000000000000000000000000B2
:100E400000000000000000000000000000000000A2
:100E50000000000000000000000000000000000092
:100E60000000000000000000000000000000000082
:100E70000000000000000000000000000000000072
:100E80000000000000000000000000000000000062
:100E90000000000000000000000000000000000052
:100EA0000000000000000000000000000000000042
:100EB0000000000000000000000000000000000032
:100EC0000000000000000000000000000000000022
:100ED0000000000000000000000000000000000012
:100EE0000000000000000000000000000000000002
:100EF00000000000000000000000000000000000F2
:100F000000000000000000000000000000000000E1
:100F100000000000000000000000000000000000D1
:100F200000000000000000000000000000000000C1
:100F300000000000000000000000000000000000B1
:100F400000000000000000000000000000000000A1
:100F50000000000000000000000000000000000091
:100F60000000000000000000000000000000000081
:100F70000000000000000000000000000000000071
:100F80000000000000000000000000000000000061
:100F90000000000000000000000000000000000051
:100FA0000000000000000000000000000000000041
:100FB0000000000000000000000000000000000031
:100FC0000000000000000000FB21F93FFB21094068
:100FD0007CD91240FB2119407A6A1F407CD92240FB
:100FE000BBFD2540FB2129403A462C407A6A2F4020
:100FF0005C4731407CD932409C6B3440BBFD35406E
:10100000DB8F3740FB2139401BB43A403A463C4025
:101010005AD83D407A6A3F404C7E40405C47414050
:101020006C1042407CD942408CA243409C6B4440AF
:10103000AC344540BBFD4540CBC64640DB8F474006
:10104000EB584840FB21494083F9A200444E6E0012
:10105000FC291500D1572700DD34F50062DBC00004
:101060003C999500419043006351FE00BBDEAB000C
:10107000B761C5003A6E2400D24D42004906E00037
:1010800009EA2E001C92D100EB1DFE0029B11C00C4
:10109000E83EA700F535820044BB2E009CE98400A1
:1010A000B4267000417E5F00D69139005383390029
:1010B0009CF439008B5F840028F9BD00F81F3B00C9
:1010C000DEFF97000F980500112FEF000A5A8B00E2
:1010D0006D1F6D00CF7E360009CB2700464FB7004D
:1010E0009E663F002DEA5F00BA277500E5EBC7005A
:1010F0003D7BF100F739070092528A00FB6BEA0052
:101100001FB15F00085D8D00300356007BFC460078
:10111000F0AB6B0020BCCF0036F49A00E3A91D00B1
:101120005E619100081BE60085996500A0145F00D0
:101130008D40680080D8FF0027734D0006063100FF
:10114000CA561500C9A873007BE260006B8CC00012
:10115000D1F71737D1F717B78071313F807131BFA1
:101160000000003F000000BF00000040FB21F93FED
:10117000000000002D44743E000000809846F83CBA
:101180000000006051CC783B00000080831BF039E8
:101190000000004020257A38000000802282E336DB
:1011A000000000001DF3693502000000030000008C
:1011B0000400000006000000494E4600696E66000B
:1011C0004E414E006E616E003000303132333435A6
:1011D00036373839414243444546003031323334A2
:1011E000353637383961626364656600496E666911
:1011F0006E697479004E614E005245454E54206D23
:10120000616C6C6F6320737563636565646564000E
:101210002F646174612F6A656E6B696E732F776FCF
:10122000726B73706163652F474E552D746F6F6CD1
:10123000636861696E2F61726D2D31342F73726333
:101240002F6E65776C69622D63796777696E2F6E93
:1012500065776C69622F6C6962632F7374646C6963
:10126000622F64746F612E630042616C6C6F632047
:10127000737563636565646564002F646174612FD1
:101280006A656E6B696E732F776F726B73706163D3
:10129000652F474E552D746F6F6C636861696E2FB3
:1012A00061726D2D31342F7372632F6E65776C69A7
:1012B000622D63796777696E2F6E65776C69622F2F
:1012C0006C6962632F7374646C69622F6D707265F0
:1012D000632E6300232D302B2000686C4C00656664
:1012E00067454647004300504F534958002E002C95
:1012F0002066756E6374696F6E3A20006173736562
:101300007274696F6E2022257322206661696C6594
:10131000643A2066696C6520222573222C206C6952
:101320006E65202564257325730A00000500000002
:10133000190000007D0000000080E03779C34143C0
:10134000176E05B5B5B89346F5F93FE9034F384D2B
:10135000321D30F94877825A3CBF737FDD4F1575D7
:10136000000000000000F03F0000000000002440EA
:1013700000000000000059400000000000408F40C5
:10138000000000000088C34000000000006AF84030
:101390000000000080842E4100000000D012634154
:1013A0000000000084D797410000000065CDCD41CA
:1013B000000000205FA00242000000E876483742AB
:1013C000000000A2941A6D42000040E59C30A24249
:1013D0000000901EC4BCD64200003426F56B0C43BE
:1013E0000080E03779C3414300A0D8855734764365
:1013F00000C84E676DC1AB43003D9160E458E143C6
:10140000408CB5781DAF154450EFE2D6E41A4B443A
:1014100092D54D06CFF08044F64AE1C7022DB5447F
:10142000B49DD9794378EA44002020202020202050
:101430002020282828282820202020202020202084
:101440002020202020202020208810101010101094
:1014500010101010101010101004040404040404E0
:10146000040404101010101010104141414141417A
:10147000010101010101010101010101010101015C
:10148000010101011010101010104242424242426C
:10149000020202020202020202020202020202022C
:1014A00002020202101010102000000000000000D4
:1014B000000000000000000000000000000000002C
:1014C000000000000000000000000000000000001C
:1014D000000000000000000000000000000000000C
:1014E00000000000000000000000000000000000FC
:1014F00000000000000000000000000000000000EC
:1015000000000000000000000000000000000000DB
:1015100000000000000000000000000000000000CB
:1015200000000000000000000000000000000000BB
:08153000A0F8FD7F010000009E
:08153800E90E000800000000AC
:08154000C10E000800000000CC
:1015480000093D001000000001000000400484086C
:101558006400000000000000000000004004840057
:10156800100000000000000000000000400484009B
:101578000800000000000000000000004004840093
:101588000300000000000000000000004004840880
:101598000300000000000000000000004004840078
:1015A8004006000000000000000000004010840019
:1015B800100000000000000000000000400484004B
:1015C80080000000000000000000000040108400BF
:1015D8000800000000000000000000004004840033
:1015E8001800000000000000000000004010840007
:1015F8000300000000000000000000004008840014
:10160800B400000000000000000000004008840052
:1016180038000000000000000000000040088400BE
:1016280017000000000000000000000040108400C7
:10163800F8000000000000000000000001000000A9
:10164800100000000100000001000000040000007C
:1016580004000000400000004000000000000000FE
:101668000000000101040000FC000020020400004A
:101678000C0100206C000020010000001000000098
:10168800010000000100000001000000010000004E
:101698001000000010000000D4ED00080100010156
:1016A8000104000038010020020400004801002065
:1016B8001C00002001000000B40000000100000030
:1016C80001000000020000000200000068010000A4
:1016D8006801000000000000020000010104000091
:1016E800740100200204000084010020BC000020D6
:1016F800640000001000000001000000010000006C
:1017080001000000640000004006000040060000E0
:1017180034EE00080300010101040000B0010020BC
:1017280002040000C00100205C000020010000004D
:101738000800000001000000010000000400000093
:10174800040000002000000020000000000000004D
:101758000400000101040000EC0100200204000064
:10176800FC0100208C00002001000000080000009F
:10177800010000000100000001000000010000005D
:1017880008000000080000004CEE000805000101F8
:101798000104000028020020020400003802002092
:1017A8002C000020010000003800000001000000AB
:1017B80001000000020000000200000070000000AC
:1017C8007000000000000000060000010104000095
:1017D800640200200204000074020020CC000020F3
:1017E80010000000080000000100000001000000D7
:1017F80001000000100000008000000080000000D0
:1018080084EE00080700010101040000A002002086
:1018180002040000B00200207C000020010000004B
:1018280003000000010000000100000004000000A7
:10183800040000000C0000000C0000000000000084
:101848000800000101040000DC020020020400007E
:10185800EC020020AC0000200100000003000000A2
:10186800010000000100000001000000010000006C
:1018780003000000030000009CEE000809000101BD
:1018880001040000180300200204000028030020BF
:101898003C000020010000001700000001000000CB
:1018A8000100000002000000020000002E000000FD
:1018B8002E000000000000000A00000101040000E2
:1018C800540300200204000064030020DC00002010
:1018D80008000000030000000100000001000000F3
:1018E80001000000080000001800000018000000B7
:1018F800BCEE00080B000101010400009003002069
:1019080002040000A00300209C0000200100000049
:1019180003000000010000000100000001000000B9
:10192800010000000300000003000000D4EE0008DE
:101938000C00010101040000CC0300200204000097
:10194800DC0300204C00002001000000F80000002B
:101958000100000001000000040000000400000075
:10196800E0030000E0030000000000000D0000019B
:1019780001040000080400200204000018040020EC
:10198800EC000020010000006400000001000000DD
:1019980001000000010000000100000064000000D8
:1019A80064000000ECEE00080E00010101040000D4
:1019B8004404002002040000540400200C0000200D
:1019C80038030020EC030020280400200100000058
:1019D80080040020000000000100000084040020B2
:1019E8000000000000000000580C0020000000006B
:1019F8000100000088040020000000000C01030022
:101A0800000000000000000000000000BC040020EE
:101A18004978000810EF000800EF000801000000F6
:101A28004802002038030020B0030020FC020020F8
:101A38007403002001000000E00400200000000002
:101A480001000000E4040020000000000200000083
:101A5800E80400200000000001000000F00400205D
:101A68000000000004010200000000000000000067
:101A780000000000BC0400204976000818EF0008A8
:101A88005801002048020020C00200200C0200205B
:101A98008402002001000000400500200000000032
:101AA80001000000440500200000000002000000C2
:101AB800480500200000000001000000500500203B
:101AC8000000000004010100000000000000000008
:101AD80000000000240500204976000820EF0008D7
:101AE8006404002058010020D00100201C010020BF
:101AF8009401002001000000A00500200000000063
:101B080001000000A4050020000000000200000001
:101B1800A80500200000000001000000B00500201A
:101B280000000000040100000000000000000000A8
:101B380000000000840500204976000828EF00080E
:101B4800010000004407000001000000010000003F
:101B58004004040000000000000000000000000035
:101B680044070000010400000006002001000000F6
:101B7800E40300000100000001000000400404002C
:101B8800000000000000000000000000E403000066
:101B9800010400002C06002064040020780C0020BA
:101BA8005C0C0020880C0020EC030020AC0C00200A
:101BB800900C0020BC0C00200100000058060020FA
:101BC8005C06002001000000680600206C0600206A
:101BD8000001C0A16F0EC31E00000000000000003D
:101BE800000000000000000000000000DECAFAA1AA
:101BF8000000010010060020000001003C06002043
:101C08000200000078060020E40500200000000023
:101C180000000000000000000000000001000000BB
:101C2800E40300000100000001000000400404007B
:101C3800000000000000000000000000E4030000B5
:101C480001040000DC060020010000004407000039
:101C580001000000010000004004040040EF0008FB
:101C6800000000000000000044070000010400001C
:101C780008070020E00C002088F6000848540108F6
:101C880008B2010848DF000850DF000858DF0008E4
:101C98000000000003000000DC10002060070020A6
:101CA80000000000DC10002044110020AC110020CE
:101CB800000000000000000000000000000000001C
:101CC800000000000000000000000000000000000C
:101CD80000000000000000000000000000000000FC
:101CE80000000000000000000000000043000000A9
:101CF80000000000000000000000000000000000DC
:101D08000000000000000000000000004300000088
:101D180000000000000000000000000000000000BB
:101D28000000000000000000000000004300000068
:101D3800000000000000000000000000000000009B
:101D48000000000000000000000000004300000048
:101D5800000000000000000000000000000000007B
:101D68000000000000000000000000004300000028
:101D7800000000000000000000000000000000005B
:101D88000000000000000000000000004300000008
:101D9800000000000000000000000000000000003B
:101DA80000000000000000000000000043000000E8
:101DB800000000000000000000000000000000001B
:101DC8000000000000000000000000006DDD0008B9
:101DD80049DD00080000000028140208ED1202087E
:101DE8002A1302082A1302082A1302082A130208CF
:101DF8002A1302082A1302082A1302082A130208BF
:101E08002A130208FFFFFFFFFFFFFFFFFFFFFFFF8F
:101E1800FFFF000001004153434949000000000052
:101E280000000000000000000000000000000000AA
:101E38000000000000004153434949000000000031
:101E4800000000000000000000000000000000008A
:081E5800000000000000000082
:040000050800657D0D
:00000001FF
